patient_id,tp_in,tp_out,used,gx,gy,gz,ex,ey,ez,shift_vox,tensor_anisotropy_frac,abs_cos,reason
PatientID_0003,1,2,True,3.5610002644890386,2.660909346381459,6.123976448077496,-0.48569292398271713,0.8635628972058504,0.13550463520690237,7.5673145150680154,0.3540894216001183,0.1847600156474036,
PatientID_0003,2,5,True,2.135350161945908,-3.102036309483111,-5.870321184150971,-0.3826267855069854,0.9078539542522499,0.17145827702722527,6.974454844972879,0.35427343522222937,0.6652495940052889,
PatientID_0005,3,4,True,0.13507823647488237,3.8668202374906286,-0.43060049819826673,-0.3048672518431918,0.9225110001206588,0.23670533033702812,3.8930658443037975,0.3458574078427118,0.8795324758447243,
PatientID_0006,2,4,True,-2.9764299182903855,-3.2734129478315452,1.5740886235072296,-0.023419819359745415,-0.9904388885911479,-0.1359496966803838,4.695968737138291,0.3670597745693439,0.6596777439254006,
PatientID_0006,4,5,True,2.893014147225408,11.462202286633683,12.149110618138678,-0.05931015034170285,-0.9777049861237903,-0.20143303148968394,16.95147488944625,0.3687376259615465,0.8155909561554789,
PatientID_0006,5,6,True,-2.4176069921077854,0.775589120489002,4.243139739659526,-0.1675739384417671,-0.9330640986390193,-0.31829288868284467,4.94475448352972,0.36487872752389083,0.33755116633843213,
PatientID_0007,4,5,True,2.0238407637977645,0.8417757739873224,1.9673166578264158,0.3317602160502398,-0.9428975094436505,-0.029655450279158724,2.9453102931682382,0.3634345380204688,0.061324639886773946,
PatientID_0007,5,6,False,,,,,,,,,,growth region < 30 voxels
PatientID_0008,4,6,True,6.1350397840336655,-4.088434388930565,-6.066151274913899,-0.009527076584265382,0.9698227664713622,0.24362478618890637,9.547366139119491,0.36315139764520393,0.5762186628915777,
PatientID_0010,1,4,True,0.24319158293582177,9.121401265266073,11.063906086132818,-0.034797145396590755,-0.9888272819821353,-0.14494745627319838,14.341168748424067,0.3689465277604354,0.7413369177927643,
PatientID_0010,4,5,True,-3.3554333740876032,0.37221681272313845,3.7045915665502562,-0.17302455463968305,-0.9268627473240163,-0.33314854211705003,5.012132994900472,0.36543758862949627,0.19923669483979572,
PatientID_0011,1,2,True,-2.680821029387623,-2.289263604954165,9.13263484499749,0.07891799544171291,0.9573596829420696,-0.2779107545103663,9.789410015758712,0.34290136685571293,0.5047567864941398,
PatientID_0012,2,3,True,-1.2647172329286605,3.1443281620110355,5.968125362674421,0.24293476449267842,0.9664712151997484,-0.08316303500479338,6.86329582739081,0.3448449762485274,0.32569359012970733,
PatientID_0013,1,2,True,-1.8131538930306448,1.6949979971485476,-3.792692534774627,-0.10281722051110169,-0.9686627946761739,-0.22609955633860912,4.532666093314724,0.3581373576344319,0.1319161706371297,
PatientID_0013,2,4,True,-0.2770582322340971,-8.74551156445569,0.30063878968115887,-0.1832208040053376,-0.9779132454875181,-0.10057743921828084,8.755062390979166,0.3550026436235995,0.9791908460582778,
PatientID_0013,4,5,True,-6.219700715513866,3.7611370386084033,2.3634127746179203,-0.24615908681104928,-0.9419431405741187,-0.2283611698728923,7.643071945035116,0.3549425577843709,0.33382560184706994,
PatientID_0014,1,2,True,-0.4801927194860838,2.4479389721627456,2.158056745182016,-0.5056751889170582,-0.6324792699580734,-0.5867389337575954,3.298514692207121,0.36328038069679647,0.7796433435948724,
PatientID_0014,2,3,True,-1.4108591652794615,-4.401628649840291,0.6752298255875004,-0.33772565334644394,-0.5812197683657809,-0.7403546203898139,4.671273238926497,0.35004352490264223,0.5426544898602442,
PatientID_0014,3,4,True,0.33105911198763494,2.9258568306593418,1.6997850150134184,0.2530584109260756,0.5472503841633479,0.7977960000480314,3.399927561935715,0.35561084974556456,0.8944411896750453,
PatientID_0014,4,5,True,2.975180670121908,-1.4191546828235744,-0.9744871888458988,-0.2554292162836632,-0.5345419802394122,-0.8056182637145474,3.4373427694764325,0.35115694454004287,0.22800006202479542,
PatientID_0014,5,6,True,-1.5761731469067257,-1.5933729170656932,3.4295537253399715,-0.3429013444504725,-0.5796860485587649,-0.7391770782974698,4.096949816248859,0.35105158069970116,0.26139435659627336,
PatientID_0018,1,2,True,5.345084745762719,4.634737691686844,-3.7293301049233243,-0.12925505204891735,-0.933538136425514,-0.3343645904682653,7.997413797073116,0.35968101050710916,0.4714808758131496,
PatientID_0018,2,4,True,-2.396762885323497,6.519465955549279,2.623943699282112,0.044437319400009875,0.9520750259940309,0.302619347568867,7.425159204423336,0.3591672094917004,0.9285418590705111,
PatientID_0018,5,6,True,-2.753218337143295,-0.37316344162185544,2.926866340405894,0.19981940887127128,-0.944455304217298,-0.2609145112371998,4.03559273722537,0.3594635753391914,0.23822328765671513,
PatientID_0019,4,5,True,-3.461728692763174,-0.7159847815020228,2.681737802427456,-0.06882069075464976,-0.9424966095150725,-0.327053288588644,4.437106871668832,0.37636224407972446,0.008109027457633325,
PatientID_0019,5,6,True,-6.649452269170581,0.06244131455398616,-2.909076682316119,-0.08592284733632093,-0.9423472491926724,-0.3234175725662136,7.258225784676059,0.3803298703878343,0.2002341940450797,
PatientID_0020,1,2,False,,,,,,,,,,growth region < 30 voxels
PatientID_0020,2,3,True,0.37599571536541987,5.225962819376562,-2.794288603850731,-0.825351060674377,-0.5310404573830629,-0.19181152015994465,5.938022311265717,0.37686402694526494,0.42936002423689357,
PatientID_0020,3,4,True,0.8662073585587535,4.610194886539588,-2.9711219253398653,-0.8171546059846059,-0.551273967116732,-0.16839050774174824,5.552636992918983,0.3679173139532095,0.4950795506716974,
PatientID_0021,2,3,True,1.1350834643752137,2.836805178335865,6.9995753457015155,-0.7712409732748943,-0.5807797041741886,-0.2605423120365218,7.637403558218179,0.35467110697687104,0.5691289269705271,
PatientID_0021,3,4,False,,,,,,,,,,growth region < 30 voxels
PatientID_0021,4,5,True,1.6716101694915295,13.96382007822686,-4.552477183833119,-0.9130629179843748,-0.1714616512558058,-0.37002298570560704,14.782002578986386,0.3703957421343193,0.15126662951609265,
PatientID_0021,5,6,True,0.6376604419605911,2.9071979048304826,-2.259879501879773,-0.8082184302975463,-0.5615727982644371,-0.17725394544782233,3.7370397188293967,0.36726219185435244,0.4675892571435937,
PatientID_0022,1,2,True,-1.7357543730933287,-2.6761467972111745,-0.472587920416764,-0.15869017065105956,-0.9709998097006656,0.17882057851379465,3.224584355612376,0.35520918053818057,0.8650655202475844,
PatientID_0024,2,3,True,-0.0898306886427207,-1.1172500123701212,2.863506791827163,-0.45478333817899824,0.8094376110937733,0.37146045423648066,3.0750590709128423,0.3501585582973612,0.065100815441062,
PatientID_0025,1,2,True,-5.721398567158033,-7.5841732576772785,-1.2530483619308228,0.12054705415048078,-0.9853629160136012,0.12053352845085807,9.582495278583897,0.35571940788039896,0.6921402829475357,
PatientID_0025,2,3,False,,,,,,,,,,growth region < 30 voxels
PatientID_0026,1,2,True,1.3209650986025139,-2.6339791642304746,11.590580794021186,-0.5420198070030372,0.29520923737377414,-0.7868074955067375,11.959279166072637,0.34879356382055793,0.8874381078296014,
PatientID_0029,1,3,False,,,,,,,,,,growth region < 30 voxels
PatientID_0031,2,3,True,6.960028520078552,-0.7328957594598506,-6.67621210333845,-0.48326570546006076,0.821897368393814,-0.30156089559741106,9.672173553204258,0.3395447358644273,0.2018805470107642,
PatientID_0031,3,4,True,-1.9826180819216432,1.9012256733198143,-1.5121614341114835,-0.36944167066101935,0.8320106011802699,-0.4138492618126083,3.135612495584736,0.34525005493177024,0.9376504747619696,
PatientID_0031,4,5,True,-6.666999437413693,-1.426815699064413,-5.662924829397269,-0.09988474383505276,0.9808256890245564,0.1673439741924122,8.863035719265453,0.3453652460777773,0.18968470397126627,
PatientID_0032,1,2,True,5.133046848668684,5.913886080215704,-3.607136838557466,-0.14316120898825654,-0.922923561045938,-0.35737510924420207,8.621696740924893,0.36045602061871884,0.5687763347562528,
PatientID_0032,3,4,False,,,,,,,,,,growth region < 30 voxels
PatientID_0032,4,5,True,-3.9114337101747196,7.987517381053138,1.4069720694032988,0.1250781207282666,-0.9587315964706867,-0.25532173750750664,9.004405476531927,0.3691999446163881,0.944687646946915,
PatientID_0032,5,6,True,-2.2519903286761718,-0.9077487563151294,2.745081213920429,0.19981940887127128,-0.944455304217298,-0.2609145112371998,3.664824568251737,0.3594635753391914,0.08428637331615456,
PatientID_0033,1,2,True,-0.015599900224486873,-3.173843851334496,10.420927912197556,-0.7799693958042883,-0.4525986513825542,-0.4322062035364445,10.893542431218547,0.37250730502991486,0.28047302500391497,
PatientID_0033,2,3,True,1.1059258593843566,-4.095894717930285,-2.273296203138102,0.011971779738577572,0.19367100717856048,0.9809934849265479,4.813242272525491,0.35297012451453447,0.6253798892052245,
PatientID_0033,3,4,True,0.3375609756097475,0.09626016260162373,-2.796283391405346,0.0030431249120094293,0.20940243709884612,0.9778248098344782,2.8182289183471383,0.35694037707934745,0.9626935927465148,
PatientID_0033,4,5,True,0.6718866007580715,1.6851920597084913,2.254864991598609,0.057885951628330094,0.2374486702609967,0.9696738346451177,2.8940836222748954,0.3576104039177761,0.9072035693046205,
PatientID_0034,1,2,True,5.984649610678531,4.794048943270305,5.818020022246941,0.3527800499422071,0.9351103090443297,0.03339081133774224,9.625398340449713,0.3467071897142769,0.705269303801281,
PatientID_0034,2,3,False,,,,,,,,,,growth region < 30 voxels
PatientID_0034,3,4,False,,,,,,,,,,growth region < 30 voxels
PatientID_0034,4,5,False,,,,,,,,,,no seed
PatientID_0034,5,6,False,,,,,,,,,,growth region < 30 voxels
PatientID_0035,1,2,True,3.406596414728682,9.173313953488375,-0.22273619186046645,-0.39518951578892403,0.9162741144813478,0.06532223007474403,9.787961965254633,0.3548679824901564,0.7197074663962588,
PatientID_0035,2,3,True,0.2756234000189721,0.0482070156385106,2.4575220298174685,-0.5704290958831626,0.816286289463349,0.09103482962072496,2.473399826561197,0.3532437006813056,0.042794220805525085,
PatientID_0036,1,2,True,-5.472596278901207,-5.4532685287747995,-1.6592211324041344,0.045484936772026,0.955880122734282,0.2902142510083522,7.901927767639076,0.3531272914583913,0.7521103051396875,
PatientID_0036,2,3,True,3.3120479940642085,0.7712229530969665,-3.3788205899048407,0.03661310211228032,0.9393897953409334,0.34089044158355997,4.793837224722305,0.3572014564675467,0.0638453716923147,
PatientID_0036,3,4,False,,,,,,,,,,growth region < 30 voxels
PatientID_0036,4,5,True,-1.9523023211926827,4.337889653279348,3.5983032819228313,-0.12341817551147248,-0.9526576087797518,-0.27786945565762433,5.964608747106467,0.3690554151644362,0.8200760142611154,
PatientID_0036,5,6,True,1.824245442633682,-2.2096751746840937,3.1160543058982526,-0.1571320848053219,-0.9310932908095482,-0.32920326810980827,4.233241104625625,0.36097129328133737,0.1759765061564275,
PatientID_0037,1,2,True,-1.1483430799220287,-0.1712800519818103,-0.46361273554255433,-0.9719452761671827,0.07264319004527489,-0.22370817391491232,1.2501861677242125,0.34900087699494803,0.965774771970346,
PatientID_0037,2,3,False,,,,,,,,,,growth direction undefined (centroid shift < 1 voxel)
PatientID_0037,3,4,True,1.8377085934839315,1.8564299769175392,-4.17770178226813,-0.9792441122443067,0.10016370119397394,-0.1762049987882964,4.927138856915751,0.3504499896573093,0.17809250169199894,
PatientID_0038,1,2,True,-3.4343748979462063,1.6584732150683834,2.063688658149431,-0.3206295470378672,-0.9175232107515032,-0.23526124053601571,4.336389652985173,0.3537557864742729,0.2089368409319089,
PatientID_0038,2,3,True,0.32304363127443736,-1.7998870209361684,1.9381386176621973,-0.37462673515469797,-0.8633906595273305,-0.33795173967342346,2.6646447750338096,0.3485183345837365,0.2919667007422575,
PatientID_0038,3,4,True,-0.9649003054428817,-3.749026500950748,3.962057516477053,-0.341690707733425,-0.870758484407682,-0.3535917449272097,5.5393259579254845,0.3488377487578423,0.3959404606511695,
PatientID_0038,5,6,True,-0.37396754231360063,0.7444072513750797,-1.406725523712204,-0.36514973426877945,-0.8617750190959446,-0.352149809066574,1.6348916103727642,0.35210498342588137,0.005859287504353866,
PatientID_0039,1,2,True,-5.452222222222218,-1.5588888888888874,-0.5800000000000018,0.27161438065127425,-0.8344228818104373,-0.4795457043229447,5.700286109345304,0.3630683639361609,0.017193366026586946,
PatientID_0039,2,3,True,0.5768421052631609,-1.074649122807017,-0.4569005847953207,0.09931472170094997,-0.9738199288523517,-0.20447819498289732,1.302449882314338,0.35142245952199935,0.919213759074536,
PatientID_0039,3,4,False,,,,,,,,,,growth region < 30 voxels
PatientID_0039,4,6,True,-6.6107142857142875,0.0892857142857082,0.5750000000000028,0.32508882295849384,-0.8685044767981098,-0.37418876381995037,6.636274580374329,0.358196594660041,0.3679433209479637,
PatientID_0041,1,2,True,1.6583239595050685,-0.820163104611936,-2.7020880202474693,-0.81300101865412,0.5644369165459445,0.14296961532951621,3.274749691503176,0.3567278123784415,0.6710332373527633,
PatientID_0044,2,3,False,,,,,,,,,,growth region < 30 voxels
PatientID_0044,3,4,True,3.0229690522243686,6.410058027079302,-11.287959381044494,0.4252020318827535,-0.1745832180782555,-0.8881013073114004,13.328361219194974,0.36143525265844,0.764620296559442,
PatientID_0044,4,5,True,-2.166058728877317,-1.6657473461071675,-7.772730118457254,0.44088549029313473,0.8128505686921228,0.3806493628339278,8.239044734214108,0.35979345046105693,0.6393547406608059,
PatientID_0044,5,6,True,0.9294667781478836,7.660674551265629,3.6215527355602575,-0.5104175632003409,-0.7923508037820592,-0.3341468463453614,8.524405392080638,0.34533264371350103,0.909680836959135,
PatientID_0045,1,2,True,4.927028649911833,-1.6583811130603863,8.370274400148773,-0.9724087613983622,-0.11800826872974268,-0.20123431433806765,9.85329045380239,0.35472570093633776,0.6373271550216711,
PatientID_0045,2,3,True,-4.127827055596043,-0.8955522572005918,1.6181334470969517,0.09762302760187438,0.554069304041509,0.8267266481738695,4.523198635799852,0.34890157293475793,0.09696347338829286,
PatientID_0045,3,4,True,2.6591699710511563,3.17265003527379,-5.918268178169164,-0.9510252632466467,-0.14419566889819868,0.27342011216742507,7.22238128389749,0.3487349365882895,0.6375450954286632,
PatientID_0051,1,3,True,2.927563226709779,-3.6813096502323504,0.2385992383709521,-0.19276922943892139,-0.9763843017320117,-0.09753829767233627,4.709521927311561,0.35511030307845554,0.6384419327111311,
PatientID_0051,3,4,True,3.800477657935282,-4.167742681047763,0.88927580893683,-0.20435037605100548,-0.9786531957821328,-0.021882554540821324,5.710036860498599,0.3519671137347009,0.5748975197955081,
PatientID_0052,1,2,True,-8.230772114108312,-1.823728761239508,-3.3740491341332763,-0.14761765817139266,-0.9123197716653525,-0.38194457873423604,9.080517812795739,0.37721497304982426,0.4589529994372282,
PatientID_0053,1,3,False,,,,,,,,,,no seed
PatientID_0053,4,5,True,-19.292808219178085,4.097602739726028,28.52054794520548,-0.05252727757588912,-0.9887036487834269,-0.14037798970210336,34.675992448513426,0.34938043653142464,0.20306767812602874,
PatientID_0053,5,6,True,-6.136927328177386,6.032932315624521,1.4068813290872626,-0.6401985434986744,0.6405816725174914,0.42402941612212364,8.719946354787478,0.36360014225654513,0.962161524526308,
PatientID_0054,1,2,True,-1.1047717830055106,0.45437966347853376,3.5861190515331742,-0.09698713400456116,0.7803572931115001,0.6177669390031109,3.7798454231459298,0.3493814962897344,0.7082598950139312,
PatientID_0055,1,4,True,7.074295330797739,-3.0232524953890234,-7.791048958965636,-0.055282174588103486,0.9576148089456524,0.28269729192334303,10.949253580003623,0.36025577350342197,0.5012855161466946,
PatientID_0055,4,5,True,1.2701363115287592,-4.424833286589134,-1.7214653897785404,0.006209298273919297,0.9543189462446428,0.2987252809078279,4.91485899616423,0.36641601702208776,0.962196640836412,
PatientID_0055,5,6,True,0.1352409799997929,1.149181589398566,-0.6993837354133277,0.004743225822661083,0.9613547361629283,0.27527181669379375,1.3520525350165273,0.36446272291573706,0.6751897482768247,
PatientID_0059,2,3,True,34.120673379483954,4.662604391679281,17.354179068936777,-0.08100364350890413,-0.9629066336343823,-0.2573892473301569,38.56329553784862,0.3679220992676573,0.3039245086966059,
PatientID_0064,1,2,True,-1.1512018919988378,-1.257918479157503,-3.858831395584204,0.39136041949324324,0.8429630931484435,-0.3691209092474731,4.21879182182458,0.3490682425431007,0.02051259170335443,
PatientID_0065,1,2,True,0.0776394925836712,1.0111948466180962,0.17934946892231096,0.005882412375628089,0.9884251366776131,0.15159533768716305,1.0299073456570547,0.36299161251949236,0.9973087963929474,
PatientID_0065,2,3,True,0.8080331207729898,3.8888650040067603,0.3145208140874871,-0.05925650836507433,0.9491815857077693,0.30910028076607154,3.984358403325295,0.35275221118533046,0.9388152176635576,
PatientID_0065,3,4,True,-0.18422936174792426,-7.093757920429411,-0.12485973245006932,-0.0779186820106223,0.9626514762212237,0.2592890555400026,7.097248188148175,0.3525947444945977,0.9647170573149644,
PatientID_0065,4,5,True,-4.638161999660994,-2.255315399367646,-2.2030821989770857,-0.0499686046789221,0.9325611344814277,0.3575372274339478,5.608258683510758,0.35267876799980297,0.4741473343766309,
PatientID_0066,1,2,False,,,,,,,,,,growth region < 30 voxels
PatientID_0066,2,3,False,,,,,,,,,,growth region < 30 voxels
PatientID_0066,3,5,False,,,,,,,,,,growth region < 30 voxels
PatientID_0067,1,2,True,-2.5746133618576508,-1.7446672906360021,-3.6578152159379584,-0.1867009000361353,-0.9511799298929797,-0.24576312761373043,4.8012613001187905,0.3637621200235536,0.6329860136386294,
PatientID_0068,1,2,True,4.658821875878438,-3.018724427647811,-3.144954243058372,0.012140872532775269,0.5103809387184524,0.8598627196285547,6.3802864851174155,0.3778564039656294,0.6564542458838701,
PatientID_0068,2,3,True,-4.399855345002173,3.9743815998842678,2.847012874294812,0.02445233407715096,0.6006587143849658,0.7991315237128238,6.577227262672564,0.382870784818139,0.6925103487892976,
PatientID_0068,3,4,True,3.0894727980243957,-3.3879742572775484,-1.6836788146374317,0.015790690286716327,0.5264230926395669,0.8500761034378409,4.884463746263959,0.3768576592714558,0.6481731196809231,
PatientID_0068,4,5,True,1.0060526118844493,-1.2558561592575899,-1.9299693159706663,0.030925151045988118,0.45046372526468526,0.8922589687156103,2.512786921171994,0.3746257216907663,0.8980617208009312,
PatientID_0069,2,3,False,,,,,,,,,,growth region < 30 voxels
PatientID_0069,3,4,True,0.2521139296840289,-2.161548731642185,1.0271473075211333,-0.45153902419185926,0.4896026937656045,0.745923395456482,2.406425968974025,0.3542698099669037,0.16870086904243178,
PatientID_0069,4,5,False,,,,,,,,,,growth region < 30 voxels
PatientID_0069,5,6,False,,,,,,,,,,growth region < 30 voxels
PatientID_0070,2,3,True,-0.2611327539706281,-2.6249485565877535,-5.583858755369096,0.08830448939531443,0.9779554596473599,0.18922324407575875,6.175599067284123,0.3544990254060675,0.590507543500186,
PatientID_0070,3,4,True,3.603310494137716,-1.6412207739033704,2.566340784116022,0.24655942592264218,0.9684344347875719,0.036649624914497136,4.718427403920952,0.3496590723604579,0.12862953407657082,
PatientID_0072,1,2,False,,,,,,,,,,growth region < 30 voxels
PatientID_0072,2,3,True,-0.4021359223301033,-8.632944983818767,-4.601294498381883,0.15772636862031228,0.12950276663509563,0.9789542512680074,9.790881648478306,0.3671905136629601,0.5807316146799447,
PatientID_0073,1,2,True,-0.1715821776611648,-0.8165116660419756,-0.8263095014992494,0.04108475375474362,0.9519060550264896,0.3036229658850237,1.1742738763770264,0.371577559926442,0.8815476294176248,
PatientID_0073,2,3,True,0.4200433088348916,-0.6777782767274871,-0.9645371493007211,0.04760089968114186,0.9478122963430453,0.31525546030238627,1.2514598220006137,0.36994360649365976,0.7403256038786542,
PatientID_0073,3,4,True,-4.401194534519547,22.649810611309746,4.9156721450809755,0.05429506132273652,0.9445554723264404,0.32383175572222,23.591275224048598,0.3675329147745153,0.964207740285002,
PatientID_0074,1,2,True,-2.4302199783627856,-2.891813919942294,0.35521096285611264,0.6395840657915932,0.7427583121630624,0.19809672510713916,3.794038971721139,0.3382433062572443,0.9572602441359973,
PatientID_0074,2,3,False,,,,,,,,,,growth region < 30 voxels
PatientID_0074,3,4,True,-12.856617647058826,11.574142156862742,28.266544117647058,-0.24688308503881412,0.933237485496574,0.2609914519400003,33.1398687436269,0.3468601467565266,0.6443245538145936,
PatientID_0074,4,5,False,,,,,,,,,,growth region < 30 voxels
PatientID_0074,5,6,False,,,,,,,,,,growth region < 30 voxels
PatientID_0076,1,2,True,-24.538256915461844,-42.59412842997916,9.717490012140473,0.3177140948716731,-0.9129932589820889,-0.2559317545228379,50.10803769152031,0.36426287160757026,0.5708662540508804,
PatientID_0078,1,2,True,-3.9352391485501244,-2.6438522678912264,-0.1496522796135693,0.7162288293873078,0.46319632870903793,-0.5219822075750811,4.743253922731591,0.34654363270832306,0.8359321744463308,
PatientID_0078,2,3,True,6.6722143919062376,0.21905469851137838,-1.849979726990135,0.8089667183660801,0.587854269270271,-0.0004546171263162535,6.9273988511399525,0.3490689650455217,0.7978770635007729,
PatientID_0079,1,2,False,,,,,,,,,,growth region < 30 voxels
PatientID_0079,3,4,True,-0.30681843380921237,1.2055176359451352,-2.6249307024663295,-0.14815721189831105,-0.9308977697105054,-0.333884385544645,2.904767032767045,0.37119194024611096,0.06896695603666,
PatientID_0079,4,5,True,-1.674880088575982,2.1837203602202564,-2.748997815182161,-0.12326095858476432,-0.9379707886558134,-0.3240640919897739,3.8898389311930477,0.36933215416789955,0.24447467342731108,
PatientID_0079,5,6,True,1.8094716570116987,7.5945636712227085,2.508978257433636,-0.13326446064407774,-0.9536233814522226,-0.2698944791522635,8.200399803061991,0.361889677506495,0.9951528375696109,
PatientID_0080,1,2,True,2.847502771223432,1.4248938195968037,3.194095109308094,0.20248453177405049,-0.9173091517018677,-0.34284680922569954,4.5100818170578885,0.3541351620373205,0.4047771783758198,
PatientID_0082,1,2,True,2.063650992311821,-1.157279933249896,-3.9850855235711293,-0.008375945883792943,0.9585304078226653,0.2848671634461688,4.634528982771457,0.36228207517215155,0.488030833988914,
PatientID_0083,1,2,True,-2.488876619658676,8.77796542482811,7.482201677275945,0.20710945725458196,-0.9076681248496521,-0.36502636596227966,11.799598542611198,0.34590800278029876,0.9503840448618525,
PatientID_0083,2,3,True,-2.832755314632152,-0.9033875411001588,-0.013987381142811728,-0.008987502347576193,0.8767211070442308,0.4809150915335162,2.9733495201242195,0.3589503498121539,0.2600724427221845,
PatientID_0083,3,4,True,4.338992286611251,10.280033034541546,0.9929568943828713,-0.046386208113724875,0.8774895722644735,0.47734722190868734,11.20231657509463,0.36162906890633967,0.8295906961604645,
PatientID_0083,4,5,True,-5.94904601077284,3.928451086532604,5.832396132563446,0.09493489211572217,0.8770778468016862,0.4708734616738278,9.210902291562563,0.35300176981839954,0.6109179923627408,
PatientID_0083,5,6,True,2.170483263686471,1.0950555195936857,-4.165842522761309,0.06632185838993725,0.8770519292993543,0.4757954648922011,4.823317127598183,0.36772001927948866,0.1819739230831984,
PatientID_0084,1,2,True,-0.5963816983237678,-1.4503675269512684,6.098395952615846,-0.006361785606834003,0.9414312885062533,0.3371448601200212,6.296798415719818,0.36841724279220717,0.11028073115169043,
PatientID_0084,2,3,True,5.344904440919436,-4.2027747035666465,-3.863188877563193,0.02178908363702808,0.9494582560712398,0.31313616177697967,7.820201211940009,0.36167215019289656,0.6500603463235094,
PatientID_0084,3,4,True,-8.463491751592073,3.1115104204304913,-1.7438179907343283,-0.09571416348579986,0.9375429584638962,0.3344428201396743,9.184393878232973,0.36457096235715525,0.3423245293142474,
PatientID_0084,4,5,True,2.0035707976097683,-2.0934143933489224,-2.231312029098465,-0.04661765593587487,-0.9558289257096275,-0.2902031339110984,3.6572439260342735,0.3612420346260745,0.6986348331767235,
PatientID_0084,5,6,True,5.761219172983878,-2.5188928718340478,1.660182954300602,-0.09409544870626618,0.9066636273199532,0.4112263530317468,6.503281871538684,0.36378636303754047,0.329553925518979,
PatientID_0085,1,2,True,-0.9717416378316059,-0.591937344197639,-0.09852290062135438,0.03512855440239047,-0.8677233115912704,0.4958046381254192,1.1420938630858022,0.36597953862350424,0.3770739484746625,
PatientID_0085,2,3,True,-0.24084007261924256,5.629270506684271,1.3081366562138967,0.0545969596085461,-0.8054249337163897,0.5901778106210468,5.784281449699272,0.36833629754092756,0.6526429886764124,
PatientID_0085,3,4,True,-2.74572941878003,4.41148409274264,-11.579957206496196,-0.11979735563926064,0.8474378846476369,-0.5172017258727766,12.69234536427207,0.3465160026325025,0.7923329719992052,
PatientID_0087,1,2,True,1.3355035250273772,-4.44411022674155,9.10344402538276,-0.07551282450410166,-0.9969098697278501,0.02164543773208183,10.217943946610124,0.3473367239213973,0.4430027957031183,
PatientID_0087,2,3,True,-1.3642038977254174,-0.004560013028608978,0.4160624132395476,-0.03822496787195849,0.9411832773393585,0.335727404731773,1.4262471735287534,0.3711542884372972,0.13149081017544204,
PatientID_0089,1,2,True,4.065517241379311,-2.4813793103448276,5.359233716475096,0.11371272588713323,0.954967949365267,0.27405406703133306,7.1698716689745075,0.35895034946290305,0.06117499559518745,
PatientID_0089,2,3,True,2.148808449178553,-0.5716284527893052,-5.317769452969856,0.2060887683314233,0.9643041236783361,-0.16626778588949143,5.763923038542304,0.3509716221266064,0.1345950249618597,
PatientID_0089,3,4,False,,,,,,,,,,growth region < 30 voxels
PatientID_0089,5,6,True,1.3125317097919833,-6.619863013698627,-14.024797057331305,-0.5688850791403668,0.2152368795796752,0.7937523873351577,15.564069464914162,0.3566903191575899,0.8547722393587917,
PatientID_0090,1,2,True,1.535419472519834,-2.3259454292736166,3.811168947075373,0.25555168870433725,-0.8616036478898313,-0.4385572805726716,4.72149805037591,0.3468460386841806,0.153554276367155,
PatientID_0091,1,2,True,-5.79881523372849,11.338039205667116,3.1189824635087433,0.16492662305057249,-0.7396737579204943,-0.6524430556400366,13.1112715917199,0.35451729854026015,0.8677867322238555,
PatientID_0092,1,2,True,14.535208977069438,-12.682433845224544,-12.20249517923937,-0.58405943094086,-0.6666971496369599,-0.4630221288394233,22.825803750250223,0.3603910055409637,0.2460347932457584,
PatientID_0093,1,2,True,-3.4203539214844056,-0.6859101451765213,-1.701874409414998,0.26051222959790865,0.8802801960779437,0.39653518711824803,3.8814520711830873,0.35230210068705464,0.558989313995443,
PatientID_0093,2,3,True,-2.8126659386239936,-3.6895355298437096,8.064974339964067,-0.3620311983136112,-0.8732990801823706,-0.3260093986378858,9.304169668087182,0.34930084474095546,0.17315713573591374,
PatientID_0093,3,4,True,-1.6754295614245365,-19.738551373663974,7.120353041500486,-0.7152921386459826,-0.6402667143335535,-0.28002801807635624,21.050342087046293,0.3504931920843476,0.5625780630393686,
PatientID_0094,1,2,True,-1.0968525974663663,-3.2055877442796827,-2.3021048152149035,0.4187254453058983,-0.7878593324777433,-0.4516045545398113,4.0961646679644685,0.35256416210007757,0.7582490938335522,
PatientID_0094,2,3,True,2.0170810931899723,4.724294354838705,-0.5440188172043037,0.34861264931607555,-0.8758878375724093,-0.33360113418505616,5.165610299000272,0.3543739196413672,0.6297971585129348,
PatientID_0094,3,4,True,-6.686868686868692,-1.5542929292929273,1.2032828282828305,0.47085182279990734,-0.7596050761225502,-0.4486632248077165,6.9697868626174895,0.3563892874552629,0.3598021452717418,
PatientID_0094,4,5,True,0.19511677751506795,-3.4084716176503065,3.9347239101133553,-0.46123713324806104,0.7070948364667883,0.5359824616114942,5.209395509463002,0.35003349474781836,0.0750883238523667,
PatientID_0094,5,6,True,1.3840112900547865,3.2972001119889995,-2.6930863064136545,0.27445423064914093,-0.81832626026282,-0.5049920861192345,4.4765756648684185,0.3516870705101954,0.2140811376665497,
PatientID_0095,1,2,True,1.1496632554048816,3.671577943587515,3.90003369835906,0.010551654026468371,0.9688434671803601,0.24744898201294752,5.478364084743065,0.35450379110021807,0.8276876914605505,
PatientID_0095,3,4,True,2.932359307359306,0.7501803751803777,9.802236652236655,-0.013371744705587213,-0.9773268442713534,-0.21131359613173784,10.258915395362912,0.3592816095437576,0.2771957800876529,
PatientID_0095,4,6,True,-2.4461911748826495,2.524216035620597,-2.414527715848248,-0.04611231674439128,0.87595366820433,0.48018624033164803,4.264441575301188,0.37114979974239104,0.2730657300384286,
PatientID_0097,1,2,True,9.91838155834099,-9.820307669192054,8.39526880601931,0.059399204709912494,0.9785179483845848,-0.19741924721022663,16.28782593779022,0.35447153031409767,0.6555565503328779,
PatientID_0097,2,3,True,-0.5572186894074918,-2.2919426005819474,0.6075593629057039,-0.516255353184624,0.8562945373703692,0.015494372458580707,2.435697422021407,0.35667898329905146,0.6837865128181035,
PatientID_0097,3,4,True,-1.1116003030027315,-0.34696830631018827,4.460730341076236,-0.43684466285314577,0.8993559611230457,0.018044271366925713,4.610223141564585,0.3540628498656879,0.05510346591915568,
PatientID_0097,4,5,True,-2.5127744752456778,2.3014685505680674,-0.7199380564847147,0.31996081272710797,-0.9473042431044187,0.01548384045941642,3.482686299090841,0.3507297741455659,0.8600624447321744,
PatientID_0097,5,6,True,3.452263910020264,7.243372687026586,-7.74629439411531,-0.31188854290322954,0.9474616002946257,-0.07100741350624828,11.15301084137792,0.3478253432319863,0.5681102920337728,
PatientID_0099,1,2,True,-3.97879683924306,-5.676968838101345,0.828734745792417,-0.4203231333223149,0.5232071609259894,-0.7413384721905892,6.981804978343918,0.35346889338288195,0.27388667405535827,
PatientID_0103,1,2,True,2.4858488430014063,-3.9597201467191994,4.2841476852480795,-0.4874838442443744,-0.5174611307050809,-0.7032734033149166,6.341352339966754,0.3497687869730498,0.3431029994966809,
PatientID_0103,2,3,True,-1.1071236481684252,-1.223215486275187,1.4973395570410517,0.07312594249821183,0.16011551981925776,0.9843859084966409,2.228004633585195,0.3525668130682616,0.5373169779225886,
PatientID_0103,4,5,True,4.625874125874134,-3.3927738927738886,-1.254079254079251,-0.6368343304226614,0.4192591405968804,-0.6470423545805064,5.872166626674675,0.3571312331937687,0.6057260889953174,
PatientID_0103,5,6,True,-0.12440658963274132,2.3453244313361097,-2.670265847844533,-0.5006088563685833,0.07194585892431926,-0.8626787155766517,3.5561697633733655,0.35368285499119945,0.7127322658218216,
PatientID_0105,1,2,True,0.9244239631336484,2.911520737327187,-5.432718894009216,-0.0652842519899419,-0.9818664898450622,-0.17797798336156623,6.2326517028329675,0.3575067027058436,0.313216703511916,
PatientID_0105,2,3,False,,,,,,,,,,growth region < 30 voxels
PatientID_0105,3,4,True,-1.1432160804020128,4.14042434394193,1.9243439419318804,0.04876605661513887,-0.9867530534588284,-0.15472647870318457,4.706713966372573,0.3474046144361927,0.943136442487129,
PatientID_0105,4,5,True,-1.643771587561531,-1.8355081268600202,-0.08861057233924541,0.030981943553630015,0.9509245429333746,0.3078678820867672,2.4655480018393527,0.3612945017393529,0.7396478644917308,
PatientID_0105,5,6,True,-3.191312073534803,4.159198895228933,4.121311417668078,-0.08228420341403626,-0.9634714596557614,-0.2548569329983288,6.668479287076165,0.3555431617913577,0.7190574402621754,
PatientID_0109,1,2,True,-6.923361092036089,-4.05333286099939,1.974434925098734,0.37446835357780955,0.8467507028070936,-0.3778712736692455,8.262011217992038,0.34373712043010773,0.819512844923417,
PatientID_0109,2,3,True,-2.0292572600169123,-0.24948066891388265,-3.9497500518044006,-0.41115724202200915,-0.9068610555149855,0.09248107007978107,4.447544390247491,0.3422336189100545,0.15633593479351146,
PatientID_0109,3,4,True,0.7244925165437408,4.2231720150425005,2.2936937549176903,-0.3467669843002597,-0.9379427786575917,0.004000320409681124,4.86015455685459,0.3428100053835525,0.8648178202025686,
PatientID_0110,1,2,True,-8.286833855799372,-5.506356670149771,1.95033089515848,0.13411589722384593,-0.9444668983897793,-0.2999920064898951,10.138805143266895,0.3570210248165234,0.3456119059293655,
PatientID_0113,1,2,True,0.8138655651859779,3.3050401769591957,-1.366197183098592,0.21662551672806687,-0.9471993504657763,-0.2364038408730048,3.6677189740513776,0.38813312115556964,0.7174087266267762,
PatientID_0113,2,3,True,1.5297514619882975,-2.0946570972886747,0.8279239766081865,-0.2277294793469012,0.9436387641044252,0.24017736595245975,2.722716658361619,0.3656285371338993,0.7808820400157046,
PatientID_0116,1,2,True,-1.3095634433268017,-1.9371339612874436,0.7423704929236763,-0.2815271767132359,-0.9546943183317675,0.09644276705340266,2.4532750242960684,0.3481702076459194,0.933301292132393,
PatientID_0117,1,2,True,12.916345454011385,-10.972236999998913,7.811352161127452,0.08225779325610208,0.9661632525092703,-0.24446313617669269,18.66116789637391,0.3523258183543414,0.6134712373792719,
PatientID_0117,2,3,True,-0.43348101871036704,-1.0590571510534517,2.26198960889937,-0.5262540761661221,0.8501457061326545,0.017576281254902015,2.534976298419446,0.3583360932740906,0.24949912601268345,
PatientID_0118,1,2,True,3.127135158107947,-2.35780005244645,-6.903387769127125,0.1118422378044989,0.9489751716700778,0.2948515514570466,7.936936315438425,0.35891286199213335,0.49429935602981967,
PatientID_0118,2,3,True,2.2326646414333595,-3.362840617787384,-3.344358083144037,-0.13168470699077145,-0.948138538977154,-0.28929647224088745,5.241967131720519,0.35738222738278774,0.7367352559386332,
PatientID_0121,1,2,False,,,,,,,,,,no seed
PatientID_0121,2,3,True,-4.546521622347569,-0.8303250067150145,0.31659951651893437,-0.4788335291479079,0.7610583113510214,0.4376170678656073,4.632551535936788,0.3555425987936924,0.3634391512622694,
PatientID_0125,1,2,True,-3.866569527691567,-4.417117869249722,0.6623670193288831,-0.4309467308694774,0.892521360093735,0.13300577780435263,5.907623909120555,0.3576051946480218,0.3703668249333108,
PatientID_0132,1,2,True,0.6343463979923172,2.8424029377029854,-1.7519929140832602,0.21662551672806687,-0.9471993504657763,-0.2364038408730048,3.3986951884372245,0.38813312115556964,0.6298678249570769,
PatientID_0132,2,3,True,3.473804932633584,-3.1131024886139755,-1.1621831424996785,-0.2276742673951888,0.943669885204271,0.24010742538418683,4.80722346800254,0.3656221620468169,0.8336799589236421,
PatientID_0135,1,2,True,-4.541775798847567,-7.013095861707697,-7.399685699319015,-0.77991100344711,0.6194301447256316,0.08969460690200279,11.160940346637707,0.3549474737554874,0.13131993527065564,
PatientID_0135,2,3,True,0.5971840659340657,-0.358058608058613,0.8280677655677664,-0.6587077940187036,0.5409105781121883,0.5229911936021022,1.0819108095322865,0.3704981649667451,0.14231795904362063,
PatientID_0136,1,2,True,1.215463387493216,3.624247290244881,-3.2615450710276264,0.11993831611425664,-0.9702133077817094,-0.21047787943380047,5.024957305045333,0.36504136095842477,0.5341397083653517,
PatientID_0136,2,3,True,1.1586075240466158,-2.246112117902314,0.75200392325495,0.22745281902753184,-0.9638221081652654,-0.1389681939448495,2.636835402818288,0.3579186835346876,0.8813126654037998,
PatientID_0138,1,2,True,-7.569546891464697,1.7581225851773894,0.850412715138738,-0.2823429139788503,-0.9042399531083611,-0.32036320969880616,7.817431608441695,0.3666688329489728,0.035178087847759616,
PatientID_0138,2,3,True,0.07852836839199284,-0.6911358702640484,-1.291905874878033,0.9201648363265249,0.15935194981263945,0.35763616998157444,1.467261491811302,0.34983992478785614,0.34070755425781324,
PatientID_0140,1,2,True,24.898233809924307,27.441211101766186,-11.869301934398655,-0.0635706821306785,-0.9643533183525411,-0.2568685378863723,38.90787120873196,0.36205236979885075,0.6424656421067818,
PatientID_0140,2,3,False,,,,,,,,,,growth region < 30 voxels
PatientID_0142,1,2,True,0.7705223275134685,7.565972447588763,0.5277822851085006,-0.29749271786578707,-0.897660859217136,-0.3251200772735823,7.623398053056355,0.3622744672513601,0.9434762132010759,
PatientID_0145,1,2,True,2.6642712740689944,12.571174092199598,2.4698826791573225,-0.050734864611839514,-0.9846498082935683,-0.16700517519004443,13.085605829575524,0.35538940955297044,0.9877921557598476,
PatientID_0147,1,2,True,-5.707407136411305,-11.276895685471082,1.7952521483215875,0.5273044726957512,0.4798699339123298,-0.7011952934825161,12.765805998753398,0.36392575770272223,0.7582605325360027,
PatientID_0147,2,3,True,3.8920999358026833,0.9104326296740197,0.40859738270805224,-0.5427494472726624,-0.8235317348195198,0.16498036013529302,4.017994686980842,0.3441025454308929,0.6955695380944209,
PatientID_0149,1,2,True,3.6314621093005996,4.7574883196331115,5.459300783919751,-0.2275710503103423,0.8622794585240466,0.45242187443593407,8.100936810766905,0.34726468982657976,0.7092730178990941,
PatientID_0149,2,3,True,-15.139476797126989,8.547163147727375,-3.7404963108580773,0.295493194269427,-0.8380265302211073,-0.4586886817723137,17.783393045652407,0.346669053409146,0.5578597114063264,
PatientID_0149,3,4,True,-4.295818194152041,4.5553808409073895,-5.160227501282343,0.14793204269311788,-0.9148933691170793,-0.3756144750808231,8.113784346894144,0.3472780954690002,0.35309303513263685,
PatientID_0150,1,2,True,3.01663001649257,-1.955607476635521,2.445849367784497,0.8395779860437371,-0.18240799052225504,-0.5116992577133324,4.348176214111905,0.34659757196893315,0.37668098009911927,
PatientID_0150,2,3,True,-1.449886621315187,-1.675963718820853,-10.038095238095238,-0.98385990278524,-0.046267335644105206,0.17285550423348828,10.27980455118398,0.3481778060972012,0.022482171384795857,
PatientID_0150,3,4,True,-1.7444821731748732,1.1182795698924792,-11.95359366157329,-0.7920720725560556,0.45921842024975457,0.4021694597804183,12.131865836505487,0.34810153793679766,0.2400356348006777,
PatientID_0150,4,6,False,,,,,,,,,,growth region < 30 voxels
PatientID_0151,1,2,True,4.4631765749778225,-5.043478260869563,1.6512866015971568,0.35821153441460385,0.5026105936073084,-0.7868081645522266,6.9342170104424135,0.362056137671872,0.3223709396520323,
PatientID_0152,1,2,False,,,,,,,,,,growth region < 30 voxels
PatientID_0152,2,3,True,-3.569764844772024,1.686449060336301,-2.682460674515813,-0.05358391188211703,0.9503464341677763,0.30654594998466694,4.773146420381765,0.36382234316892803,0.2035754352439634,
PatientID_0157,1,2,True,-1.8652202027332194,4.288463275839135,3.5351445959097774,-0.9949487617925601,-0.03091401109030187,-0.09550542039989326,5.86235541287759,0.3503330447391,0.2363554171519146,
PatientID_0157,2,3,True,-5.417285953937572,5.546603326905284,-3.9024348180549637,-0.9815666643728174,0.17520673277308346,-0.07635105882044455,8.6799074351017,0.34597779876036655,0.7589003258667463,
PatientID_0157,3,4,True,3.9213142669683023,-1.7617962230089717,5.592956114618161,-0.7833198640739041,0.6198965040100191,0.04624191673575717,7.054203683746487,0.3493780065914998,0.5535912828903531,
PatientID_0157,4,5,True,-3.0007438940488456,4.804231166150672,-5.750094599243205,-0.9467826654671145,0.32162220529176055,0.012717760583173615,8.071473775942703,0.35687179429128857,0.5343598353985859,
PatientID_0157,5,6,True,2.6669026548672576,-0.9368928220255697,4.71504424778761,-0.6152023234133505,0.7760794114980516,0.13866091127514454,5.497433964050509,0.3535910592601639,0.31178102704888017,
PatientID_0159,1,2,True,-5.289268405030839,-1.7596731554914697,-6.218432067611953,-0.17036649062924866,-0.9275739954214077,-0.3325383314576532,8.351150055777914,0.3699175422120434,0.5509670104058649,
PatientID_0159,2,3,False,,,,,,,,,,growth region < 30 voxels
PatientID_0159,3,4,True,1.0622823984526093,4.748936170212765,-0.10560928433268657,-0.2251852982990525,-0.8996196865364385,-0.3741336673249904,4.867442034966064,0.34266367562112765,0.9187443479811197,
PatientID_0160,1,2,False,,,,,,,,,,growth region < 30 voxels
PatientID_0162,1,2,True,-3.329101697647772,3.6043634641202686,0.049358620423991084,-0.3719265506281028,0.9025055008792159,0.21715078130330678,4.906810610587747,0.3578110070754859,0.91747120174316,
PatientID_0162,2,3,True,4.169652120842244,-2.4666604070327054,-1.2435553156029187,-0.5219450447592925,0.823182096699558,0.2234828985057694,5.001683935979087,0.3527345332307404,0.8966486791924713,
PatientID_0162,3,4,False,,,,,,,,,,growth direction undefined (centroid shift < 1 voxel)
PatientID_0162,4,5,True,-1.5744876791250988,0.49994901487171717,1.6639347135432452,0.6987690262877866,-0.6720999781878338,-0.2449560516107575,2.3447045016637347,0.3500409056196895,0.7863719375699533,
PatientID_0162,5,6,True,-4.714569611628434,1.6146440558205342,0.16865394806571032,-0.5998708546693592,0.7675058725874466,0.22603029279730236,4.986249713370262,0.3529796018360042,0.8233648201694593,
PatientID_0164,1,2,True,2.805159148229734,-1.2132179229320315,1.2523584905660385,0.39599334809006237,-0.8357066398764587,-0.38050450764060895,3.302910438433553,0.3710471862822126,0.49901158893781355,
PatientID_0164,2,3,True,-1.4315219370399745,3.01609177953209,3.879025582015039,-0.3899189139674842,0.8560743999481238,0.3392637061105682,5.117900364867887,0.35987714373397295,0.870706484441265,
PatientID_0164,3,4,True,1.0070160199367564,4.629415861423951,2.5407533604361987,0.2530003730507423,-0.9122201173255355,-0.322250320066205,5.37596504090017,0.35644019227589074,0.8904502538121178,
PatientID_0164,4,5,True,1.624680720168854,-3.6858692195843332,-1.3652539251643674,0.24334424510121738,-0.925326245865428,-0.2907832819965983,4.2531326838630745,0.3543139628996544,0.9882083538455255,
PatientID_0169,1,2,True,1.7966509405530928,4.242346533405666,5.166905024137122,-0.3849172432718472,0.8733014379294902,0.29863575529779784,6.922598228999197,0.3645345029190064,0.6581788852063383,
PatientID_0169,2,3,True,3.0833811083811042,3.660565110565102,1.5497429247429224,-0.39786951216635447,0.8682998349426335,0.29623512271015573,5.030773213035818,0.354987200885602,0.4792052687088895,
PatientID_0169,3,4,True,-1.4792758372713593,-0.5265735442707182,-0.8143985909802112,-0.4896644606991047,0.8247483148017994,0.28287617990888936,1.768836274292016,0.35138001582427836,0.03374207118769982,
PatientID_0170,1,2,True,-4.498746792206788,2.413899539991988,-1.0861213966537235,-0.10922493651974594,-0.9079439685063829,-0.40460803661709094,5.21970242234492,0.36097192564675595,0.2415572090649092,
PatientID_0171,1,2,True,2.635638873431027,3.6725133452874132,4.268139028009649,-0.089369218728999,-0.9869247577654582,-0.13413674087796085,6.216989408457607,0.35217401598899084,0.7129742867922033,
PatientID_0171,2,3,True,-4.662126692071787,4.72666498044007,-2.9211655029557377,0.06372378751664616,0.9876142751463697,0.1433782495068362,7.253274779429316,0.35078846790478996,0.5448851672751862,
PatientID_0173,1,2,True,-4.978817678430445,1.1980471875956766,-0.9874109123329049,-0.3068300378029379,-0.7538994560651292,-0.5809397025910265,5.215258655958642,0.37049702578112875,0.22972396465800976,
PatientID_0186,1,2,True,-7.92151596538347,1.3494479259922443,11.077588779468812,-0.22951442989272094,-0.9336137177507752,0.275115525731637,13.685189003510448,0.34829742445714923,0.2634860056051746,
PatientID_0186,2,3,True,3.3381826320501347,-4.849447925992241,-3.1109221128021503,-0.18931498085735873,-0.9754263584531114,0.11270872751424527,6.658711952303764,0.3582592485630387,0.5628240572633862,
PatientID_0186,3,4,False,,,,,,,,,,growth region < 30 voxels
PatientID_0186,4,5,True,0.5306838106370506,-6.216247808299244,1.7130333138515468,0.0010765363685543126,-0.9772118871617839,0.21226344164540567,6.469763925787603,0.3873118703550088,0.9952104857215934,
PatientID_0186,5,6,False,,,,,,,,,,growth region < 30 voxels
PatientID_0187,1,2,True,6.224908130454764,1.4436342060940035,4.411843515541264,-0.33987208863427065,0.6580839331085703,0.6718723839775922,7.765173800967368,0.33970095587932214,0.23161822453491338,
PatientID_0188,1,2,True,2.9197992477780588,1.5463737632656915,-0.5647121673094873,-0.03206642432510131,0.9842010985963037,0.17412622419621848,3.35192471498827,0.3511477122432719,0.39678219251908864,
PatientID_0189,1,2,False,,,,,,,,,,growth region < 30 voxels
PatientID_0189,2,3,True,4.656391402714931,-0.7550904977375552,0.20673076923076916,-0.06514143664367329,-0.2265270575907512,0.9718241020942398,4.721745457560988,0.42008536422695697,0.014534952787886864,
PatientID_0189,3,4,True,-0.6491597351892722,3.191071125445589,1.0435240196910547,-0.07139421718781039,0.2484440365580236,-0.9660116078240965,3.419544658154907,0.38845713909270985,0.04939472663088885,
PatientID_0189,4,5,True,-2.0119932432432464,-1.7152027027026975,0.8192567567567561,0.05993212723176869,-0.25332753359053894,0.9655222943311086,2.767890669030609,0.3742416216763597,0.3991977396480809,
PatientID_0189,5,6,True,2.399580052493434,0.8634120734908208,-1.7761679790026248,-0.019931626473342085,-0.2214327319647309,0.974971935740082,3.1077705073908493,0.3929930357759405,0.6341295650835767,
PatientID_0191,3,4,True,3.5765299756111375,1.1508479382905108,-2.5115478418694366,0.4271789014068644,0.8964480798199363,-0.11789413208457011,4.519279832618417,0.3498541676674675,0.6318684456472623,
PatientID_0196,1,2,False,,,,,,,,,,growth region < 30 voxels
PatientID_0197,1,2,False,,,,,,,,,,growth region < 30 voxels
PatientID_0198,1,2,True,-2.2231182795698885,-5.335194375516963,-1.6481182795698928,0.20467090031636445,-0.9764448397957786,-0.0683029823645015,6.010228595732282,0.3484079207218296,0.809800611366386,
PatientID_0198,2,3,True,-0.21144423570522974,-0.7406797052330347,-1.3827677481542011,0.2115188836742276,-0.9726017090459148,-0.0964659391193241,1.5828334517227338,0.3565392492576469,0.511141514603827,
PatientID_0198,3,4,True,-1.823929085673143,0.6289596832253466,3.318163118379104,0.3426546548768727,-0.9063623477841699,-0.24717419365779136,3.838295725039791,0.35285422205735323,0.5250266274650892,
PatientID_0199,1,2,True,0.9138321995464835,-1.2494331065759638,1.7251700680272108,0.3672933481656414,0.04248399584799245,0.9291343855923431,2.3178404044180954,0.35961163181024247,0.8134634312723547,
PatientID_0199,2,3,True,0.6315789473684248,1.6039473684210535,2.9105263157894683,0.42069699594911025,0.028155672718063518,0.9067641896839487,3.382706396116406,0.35827632159985123,0.8720900586294894,
PatientID_0201,1,2,True,0.8016840882694538,-2.3961962833914043,1.0509581881533094,0.369719227714492,-0.9285166526936974,0.03412503961450303,2.7365977269539803,0.3534008401573163,0.934434074418335,
PatientID_0201,2,3,True,2.75466101694915,-0.7574152542372872,12.095550847457623,-0.5645189069570135,0.8249566374122244,0.027657730882601428,12.42836214024533,0.3604801707409607,0.14847953869916083,
PatientID_0201,3,4,True,7.873611111111117,-3.3972222222222257,5.697222222222223,0.6055254065133168,-0.7922585572603698,-0.07526858916307694,10.295300471844213,0.3515794573875733,0.682867691493362,
PatientID_0201,4,5,True,-1.403661726242376,0.5675675675675649,2.6634699215344355,0.4914799984944132,-0.8691314388757955,0.05529876162828007,3.063734846293155,0.35738053086745064,0.3381088584470004,
PatientID_0201,5,6,False,,,,,,,,,,growth region < 30 voxels
PatientID_0204,1,2,True,-1.4980023568721919,6.7545725757702115,-7.830946425267484,-0.23298460126730686,-0.9069958049838583,-0.35082301138037875,10.449496813624629,0.38048107001404763,0.2899738959724554,
PatientID_0204,2,3,False,,,,,,,,,,growth region < 30 voxels
PatientID_0204,3,4,True,2.335673488814855,14.248810090433132,1.4604652546406491,-0.14112678397354247,-0.9573692519863357,-0.2520463175616918,14.51264684334302,0.382028522742696,0.988041932667739,
PatientID_0204,4,5,True,2.751305542003216,2.1473342548923853,4.3623601850346,-0.31077017170573773,-0.929713636879084,-0.19762199720439544,5.58667279976794,0.36631942694412506,0.6647119136563809,
PatientID_0204,5,6,True,-1.3284147207722654,-8.130592902088836,-0.8891649144700295,-0.2904564921624858,-0.9263850139321982,-0.23967860172010602,8.286244074065541,0.36677385623170444,0.9812672459961089,
PatientID_0205,1,2,True,0.18574718479310093,0.8670272555268852,2.597149781161967,-0.6844858662909057,-0.7271626302402232,0.05209230298334652,2.7443442321025797,0.3501279534561776,0.22676442034492264,
PatientID_0205,2,3,True,-1.22556803361757,-4.311758417021572,2.4059789539665744,-0.6713698112079702,-0.7369303775185165,0.0787159150933962,5.087436719872956,0.35273788947406315,0.8235314173182001,
PatientID_0205,3,4,True,2.7388396579242027,2.643690893065582,1.661146049215084,-0.5161978501546364,-0.8487528987012991,0.11470961791355297,4.153281883850306,0.34833778306417945,0.8347793673662588,
PatientID_0205,4,5,True,7.869242205802848,6.623963777257167,-7.575680302757256,-0.5858285584437682,-0.7847610809826872,0.20237328352966957,12.77469377580489,0.3662453734735852,0.8877998399477317,
PatientID_0207,1,2,True,3.392364611593983,-4.935473909698246,4.941306714309995,-0.696531907008184,0.7069235734245539,-0.12289167529251821,7.764248348436075,0.3465896065072261,0.8319077669025023,
PatientID_0207,2,3,False,,,,,,,,,,growth region < 30 voxels
PatientID_0207,3,4,True,-0.8421105527638275,-1.9048241206030099,-0.6777889447236163,0.019416378249102195,-0.6830412744599794,0.7301216485215147,2.1901833181486845,0.353852439537202,0.3606339111993369,
PatientID_0207,4,5,False,,,,,,,,,,growth region < 30 voxels
PatientID_0207,5,6,True,-0.9105990783410078,-3.952995391705066,1.5705069124423972,0.43839450385344086,-0.7246146907122,0.5317365973817844,4.349925885615332,0.35230785561130223,0.7587009504434926,
PatientID_0209,1,2,True,-0.15929307116104496,-0.9059369828412116,2.7837822634497584,0.14226524008045943,-0.9217278343605535,-0.36080244016615715,2.931815101553441,0.3574302845586382,0.06549866231083551,
PatientID_0209,2,3,True,-1.2488394160145617,-1.1489601287602653,-0.03878872867257854,0.17005709556497475,-0.8704907669254603,-0.4618727194211947,1.6974138652504378,0.35490537518826565,0.4746636349720311,
PatientID_0209,3,4,True,-0.47201152970383475,2.2173471019624884,-2.1710283825668455,0.20252203633750165,-0.862818571701473,-0.46317268607371753,3.1389149865304753,0.3575980422444474,0.31960086605122534,
PatientID_0209,4,5,True,-1.486353111771166,0.29970865255145895,-1.2521157771993927,0.1379984777214134,-0.8989741093094252,-0.41569456447961717,1.9664345320395689,0.35690384460559144,0.02336865843818071,
PatientID_0209,5,6,True,1.4744832534830437,-3.4704432318045093,-0.3134897197980848,0.17778266633837314,-0.8920108521550681,-0.4155838822514748,3.7836956661971044,0.3554508696239325,0.9218743184857229,
PatientID_0210,1,2,True,-0.8933104514638188,-1.8794878765738332,-2.827438703209694,0.08670959485082122,0.7189371251173321,0.6896454569478663,3.510681965272648,0.3450550982483654,0.9623835163331413,
PatientID_0210,2,3,True,0.018648018648022457,3.655322455322448,-3.493395493395493,-0.11770514477462612,-0.6025314746845254,-0.7893676715625467,5.056237936871638,0.34520190035339043,0.10935633887972841,
PatientID_0210,3,4,True,0.7060888082656334,-0.21123379866970993,-5.797555012224937,0.08607514160881771,-0.7824758460996922,-0.616703024370396,5.84421297033509,0.3426971146738064,0.6504608522631753,
PatientID_0210,4,6,True,-0.35959949283105175,-0.3474727113731717,5.7161578583565,0.012977282522837419,0.9801773631868386,0.19769655240903639,5.73798830096787,0.3502081915776658,0.13677497238254147,
PatientID_0211,2,3,True,3.2111382113821065,-3.7745528455284543,2.2174796747967456,0.06805857770437497,0.9185017716090517,0.38951575777096814,5.42916880419295,0.3733873725289175,0.4392283213701514,
PatientID_0212,1,2,True,-0.10535080191738899,1.4216208163615889,5.880136033997864,0.04671377688670622,0.998180644757847,0.03812116839483903,6.0504631488256635,0.3549407697980098,0.27076781807619954,
PatientID_0212,2,3,True,-1.9534231797527042,-2.178103223254638,-6.194754048106077,-0.1296141458341147,-0.9899405071887001,-0.05672711368183386,6.850910412994323,0.3516085190607895,0.40298212020342283,
PatientID_0213,2,3,True,-1.2308772745449872,1.3101979989322956,1.363258403282714,0.04928297759224795,0.8650971269859128,0.49917747244878957,2.256136329107446,0.3558967651602361,0.7771228577564172,
PatientID_0213,3,4,False,,,,,,,,,,growth direction undefined (centroid shift < 1 voxel)
PatientID_0213,4,5,True,-0.6310589907604864,0.5849324804548672,-1.475159914712151,-0.12389970302862512,0.8700768934700334,0.47709020429993637,1.7077699583036026,0.3610697195256746,0.0683113597854362,
PatientID_0214,1,2,False,,,,,,,,,,no seed
PatientID_0214,2,3,True,-4.464178283198827,6.114471753484963,2.1182807532403984,-0.16033796005236287,0.9351005223075713,0.3160359975483077,7.861473520778291,0.36326151887306124,0.9035044030513203,
PatientID_0214,3,4,False,,,,,,,,,,growth region < 30 voxels
PatientID_0214,4,5,False,,,,,,,,,,growth region < 30 voxels
PatientID_0214,5,6,False,,,,,,,,,,growth region < 30 voxels
PatientID_0215,1,2,True,0.5342462848012701,-2.426572684982254,-0.804084244163846,-0.7601449854801363,-0.6426411371540908,0.09587476146880607,2.611556156784397,0.35027803624946696,0.412098896420472,
PatientID_0215,2,3,False,,,,,,,,,,growth direction undefined (centroid shift < 1 voxel)
PatientID_0215,3,4,True,0.4325197026259531,-1.6267189942886304,1.874720015315397,-0.4930740658997096,-0.8455973493446628,0.20455583178782477,2.5194965995935017,0.3614757965192274,0.6135233259275248,
PatientID_0215,4,5,True,-0.8927756653992418,1.0754873177070792,1.1803436492275097,-0.6122211376171512,-0.7677688149888958,0.18898763288984588,1.8294623498584335,0.3610727840215772,0.030653343417636973,
PatientID_0215,5,6,True,2.3660901310670894,-0.6709557723382602,0.5165479681608716,-0.5943805596707225,-0.7775681353628835,0.2051817368914851,2.5130431671935587,0.3567718204967495,0.3098466227707327,
PatientID_0235,1,3,True,-5.597439544807969,7.856187766714086,-1.444381223328591,0.35898216938368266,-0.7799284811335447,-0.51268252006608,9.753832723701606,0.3684027993639085,0.7582800307511678,
PatientID_0236,1,3,False,,,,,,,,,,growth region < 30 voxels
PatientID_0238,1,3,True,-4.520702367920997,-3.346443537776011,-1.3213183969975688,-0.06606664485964603,-0.9395625333348574,-0.33594262068153014,5.7776566665988,0.37569762900328757,0.6727204462293929,
PatientID_0238,3,6,True,6.892539573093458,4.496351182497072,3.0675864749990396,0.06158222101886357,0.9560612670196263,0.2866260346849363,8.782617064668093,0.35566758645265,0.6379072672763393,
PatientID_0239,3,6,True,-11.73366515837104,-3.61330316742081,-13.892760180995474,0.019820711635854433,0.9953208089895607,0.09457074908561636,18.540324788824954,0.34137116015187086,0.27738533283629024,
PatientID_0242,1,3,False,,,,,,,,,,no seed
PatientID_0249,1,3,False,,,,,,,,,,no seed
PatientID_0250,1,2,True,-6.506110913265189,-3.436742765784942,-1.3448302860852053,-0.14444207038276513,-0.9215104239389805,-0.3604927556489069,7.479923031171881,0.404808657718443,0.6138501653153022,
PatientID_0250,2,3,True,2.283500744047622,9.48539806547619,-1.1561197916666615,-0.24320641810984006,-0.9221963447231885,-0.3006734773294317,9.824650888519594,0.37850767115042133,0.9114977218612513,
PatientID_0251,1,2,True,-2.8408246925488356,3.7414275379792628,3.7742946708463947,-0.15231554500635525,0.658436269877927,0.7370628557040835,6.026098673115488,0.36100118593317493,0.9422490519667995,
PatientID_0251,2,3,True,-3.1133078822508224,0.5672108029451266,-3.907859215623482,-0.19532469240596934,-0.48782815530528323,-0.8508066498493991,5.028496565952504,0.3856279106197262,0.7271034322424597,
PatientID_0252,1,2,True,0.23628338361828582,-0.7418147279025575,-3.2694714493239445,0.06024423806757379,0.9524312761334974,0.29873951198724225,3.3608871575599895,0.3699552723683567,0.49659898191158186,
PatientID_0252,2,3,True,-6.144092506338765,22.597316715616728,3.144057248798461,0.05947144492240643,0.9473142185350787,0.3147362683265378,23.627816053458297,0.3683470688341153,0.932414158058527,
PatientID_0254,1,2,True,2.031797742497943,-2.142378636321922,5.453565201431587,0.48211042371759805,0.1641970544434329,0.8605863504930452,6.201561230372064,0.35415727856309026,0.8580165840778429,
PatientID_0254,2,3,True,-0.7662980077266894,-0.5301467060576215,2.0162613943388124,0.19601960274991073,0.19863060557526713,0.9602719395393005,2.2211659498764904,0.35019885566180353,0.7566505544184157,
PatientID_0256,1,2,True,-0.20152268051889166,0.6887851432972951,2.7773326319546854,0.409024207752887,-0.9031079612560268,-0.13074864354212312,2.8685558932868878,0.3566732421538976,0.37217593634551344,
PatientID_0256,2,3,True,-0.39402455326991515,-3.3179783532509646,-3.10211949340831,0.2076430150713821,-0.9722272249449976,-0.10797500343975142,4.5593180468799686,0.35558072528456136,0.7630447728707245,
PatientID_0256,3,4,True,-0.3219148936170342,-2.535858944050446,5.972096138691889,0.26657841901828994,-0.955375784586604,-0.12725194198612821,6.496163642691868,0.358348181250762,0.24274663020102732,
PatientID_0256,4,5,True,-1.2230344923893313,4.7646557743331925,-3.175450356095517,0.22873885117949944,-0.8806039037500208,-0.4149883162949375,5.855018614956558,0.3588656987663152,0.5393245334565203,
PatientID_0259,1,2,True,-0.31391019495045214,4.018873556133862,6.905812559923298,-0.11454266468669098,-0.9089757782742344,-0.40080295966624574,7.99625733599665,0.3645655424527019,0.7984951525315492,
PatientID_0264,1,2,False,,,,,,,,,,growth region < 30 voxels
PatientID_0267,1,2,True,-13.083838063527296,14.295769047822318,-3.849953450175427,-0.3532978073967675,0.9039013976466299,0.24112843594463418,19.75798503668322,0.3569940605531984,0.8409827033570572,
PatientID_0270,1,3,True,4.137314859053994,-11.791877687529862,5.174868609651213,0.024079166958544694,0.9952237439606081,0.09460387505600798,13.525716940989378,0.3500005955151262,0.8240872547096023,
PatientID_0270,3,6,True,-0.8596362876254204,0.5432169732441494,4.588524247491641,-0.7242064764785191,0.6809776156262617,-0.10860233166253262,4.699852550542589,0.36364329579578986,0.10514124190919301,
PatientID_0271,1,3,False,,,,,,,,,,growth region < 30 voxels
PatientID_0272,1,3,True,-0.9376889189606601,5.248442682630852,-1.9531113252090524,-0.595866020638984,-0.7588739173139205,0.2627813978737591,5.678032665480431,0.34855644418335935,0.6934462779346566,
PatientID_0272,3,6,True,0.6933397356230984,-1.5073155575641266,-0.987557903061802,-0.8438693723135059,-0.5221900644734188,-0.1232964680615634,1.9308005570147801,0.3591586300032704,0.16769181102802416,
PatientID_0274,1,3,True,-4.571285285806596,2.9632796150025555,-0.23288391246902052,-0.1330339070171182,-0.9012633809884263,-0.4123424519414305,5.452697512021775,0.35971260650183223,0.3606529676641133,
PatientID_0275,1,3,False,,,,,,,,,,growth region < 30 voxels
