rank	gene_a	gene_b	tumor_collapse	healthy_impact	therapeutic_index	bliss_synergy	loewe_synergy	infinite
1	LYN	PLEK	0.447843	0.030429	14.72	0.162601	0.314963	False
2	BCL2A1	TNFRSF1B	0.143933	0.009806	14.68	0.060000	0.404094	False
3	LST1	SERPINA1	0.326511	0.022684	14.39	0.120000	0.336903	False
4	PILRA	LST1	0.442896	0.030867	14.35	0.161489	0.312265	False
5	ARHGDIB	PILRA	0.411696	0.028733	14.33	0.120000	0.230575	False
6	HCK	PLAUR	0.242657	0.016948	14.32	0.100000	0.395245	False
7	CXCL8	SERPINA1	0.237155	0.016683	14.22	0.080000	0.310064	False
8	LYN	HCK	0.425615	0.030038	14.17	0.140000	0.278094	False
9	PILRA	HCK	0.379536	0.026833	14.14	0.132285	0.303937	False
10	PLAUR	GMFG	0.132093	0.009354	14.12	0.060000	0.444020	False
11	CD69	CXCL8	0.353921	0.025107	14.10	0.111453	0.270786	False
12	LYN	SERPINA1	0.351477	0.025180	13.96	0.100000	0.246916	False
13	LYN	CD69	0.467242	0.033604	13.90	0.140000	0.231334	False
14	LST1	HCK	0.382700	0.027542	13.90	0.140000	0.323044	False
15	C5AR1	PLEK	0.417183	0.030067	13.88	0.155928	0.329140	False
16	ARHGDIB	LCP1	0.259600	0.018723	13.87	0.060000	0.203080	False
17	CD69	PILRA	0.421227	0.030399	13.86	0.130113	0.249619	False
18	ARHGDIB	LST1	0.407414	0.029442	13.84	0.120000	0.235029	False
19	BCL2A1	PLAUR	0.139936	0.010147	13.79	0.060000	0.416958	False
20	CD69	TNFRSF1B	0.277964	0.020173	13.78	0.081842	0.270302	False
21	CD69	HCK	0.372929	0.027075	13.77	0.120000	0.274512	False
22	LYN	C5AR1	0.497838	0.036205	13.75	0.162750	0.258926	False
23	HCK	CXCL8	0.295595	0.021541	13.72	0.100000	0.302477	False
24	TNFRSF1B	PLAUR	0.137465	0.010047	13.68	0.060000	0.425149	False
25	CXCL8	EVI2B	0.210614	0.015401	13.68	0.060000	0.257508	False
26	CD69	PLEK	0.372539	0.027466	13.56	0.120000	0.275001	False
27	LYN	PILRA	0.452464	0.033363	13.56	0.130335	0.220317	False
28	C5AR1	LST1	0.456831	0.033710	13.55	0.161687	0.297877	False
29	C5AR1	HCK	0.401641	0.029676	13.53	0.140000	0.302021	False
30	ARHGDIB	SERPINA1	0.277872	0.020550	13.52	0.060000	0.177023	False
31	ARHGDIB	CD69	0.391080	0.028974	13.50	0.094041	0.173714	False
32	LYN	LST1	0.458031	0.034072	13.44	0.140000	0.240949	False
33	LST1	PLAUR	0.281559	0.020982	13.42	0.100000	0.335264	False
34	HCK	PLEK	0.320102	0.023900	13.39	0.113813	0.318370	False
35	LYN	CXCL8	0.375612	0.028071	13.38	0.100000	0.215194	False
36	CD69	SERPINA1	0.297229	0.022216	13.38	0.080000	0.232937	False
37	CXCL8	BCL2A1	0.196747	0.014741	13.35	0.060000	0.283217	False
38	HCK	SERPINA1	0.248794	0.018650	13.34	0.080000	0.292212	False
39	C5AR1	PILRA	0.439766	0.033000	13.33	0.140386	0.259012	False
40	CD69	PLAUR	0.272614	0.020514	13.29	0.080000	0.271324	False
41	TALDO1	TNFRSF1B	0.170030	0.012802	13.28	0.073087	0.415718	False
42	CXCL8	TNFRSF1B	0.194429	0.014640	13.28	0.060000	0.287871	False
43	PILRA	PLEK	0.359752	0.027224	13.21	0.112894	0.266952	False
44	LYN	TNFRSF1B	0.305192	0.023136	13.19	0.073897	0.215154	False
45	TALDO1	PLAUR	0.173002	0.013144	13.16	0.080000	0.449932	False
46	SMAP2	SERPINA1	0.496104	0.037705	13.16	0.120000	0.197276	False
47	PILRA	PLAUR	0.266478	0.020273	13.14	0.080000	0.278467	False
48	GCA	ICAM1	0.073397	0.005587	13.14	0.015039	0.194015	False
49	ARHGDIB	HCK	0.333543	0.025408	13.13	0.080000	0.186777	False
50	C5AR1	CD69	0.436079	0.033242	13.12	0.131414	0.238129	False
51	LYN	PLAUR	0.307940	0.023478	13.12	0.080000	0.235740	False
52	CD69	LST1	0.406828	0.031109	13.08	0.120000	0.235622	False
53	C5AR1	PLAUR	0.302029	0.023115	13.07	0.100000	0.309907	False
54	SMAP2	PILRA	0.597779	0.045888	13.03	0.162785	0.186451	False
55	LST1	CXCL8	0.332096	0.025575	12.99	0.100000	0.257445	False
56	CD69	EVI2B	0.271154	0.020934	12.95	0.060000	0.185884	False
57	SMAP2	PLEK	0.555798	0.042954	12.94	0.151550	0.207747	False
58	ARHGDIB	CXCL8	0.303090	0.023441	12.93	0.060000	0.146218	False
59	CD69	GMFG	0.251441	0.019481	12.91	0.060000	0.215527	False
60	SMAP2	LST1	0.600587	0.046597	12.89	0.169010	0.198763	False
61	PILRA	EVI2B	0.265159	0.020693	12.81	0.060000	0.191518	False
62	HCK	EVI2B	0.222344	0.017368	12.80	0.060000	0.240584	False
63	SMAP2	LYN	0.628385	0.049093	12.80	0.164596	0.157530	False
64	SMAP2	HCK	0.544559	0.042563	12.79	0.140000	0.190542	False
65	LYN	EVI2B	0.305668	0.023898	12.79	0.060000	0.157749	False
66	LYN	GMFG	0.286818	0.022444	12.78	0.060000	0.184334	False
67	LYN	ARHGDIB	0.407795	0.031938	12.77	0.080000	0.117590	False
68	PILRA	GMFG	0.245296	0.019239	12.75	0.060000	0.221862	False
69	CD69	BCL2A1	0.258275	0.020274	12.74	0.060000	0.204739	False
70	PILRA	CXCL8	0.316711	0.024866	12.74	0.080000	0.205239	False
71	SMAP2	C5AR1	0.620586	0.048730	12.74	0.174792	0.190317	False
72	CXCL8	PLAUR	0.190652	0.014981	12.73	0.060000	0.295699	False
73	SMAP2	PLAUR	0.456486	0.036003	12.68	0.100000	0.191893	False
74	HCK	GMFG	0.201411	0.015914	12.66	0.060000	0.278345	False
75	LYN	BCL2A1	0.293352	0.023237	12.62	0.060000	0.174731	False
76	LST1	TNFRSF1B	0.260333	0.020641	12.61	0.075217	0.264998	False
77	SMAP2	ARHGDIB	0.559716	0.044463	12.59	0.120000	0.118506	False
78	C5AR1	CXCL8	0.348397	0.027708	12.57	0.097095	0.231150	False
79	LYN	SLC25A37	0.316998	0.025225	12.57	0.060000	0.143291	False
80	C5AR1	ARHGDIB	0.396575	0.031575	12.56	0.091339	0.160499	False
81	SMAP2	CD69	0.579255	0.046129	12.56	0.140000	0.149430	False
82	S100A11	PILRA	0.716171	0.057049	12.55	0.177755	0.150071	False
83	PILRA	LCP1	0.252854	0.020148	12.55	0.060000	0.209754	False
84	TALDO1	GMFG	0.151684	0.012110	12.53	0.060000	0.381845	False
85	S100A11	PLEK	0.676949	0.054115	12.51	0.163651	0.168764	False
86	S100A11	SERPINA1	0.610306	0.048866	12.49	0.120000	0.146974	False
87	HCK	BCL2A1	0.208668	0.016708	12.49	0.060000	0.264397	False
88	S100A11	CD69	0.713391	0.057290	12.45	0.171494	0.137824	False
89	CD69	TALDO1	0.289661	0.023270	12.45	0.080000	0.244045	False
90	HCK	TNFRSF1B	0.206382	0.016607	12.43	0.060000	0.268685	False
91	PLEK	CXCL8	0.272563	0.021932	12.43	0.077388	0.245242	False
92	LYN	TALDO1	0.324240	0.026234	12.36	0.080000	0.211482	False
93	S100A11	HCK	0.663552	0.053724	12.35	0.150000	0.151280	False
94	TALDO1	BCL2A1	0.159361	0.012903	12.35	0.060000	0.360499	False
95	PILRA	SERPINA1	0.271279	0.021975	12.35	0.060000	0.183063	False
96	C5AR1	SERPINA1	0.306356	0.024818	12.34	0.080000	0.223865	False
97	PLEK	GMFG	0.200963	0.016306	12.32	0.060000	0.279050	False
98	PLEK	SLC25A37	0.234494	0.019086	12.29	0.060000	0.221679	False
99	LST1	PLEK	0.342304	0.027934	12.25	0.100000	0.244515	False
100	S100A11	LYN	0.736832	0.060254	12.23	0.174892	0.115447	False
101	SMAP2	CXCL8	0.496221	0.040596	12.22	0.100000	0.136824	False
102	HCK	TALDO1	0.240758	0.019704	12.22	0.080000	0.306062	False
103	S100A11	PLAUR	0.574279	0.047164	12.18	0.100000	0.144559	False
104	LST1	EVI2B	0.260353	0.021402	12.16	0.060000	0.196221	False
105	ARHGDIB	PLEK	0.313153	0.025799	12.14	0.060000	0.135312	False
106	CST3	PILRA	0.734894	0.060571	12.13	0.195411	0.170007	False
107	SMAP2	TNFRSF1B	0.432084	0.035662	12.12	0.072803	0.136577	False
108	LST1	GMFG	0.240370	0.019949	12.05	0.060000	0.227175	False
109	S100A11	TNFRSF1B	0.563358	0.046822	12.03	0.086795	0.120552	False
110	PLEK	SERPINA1	0.228360	0.019042	11.99	0.060000	0.230915	False
111	SPI1	PLEK	0.643190	0.053800	11.96	0.177316	0.207874	False
112	S100A11	CXCL8	0.618753	0.051757	11.96	0.112013	0.109988	False
113	WAS	SIPA1	0.060727	0.005081	11.95	0.000000	-0.007621	False
114	LST1	BCL2A1	0.247297	0.020742	11.92	0.060000	0.215878	False
115	C5AR1	EVI2B	0.280353	0.023535	11.91	0.060000	0.177708	False
116	LST1	LCP1	0.247974	0.020857	11.89	0.060000	0.214809	False
117	SMAP2	GMFG	0.415551	0.034969	11.88	0.060000	0.115654	False
118	S100A11	LST1	0.685625	0.057758	11.87	0.150000	0.119658	False
119	S100A11	C5AR1	0.709623	0.059891	11.85	0.162384	0.119462	False
120	SMAP2	EVI2B	0.431263	0.036423	11.84	0.060000	0.093377	False
121	C5AR1	GMFG	0.260870	0.022082	11.81	0.060000	0.206387	False
122	S100A6	BCL2A1	0.306711	0.025992	11.80	0.060000	0.165109	False
123	CXCL8	TALDO1	0.209007	0.017737	11.78	0.060000	0.260313	False
124	SMAP2	BCL2A1	0.420997	0.035763	11.77	0.060000	0.107743	False
125	S100A6	TNFRSF1B	0.304688	0.025891	11.77	0.060000	0.167989	False
126	SMAP2	LCP1	0.421529	0.035878	11.75	0.060000	0.106981	False
127	C5AR1	SLC25A37	0.292063	0.024862	11.75	0.060000	0.162312	False
128	LST1	TALDO1	0.278839	0.023738	11.75	0.080000	0.255894	False
129	ARHGDIB	SIPA1	0.169326	0.014434	11.73	0.000000	-0.008454	False
130	ARHGDIB	EVI2B	0.225994	0.019268	11.73	0.014192	0.020150	False
131	CST3	CD69	0.712525	0.060813	11.72	0.169569	0.135004	False
132	SPI1	PILRA	0.664442	0.056733	11.71	0.171002	0.163993	False
133	C5AR1	BCL2A1	0.267624	0.022875	11.70	0.060000	0.195972	False
134	SMAP2	SLC25A37	0.440706	0.037750	11.67	0.060000	0.080751	False
135	CST3	SERPINA1	0.611484	0.052388	11.67	0.120000	0.146553	False
136	PLEK	PLAUR	0.202209	0.017339	11.66	0.060000	0.276577	False
137	C5AR1	TNFRSF1B	0.265496	0.022774	11.66	0.060000	0.199196	False
138	SPI1	CD69	0.662891	0.056975	11.63	0.165630	0.152421	False
139	FPR1	PILRA	0.658205	0.056636	11.62	0.174701	0.173933	False
140	FPR1	PLEK	0.623695	0.053703	11.61	0.168297	0.201964	False
141	SMAP2	TALDO1	0.450073	0.038759	11.61	0.080000	0.135222	False
142	CST3	HCK	0.664676	0.057246	11.61	0.150000	0.150817	False
143	CST3	LYN	0.738316	0.063776	11.58	0.175363	0.115514	False
144	S100A11	GMFG	0.533515	0.046130	11.57	0.060000	0.081820	False
145	C5AR1	TALDO1	0.298877	0.025871	11.55	0.080000	0.234630	False
146	FPR1	LYN	0.691171	0.059841	11.55	0.181344	0.151014	False
147	SPI1	SERPINA1	0.560643	0.048551	11.55	0.120000	0.166331	False
148	S100A11	ARHGDIB	0.642273	0.055624	11.55	0.100000	0.041284	False
149	CST3	LST1	0.707319	0.061280	11.54	0.170620	0.144873	False
150	SPI1	LYN	0.691557	0.059938	11.54	0.172300	0.134488	False
151	CST3	PLEK	0.664423	0.057638	11.53	0.150000	0.151193	False
152	SPI1	LST1	0.661128	0.057443	11.51	0.170750	0.167532	False
153	FPR1	CD69	0.654102	0.056878	11.50	0.166702	0.159006	False
154	S100A6	PLAUR	0.301392	0.026233	11.49	0.060000	0.172767	False
155	S100A11	EVI2B	0.546350	0.047584	11.48	0.060000	0.060375	False
156	ARHGDIB	CSK	0.163180	0.014221	11.47	0.000000	-0.001495	False
157	S100A11	BCL2A1	0.537964	0.046923	11.46	0.060000	0.074270	False
158	ARHGDIB	WAS	0.205789	0.017955	11.46	0.000000	-0.041188	False
159	WAS	GPSM3	0.080319	0.007011	11.46	0.000000	-0.019237	False
160	PILRA	TALDO1	0.263654	0.023029	11.45	0.060000	0.193656	False
161	LYN	ICAM1	0.232824	0.020361	11.43	0.018168	0.060301	False
162	SPI1	C5AR1	0.679699	0.059576	11.41	0.176576	0.158991	False
163	ARHGDIB	GPSM3	0.186653	0.016364	11.41	0.000000	-0.025604	False
164	ARHGDIB	ICAM1	0.179397	0.015731	11.40	0.000000	-0.018826	False
165	SPI1	ARHGDIB	0.629887	0.055309	11.39	0.132214	0.106917	False
166	S100A6	CD69	0.413454	0.036359	11.37	0.074489	0.097530	False
167	FPR1	HCK	0.605682	0.053311	11.36	0.150000	0.177462	False
168	CST3	PLAUR	0.575494	0.050686	11.35	0.100000	0.144172	False
169	SPI1	HCK	0.606154	0.053409	11.35	0.140000	0.158706	False
170	WAS	GCA	0.088643	0.007810	11.35	0.000000	-0.022618	False
171	S100A11	SLC25A37	0.554065	0.048911	11.33	0.060000	0.047964	False
172	FPR1	LST1	0.649570	0.057345	11.33	0.169189	0.170819	False
173	S100A11	TALDO1	0.565378	0.049920	11.33	0.080000	0.095147	False
174	ARHGDIB	IFITM3	0.163292	0.014430	11.32	0.000000	-0.001627	False
175	WAS	ICAM1	0.072115	0.006378	11.31	0.000000	-0.015141	False
176	ARHGDIB	GCA	0.194014	0.017164	11.30	0.000000	-0.031963	False
177	S100A6	PILRA	0.408143	0.036117	11.30	0.074202	0.101406	False
178	CST3	C5AR1	0.716493	0.063414	11.30	0.168208	0.126143	False
179	S100A6	CXCL8	0.348234	0.030826	11.30	0.060000	0.113360	False
180	BCL2A1	ICAM1	0.079351	0.007031	11.29	0.015245	0.180517	False
181	FPR1	ARHGDIB	0.622666	0.055211	11.28	0.134845	0.115441	False
182	FPR1	C5AR1	0.670779	0.059479	11.28	0.177402	0.165333	False
183	ARHGDIB	TNFRSF1B	0.208295	0.018507	11.26	0.011512	0.022930	False
184	CST3	CXCL8	0.620793	0.055279	11.23	0.112912	0.110878	False
185	CD69	ICAM1	0.195309	0.017398	11.23	0.016586	0.067705	False
186	CSF3R	HCK	0.744700	0.066396	11.22	0.173784	0.157278	False
187	S100A11	ICAM1	0.493729	0.044047	11.21	0.028496	0.038543	False
188	ARHGDIB	SOD2	0.163761	0.014647	11.18	0.000000	-0.002175	False
189	SPI1	PLAUR	0.523054	0.046849	11.16	0.100000	0.162524	False
190	ARHGDIB	MT2A	0.162366	0.014543	11.16	0.000000	-0.000535	False
191	ARHGDIB	NCF1	0.178725	0.016039	11.14	0.000000	-0.018170	False
192	CSF3R	PLEK	0.744100	0.066787	11.14	0.173408	0.157224	False
193	S100A6	LST1	0.409914	0.036827	11.13	0.080000	0.117755	False
194	ARHGDIB	HSPA1B	0.161917	0.014550	11.13	0.000000	0.000000	False
195	CXCL8	ICAM1	0.131838	0.011864	11.11	0.016143	0.107125	False
196	SMAP2	ICAM1	0.363768	0.032886	11.06	0.018354	0.031450	False
197	WAS	CSK	0.053777	0.004868	11.05	0.000000	-0.001467	False
198	ARHGDIB	PPP1R18	0.163092	0.014848	10.98	0.000000	-0.001393	False
199	FPR1	CXCL8	0.563978	0.051344	10.98	0.115918	0.138753	False
200	CST3	TALDO1	0.586568	0.053442	10.98	0.100000	0.125682	False
201	CST3	SLC25A37	0.575235	0.052433	10.97	0.080000	0.080805	False
202	EVI2B	WAS	0.108756	0.009915	10.97	0.000000	-0.028651	False
203	ARHGDIB	NAMPT	0.169592	0.015466	10.97	0.000000	-0.008744	False
204	PLEK	TALDO1	0.220320	0.020095	10.96	0.060000	0.243800	False
205	CSF3R	PILRA	0.764050	0.069721	10.96	0.171203	0.119038	False
206	S100A6	C5AR1	0.426673	0.038960	10.95	0.080000	0.102568	False
207	S100A6	TALDO1	0.317409	0.028988	10.95	0.060000	0.150481	False
208	FPR1	PLAUR	0.511737	0.046751	10.95	0.100000	0.166977	False
209	ARHGDIB	EFHD2	0.171132	0.015641	10.94	0.000000	-0.010403	False
210	FPR1	SERPINA1	0.529671	0.048453	10.93	0.100000	0.139779	False
211	S100A6	HCK	0.358063	0.032793	10.92	0.060000	0.102868	False
212	GPSM3	SIPA1	0.038096	0.003491	10.91	0.000000	-0.006850	False
213	GCA	SIPA1	0.046801	0.004290	10.91	0.000000	-0.007235	False
214	CCL3L1	PLEK	0.846641	0.077680	10.90	0.174391	0.124689	False
215	FPR1	SLC25A37	0.528133	0.048498	10.89	0.094256	0.124241	False
216	CSF3R	LST1	0.766792	0.070430	10.89	0.176407	0.128852	False
217	S100A6	LYN	0.427887	0.039322	10.88	0.060000	0.042205	False
218	CST3	ARHGDIB	0.643332	0.059146	10.88	0.100000	0.040898	False
219	CSF3R	CD69	0.760689	0.069962	10.87	0.164771	0.106765	False
220	SLC25A37	WAS	0.122142	0.011242	10.87	0.000000	-0.031565	False
221	SPI1	CXCL8	0.558678	0.051442	10.86	0.100000	0.109539	False
222	ARHGDIB	SLC25A37	0.223640	0.020595	10.86	0.000000	-0.053322	False
223	ARHGDIB	BASP1	0.180588	0.016637	10.85	0.000000	-0.019975	False
224	CCL3L1	CD69	0.876742	0.080855	10.84	0.185233	0.095015	False
225	CCL3L1	PILRA	0.874030	0.080613	10.84	0.184866	0.099501	False
226	CCL3L1	HCK	0.834774	0.077288	10.80	0.162353	0.111689	False
227	SPI1	TALDO1	0.535235	0.049604	10.79	0.100000	0.143613	False
228	S100A11	SMAP2	0.784876	0.072779	10.78	0.150000	-0.000554	False
229	ARHGDIB	GMFG	0.192105	0.017814	10.78	0.000000	-0.030361	False
230	TNFRSF1B	ICAM1	0.074706	0.006930	10.78	0.013113	0.163919	False
231	CST3	GMFG	0.534732	0.049653	10.77	0.060000	0.081548	False
232	SPI1	EVI2B	0.508933	0.047269	10.77	0.072631	0.095856	False
233	LYN	SIPA1	0.205017	0.019064	10.75	0.000000	-0.008535	False
234	EVI2B	LCP1	0.114779	0.010683	10.74	0.012969	0.089669	False
235	S100A11	SIPA1	0.458670	0.042750	10.73	0.000000	-0.008748	False
236	CSF3R	ARHGDIB	0.732691	0.068296	10.73	0.136441	0.071692	False
237	CCL3L1	SERPINA1	0.776766	0.072430	10.72	0.120000	0.100146	False
238	GCA	GPSM3	0.066684	0.006220	10.72	0.000000	-0.016952	False
239	CST3	EVI2B	0.547538	0.051106	10.71	0.060000	0.060107	False
240	PILRA	ICAM1	0.183752	0.017156	10.71	0.011271	0.043763	False
241	ARHGDIB	BCL2A1	0.198933	0.018607	10.69	0.000000	-0.035950	False
242	S100A11	CSK	0.454664	0.042537	10.69	0.000000	-0.001504	False
243	CST3	BCL2A1	0.539171	0.050446	10.69	0.060000	0.074000	False
244	CST3	TNFRSF1B	0.537773	0.050345	10.68	0.060000	0.076364	False
245	SMAP2	SIPA1	0.337380	0.031589	10.68	0.000000	-0.008686	False
246	CSF3R	C5AR1	0.774959	0.072563	10.68	0.174328	0.110591	False
247	WAS	NCF1	0.071355	0.006686	10.67	0.000000	-0.014714	False
248	SMAP2	S100A6	0.553132	0.051848	10.67	0.080000	0.017647	False
249	CSF3R	LYN	0.777490	0.072926	10.66	0.163892	0.078866	False
250	ARHGDIB	TAGLN2	0.175573	0.016472	10.66	0.000000	-0.015027	False
251	FPR1	SMAP2	0.770305	0.072366	10.64	0.178865	0.064867	False
252	S100A11	IFITM3	0.454737	0.042746	10.64	0.000000	-0.001637	False
253	CSF3R	PLAUR	0.636274	0.059836	10.63	0.100000	0.126686	False
254	LYN	WAS	0.239914	0.022585	10.62	0.000000	-0.043187	False
255	WAS	IFITM3	0.053904	0.005077	10.62	0.000000	-0.001593	False
256	CSF3R	SLC25A37	0.653727	0.061583	10.62	0.100000	0.094583	False
257	EVI2B	SIPA1	0.067838	0.006394	10.61	0.000000	-0.007757	False
258	SLC25A37	SIPA1	0.081839	0.007721	10.60	0.000000	-0.007956	False
259	SMAP2	CSK	0.332477	0.031376	10.60	0.000000	-0.001502	False
260	S100A11	MT2A	0.454134	0.042859	10.60	0.000000	-0.000536	False
261	CCL3L1	LYN	0.887971	0.083818	10.59	0.182965	0.065130	False
262	S100A11	SOD2	0.455043	0.042963	10.59	0.000000	-0.002194	False
263	CCL3L1	LST1	0.861086	0.081322	10.59	0.173802	0.091899	False
264	S100A11	HSPA1B	0.453841	0.042865	10.59	0.000000	0.000000	False
265	FPR1	TALDO1	0.524157	0.049507	10.59	0.100000	0.147943	False
266	CSF3R	SERPINA1	0.650411	0.061538	10.57	0.100000	0.100550	False
267	LYN	CSK	0.199135	0.018851	10.56	0.000000	-0.001498	False
268	CCL3L1	CXCL8	0.795184	0.075321	10.56	0.127350	0.083147	False
269	LYN	GPSM3	0.221600	0.020994	10.56	0.000000	-0.026363	False
270	CCL3L1	PLAUR	0.745973	0.070728	10.55	0.100000	0.102340	False
271	FPR1	TNFRSF1B	0.489064	0.046410	10.54	0.074771	0.119807	False
272	S100A11	PPP1R18	0.454607	0.043164	10.53	0.000000	-0.001400	False
273	FPR1	BCL2A1	0.489806	0.046511	10.53	0.073945	0.115901	False
274	SMAP2	IFITM3	0.332566	0.031586	10.53	0.000000	-0.001635	False
275	SPI1	GMFG	0.482215	0.045815	10.53	0.060000	0.094499	False
276	S100A11	GPSM3	0.469962	0.044680	10.52	0.000000	-0.028503	False
277	FPR1	EVI2B	0.495996	0.047171	10.51	0.070751	0.095977	False
278	CST3	ICAM1	0.499610	0.047570	10.50	0.033141	0.047333	False
279	LYN	GCA	0.228645	0.021793	10.49	0.000000	-0.033153	False
280	EVI2B	GPSM3	0.087282	0.008324	10.49	0.000000	-0.020129	False
281	CSF3R	EVI2B	0.631500	0.060256	10.48	0.084578	0.085083	False
282	S100A11	NAMPT	0.458843	0.043781	10.48	0.000000	-0.009059	False
283	S100A11	NCF1	0.464795	0.044355	10.48	0.000000	-0.019583	False
284	SMAP2	GPSM3	0.351202	0.033520	10.48	0.000000	-0.027857	False
285	CD69	SIPA1	0.168643	0.016101	10.47	0.000000	-0.008452	False
286	EVI2B	GCA	0.095542	0.009123	10.47	0.000000	-0.023860	False
287	SMAP2	SOD2	0.332940	0.031802	10.47	0.000000	-0.002191	False
288	SMAP2	MT2A	0.331828	0.031698	10.47	0.000000	-0.000536	False
289	SLC25A37	GPSM3	0.100991	0.009651	10.46	0.000000	-0.021525	False
290	S100A11	EFHD2	0.459846	0.043957	10.46	0.000000	-0.010852	False
291	SMAP2	HSPA1B	0.331470	0.031705	10.45	0.000000	0.000000	False
292	CD69	WAS	0.205136	0.019621	10.45	0.000000	-0.041144	False
293	LYN	IFITM3	0.199242	0.019060	10.45	0.000000	-0.001630	False
294	SPI1	BCL2A1	0.487098	0.046608	10.45	0.060000	0.086851	False
295	SLC25A37	GCA	0.109127	0.010451	10.44	0.000000	-0.025848	False
296	SPI1	TNFRSF1B	0.485560	0.046507	10.44	0.060000	0.089244	False
297	S100A11	GCA	0.474759	0.045479	10.44	0.000000	-0.036611	False
298	SMAP2	WAS	0.366466	0.035110	10.44	0.000000	-0.047350	False
299	SPI1	LCP1	0.487575	0.046724	10.44	0.060000	0.086112	False
300	CCL3L1	ARHGDIB	0.826247	0.079188	10.43	0.134485	0.038874	False
301	S100A11	WAS	0.482432	0.046271	10.43	0.000000	-0.049246	False
302	PILRA	TNFRSF1B	0.207629	0.019931	10.42	0.017617	0.053820	False
303	SMAP2	GCA	0.357073	0.034319	10.40	0.000000	-0.035553	False
304	CSF3R	TNFRSF1B	0.618283	0.059495	10.39	0.079995	0.094511	False
305	GPSM3	ICAM1	0.049758	0.004788	10.39	0.000000	-0.012373	False
306	SMAP2	NCF1	0.344877	0.033194	10.39	0.000000	-0.019276	False
307	SPI1	SLC25A37	0.504768	0.048596	10.39	0.060000	0.060413	False
308	SMAP2	PPP1R18	0.332407	0.032003	10.39	0.000000	-0.001399	False
309	S100A11	BASP1	0.466009	0.044953	10.37	0.000000	-0.021697	False
310	LYN	SOD2	0.199691	0.019277	10.36	0.000000	-0.002181	False
311	LYN	NCF1	0.214012	0.020669	10.35	0.000000	-0.018548	False
312	SMAP2	NAMPT	0.337592	0.032621	10.35	0.000000	-0.008993	False
313	LYN	MT2A	0.198356	0.019173	10.35	0.000000	-0.000535	False
314	SPI1	SMAP2	0.749300	0.072464	10.34	0.150000	0.022961	False
315	CCL3L1	C5AR1	0.862868	0.083456	10.34	0.167762	0.069129	False
316	CCL3L1	TNFRSF1B	0.727474	0.070387	10.34	0.079963	0.073764	False
317	S100A11	TAGLN2	0.462741	0.044788	10.33	0.000000	-0.015981	False
318	SMAP2	EFHD2	0.338820	0.032796	10.33	0.000000	-0.010757	False
319	ICAM1	SIPA1	0.029515	0.002858	10.33	0.000000	-0.006248	False
320	SERPINA1	WAS	0.115619	0.011197	10.33	0.000000	-0.030229	False
321	CSF3R	TALDO1	0.646064	0.062592	10.32	0.100000	0.108464	False
322	CSF3R	CXCL8	0.664907	0.064429	10.32	0.100000	0.074904	False
323	LYN	HSPA1B	0.197926	0.019180	10.32	0.000000	0.000000	False
324	CD69	GPSM3	0.185984	0.018031	10.31	0.000000	-0.025587	False
325	S100A11	S100A6	0.649573	0.063008	10.31	0.080000	-0.024893	False
326	SLC25A37	ICAM1	0.092971	0.009018	10.31	0.000000	-0.016523	False
327	FPR1	GMFG	0.470882	0.045718	10.30	0.060000	0.097673	False
328	CST3	SMAP2	0.785720	0.076301	10.30	0.150000	-0.001086	False
329	EVI2B	ICAM1	0.079140	0.007691	10.29	0.000000	-0.015688	False
330	WAS	SOD2	0.054434	0.005294	10.28	0.000000	-0.002116	False
331	PILRA	WAS	0.199095	0.019380	10.27	0.000000	-0.040716	False
332	CD69	GCA	0.193351	0.018830	10.27	0.000000	-0.031936	False
333	CCL3L1	ICAM1	0.694193	0.067612	10.27	0.054311	0.059240	False
334	SLC25A37	EVI2B	0.128788	0.012555	10.26	0.000000	-0.034039	False
335	S100A11	HSPA1A	0.453841	0.044254	10.26	0.000000	0.000000	False
336	ARHGDIB	PLAUR	0.193278	0.018848	10.25	0.000000	-0.031348	False
337	CCL3L1	TALDO1	0.753448	0.073484	10.25	0.100000	0.084271	False
338	SMAP2	BASP1	0.346363	0.033792	10.25	0.000000	-0.021320	False
339	PILRA	SIPA1	0.162325	0.015859	10.24	0.000000	-0.008434	False
340	CXCL8	WAS	0.144135	0.014088	10.23	0.000000	-0.035178	False
341	CD69	CSK	0.162491	0.015888	10.23	0.000000	-0.001495	False
342	C5AR1	ICAM1	0.204533	0.019999	10.23	0.016233	0.061927	False
343	WAS	GMFG	0.086484	0.008461	10.22	0.000000	-0.021804	False
344	LYN	PPP1R18	0.199051	0.019478	10.22	0.000000	-0.001395	False
345	FPR1	LCP1	0.476347	0.046626	10.22	0.060000	0.089252	False
346	LYN	NAMPT	0.205272	0.020095	10.21	0.000000	-0.008831	False
347	CCL3L1	SLC25A37	0.739298	0.072475	10.20	0.080000	0.045230	False
348	LYN	EFHD2	0.206745	0.020271	10.20	0.000000	-0.010526	False
349	CCL3L1	BCL2A1	0.718494	0.070488	10.19	0.070038	0.058615	False
350	WAS	MT2A	0.052857	0.005190	10.18	0.000000	-0.000531	False
351	SMAP2	TAGLN2	0.342363	0.033627	10.18	0.000000	-0.015776	False
352	WAS	BCL2A1	0.094205	0.009254	10.18	0.000000	-0.024544	False
353	S100A11	LCP1	0.478399	0.047039	10.17	0.000000	-0.042656	False
354	LST1	ICAM1	0.181560	0.017866	10.16	0.014083	0.060363	False
355	ARHGDIB	HSPA1A	0.161917	0.015938	10.16	0.000000	0.000000	False
356	S100A6	MT2A	0.222774	0.021928	10.16	0.010450	0.046398	False
357	LYN	BASP1	0.215795	0.021267	10.15	0.000000	-0.020434	False
358	WAS	LCP1	0.094959	0.009370	10.13	0.000000	-0.024788	False
359	CSF3R	GMFG	0.595600	0.058802	10.13	0.060000	0.069396	False
360	PILRA	BCL2A1	0.202826	0.020032	10.12	0.010645	0.018761	False
361	CCL3L1	GMFG	0.705459	0.069695	10.12	0.060000	0.052770	False
362	S100A11	FPR1	0.844979	0.083527	10.12	0.178754	0.002685	False
363	PILRA	GPSM3	0.179798	0.017789	10.11	0.000000	-0.025421	False
364	CD69	IFITM3	0.162604	0.016097	10.10	0.000000	-0.001627	False
365	FCER1G	PLEK	0.881121	0.087305	10.09	0.189230	0.133928	False
366	WAS	BASP1	0.073461	0.007284	10.09	0.000000	-0.015876	False
367	WAS	HSPA1B	0.052349	0.005197	10.07	0.000000	0.000000	False
368	PILRA	GCA	0.187221	0.018588	10.07	0.000000	-0.031677	False
369	CSF3R	BCL2A1	0.599525	0.059595	10.06	0.060000	0.061899	False
370	CD69	NCF1	0.178050	0.017706	10.06	0.000000	-0.018161	False
371	CSF3R	LCP1	0.599908	0.059711	10.05	0.060000	0.061172	False
372	CCL3L1	LCP1	0.708748	0.070603	10.04	0.060000	0.044548	False
373	CCL3L1	EVI2B	0.714103	0.071148	10.04	0.060000	0.031324	False
374	S100A6	SIPA1	0.218869	0.021819	10.03	0.000000	-0.008560	False
375	WAS	TNFRSF1B	0.091773	0.009153	10.03	0.000000	-0.023731	False
376	LYN	LCP1	0.233991	0.023353	10.02	0.000000	-0.038034	False
377	CD69	SLC25A37	0.223002	0.022261	10.02	0.000000	-0.053247	False
378	SMAP2	HSPA1A	0.331470	0.033093	10.02	0.000000	0.000000	False
379	LYN	TAGLN2	0.210996	0.021102	10.00	0.000000	-0.015285	False
380	S100A11	SPI1	0.836139	0.083624	10.00	0.163493	-0.021919	False
381	CD69	SOD2	0.163073	0.016314	10.00	0.000000	-0.002175	False
382	SLC25A37	CSK	0.075045	0.007508	10.00	0.000000	-0.001479	False
383	S100A6	WAS	0.253158	0.025339	9.99	0.000000	-0.043818	False
384	WAS	NAMPT	0.061028	0.006112	9.98	0.000000	-0.007856	False
385	WAS	EFHD2	0.062768	0.006288	9.98	0.000000	-0.009170	False
386	PILRA	CSK	0.156126	0.015646	9.98	0.000000	-0.001495	False
387	CD69	MT2A	0.161677	0.016210	9.97	0.000000	-0.000535	False
388	S100A6	HSPA1A	0.231898	0.023323	9.94	0.019996	0.086228	False
389	SPI1	ICAM1	0.434830	0.043732	9.94	0.021703	0.030694	False
390	CD69	HSPA1B	0.161227	0.016216	9.94	0.000000	0.000000	False
391	CST3	SIPA1	0.459921	0.046273	9.94	0.000000	-0.008748	False
392	CXCL8	SIPA1	0.104841	0.010567	9.92	0.000000	-0.008168	False
393	FCER1G	SERPINA1	0.812879	0.082056	9.91	0.135544	0.113009	False
394	FCER1G	CD69	0.896089	0.090480	9.90	0.186094	0.089958	False
395	S100A6	GPSM3	0.235163	0.023749	9.90	0.000000	-0.026596	False
396	CST3	CSK	0.455925	0.046059	9.90	0.000000	-0.001504	False
397	SLC25A37	NCF1	0.092228	0.009326	9.89	0.000000	-0.016016	False
398	CXCL8	GCA	0.131446	0.013297	9.89	0.000000	-0.028221	False
399	CXCL8	GPSM3	0.123513	0.012498	9.88	0.000000	-0.023146	False
400	S100A6	ICAM1	0.228340	0.023116	9.88	0.000000	-0.019356	False
401	S100A6	CSK	0.213089	0.021606	9.86	0.000000	-0.001498	False
402	S100A6	GCA	0.242085	0.024548	9.86	0.000000	-0.033524	False
403	PILRA	SLC25A37	0.217097	0.022020	9.86	0.000000	-0.052533	False
404	CD69	NAMPT	0.168910	0.017132	9.86	0.000000	-0.008742	False
405	EVI2B	CSK	0.060940	0.006181	9.86	0.000000	-0.001472	False
406	CST3	IFITM3	0.455998	0.046269	9.86	0.000000	-0.001637	False
407	PILRA	IFITM3	0.156239	0.015855	9.85	0.000000	-0.001626	False
408	SERPINA1	GCA	0.102507	0.010406	9.85	0.000000	-0.024945	False
409	CD69	EFHD2	0.170450	0.017308	9.85	0.000000	-0.010400	False
410	FCER1G	HCK	0.855394	0.086914	9.84	0.163343	0.107336	False
411	PILRA	NCF1	0.171803	0.017464	9.84	0.000000	-0.018077	False
412	CD69	PPP1R18	0.162404	0.016514	9.83	0.000000	-0.001393	False
413	FCER1G	PILRA	0.887110	0.090239	9.83	0.179319	0.087934	False
414	CD69	BASP1	0.179914	0.018304	9.83	0.000000	-0.019964	False
415	CST3	MT2A	0.455396	0.046382	9.82	0.000000	-0.000536	False
416	SERPINA1	GPSM3	0.094311	0.009607	9.82	0.000000	-0.020895	False
417	CST3	SOD2	0.456303	0.046486	9.82	0.000000	-0.002194	False
418	CST3	HSPA1B	0.455104	0.046388	9.81	0.000000	0.000000	False
419	EVI2B	NCF1	0.078385	0.007999	9.80	0.000000	-0.015230	False
420	SLC25A37	SERPINA1	0.135497	0.013837	9.79	0.000000	-0.036290	False
421	LCP1	TNFRSF1B	0.097129	0.009922	9.79	0.012434	0.108751	False
422	S100A6	ARHGDIB	0.339508	0.034692	9.79	0.000000	-0.101059	False
423	CST3	S100A6	0.650568	0.066531	9.78	0.080000	-0.025266	False
424	SERPINA1	EVI2B	0.122315	0.012510	9.78	0.000000	-0.032491	False
425	CST3	GPSM3	0.471187	0.048203	9.78	0.000000	-0.028508	False
426	S100A6	IFITM3	0.213195	0.021815	9.77	0.000000	-0.001631	False
427	SERPINA1	SIPA1	0.075016	0.007676	9.77	0.000000	-0.007869	False
428	WAS	PPP1R18	0.053678	0.005495	9.77	0.000000	-0.001368	False
429	GCA	NCF1	0.057586	0.005895	9.77	0.000000	-0.013338	False
430	CXCL8	SLC25A37	0.163372	0.016728	9.77	0.000000	-0.043663	False
431	CST3	PPP1R18	0.455868	0.046686	9.76	0.000000	-0.001400	False
432	CSF3R	ICAM1	0.553778	0.056719	9.76	0.025483	0.026496	False
433	CD69	LCP1	0.198942	0.020389	9.76	0.000000	-0.036440	False
434	PILRA	SOD2	0.156712	0.016072	9.75	0.000000	-0.002174	False
435	GCA	CSK	0.039748	0.004077	9.75	0.000000	-0.001452	False
436	CST3	S100A11	0.852400	0.087462	9.75	0.150000	-0.066336	False
437	SPI1	FPR1	0.810777	0.083212	9.74	0.177074	0.026251	False
438	SLC25A37	IFITM3	0.075169	0.007717	9.74	0.000000	-0.001607	False
439	ARHGDIB	TALDO1	0.210310	0.021604	9.73	0.000000	-0.044456	False
440	CST3	NCF1	0.466032	0.047877	9.73	0.000000	-0.019586	False
441	CST3	NAMPT	0.460095	0.047304	9.73	0.000000	-0.009060	False
442	FCER1G	LYN	0.908857	0.093444	9.73	0.186173	0.062364	False
443	PILRA	MT2A	0.155306	0.015968	9.73	0.000000	-0.000535	False
444	PLEK	ICAM1	0.138321	0.014223	9.73	0.010870	0.062173	False
445	S100A6	NCF1	0.227708	0.023424	9.72	0.000000	-0.018664	False
446	HCK	WAS	0.155954	0.016055	9.71	0.000000	-0.036698	False
447	CST3	GCA	0.475973	0.049002	9.71	0.000000	-0.036620	False
448	CST3	WAS	0.483629	0.049793	9.71	0.000000	-0.049261	False
449	CST3	EFHD2	0.461095	0.047480	9.71	0.000000	-0.010852	False
450	S100A6	EVI2B	0.258812	0.026652	9.71	0.000000	-0.048735	False
451	S100A6	SOD2	0.213636	0.022032	9.70	0.000000	-0.002182	False
452	PILRA	HSPA1B	0.154853	0.015975	9.69	0.000000	0.000000	False
453	SPI1	S100A6	0.607634	0.062693	9.69	0.080000	-0.008053	False
454	CSF3R	SMAP2	0.827933	0.085451	9.69	0.150000	-0.026310	False
455	CST3	SPI1	0.843683	0.087147	9.68	0.170280	-0.014277	False
456	LST1	WAS	0.194253	0.020089	9.67	0.000000	-0.040354	False
457	FCER1G	C5AR1	0.899869	0.093082	9.67	0.186492	0.082911	False
458	S100A6	HSPA1B	0.211902	0.021934	9.66	0.000000	0.000000	False
459	FCER1G	LST1	0.878115	0.090948	9.66	0.172090	0.084409	False
460	C5AR1	WAS	0.214405	0.022222	9.65	0.000000	-0.041753	False
461	S100A6	SLC25A37	0.269944	0.027979	9.65	0.000000	-0.057813	False
462	CD69	TAGLN2	0.174895	0.018138	9.64	0.000000	-0.015021	False
463	SLC25A37	GMFG	0.107017	0.011101	9.64	0.000000	-0.024790	False
464	CST3	BASP1	0.467243	0.048475	9.64	0.000000	-0.021700	False
465	SLC25A37	BCL2A1	0.114564	0.011894	9.63	0.000000	-0.028394	False
466	PILRA	NAMPT	0.162593	0.016890	9.63	0.000000	-0.008723	False
467	LYN	HSPA1A	0.197926	0.020568	9.62	0.000000	0.000000	False
468	CST3	FPR1	0.837586	0.087049	9.62	0.170589	-0.007624	False
469	PILRA	EFHD2	0.164145	0.017066	9.62	0.000000	-0.010373	False
470	PILRA	BASP1	0.173681	0.018062	9.62	0.000000	-0.019863	False
471	FPR1	ICAM1	0.419481	0.043635	9.61	0.017866	0.023254	False
472	GPSM3	NCF1	0.048980	0.005096	9.61	0.000000	-0.012086	False
473	SERPINA1	ICAM1	0.086231	0.008974	9.61	0.000000	-0.016150	False
474	S100A9	PLAUR	0.866956	0.090233	9.61	0.100000	0.082633	False
475	CST3	TAGLN2	0.463983	0.048310	9.60	0.000000	-0.015983	False
476	SLC25A37	LCP1	0.115301	0.012010	9.60	0.000000	-0.028721	False
477	S100A6	NAMPT	0.219120	0.022850	9.59	0.000000	-0.008857	False
478	PILRA	PPP1R18	0.156038	0.016273	9.59	0.000000	-0.001392	False
479	CCL3L1	SIPA1	0.635462	0.066315	9.58	0.000000	-0.008796	False
480	S100A6	PPP1R18	0.213007	0.022232	9.58	0.000000	-0.001396	False
481	S100A6	EFHD2	0.220567	0.023026	9.58	0.000000	-0.010563	False
482	CCL3L1	CSK	0.632765	0.066102	9.57	0.000000	-0.001506	False
483	SPI1	SIPA1	0.405924	0.042435	9.57	0.000000	-0.008726	False
484	EVI2B	BCL2A1	0.101063	0.010567	9.56	0.000000	-0.026014	False
485	FPR1	S100A6	0.598368	0.062596	9.56	0.080000	-0.004014	False
486	EVI2B	IFITM3	0.061066	0.006390	9.56	0.000000	-0.001599	False
487	EVI2B	GMFG	0.093400	0.009774	9.56	0.000000	-0.022956	False
488	S100A6	BASP1	0.229459	0.024022	9.55	0.000000	-0.020574	False
489	FCER1G	PLAUR	0.767189	0.080354	9.55	0.100000	0.098435	False
490	BCL2A1	GCA	0.080776	0.008463	9.54	0.000000	-0.020942	False
491	FCER1G	ARHGDIB	0.847587	0.088814	9.54	0.137353	0.037069	False
492	CCL3L1	IFITM3	0.632814	0.066311	9.54	0.000000	-0.001639	False
493	SLC25A37	SOD2	0.075687	0.007934	9.54	0.000000	-0.002141	False
494	C5AR1	SIPA1	0.178338	0.018702	9.54	0.000000	-0.008478	False
495	S100A6	GMFG	0.240290	0.025199	9.54	0.000000	-0.031766	False
496	FCER1G	CXCL8	0.809366	0.084947	9.53	0.121627	0.071981	False
497	CST3	HSPA1A	0.455104	0.047776	9.53	0.000000	0.000000	False
498	WAS	TAGLN2	0.067791	0.007119	9.52	0.000000	-0.012583	False
499	CCL3L1	MT2A	0.632408	0.066424	9.52	0.000000	-0.000536	False
500	CCL3L1	HSPA1B	0.632211	0.066430	9.52	0.000000	0.000000	False
501	CCL3L1	SOD2	0.633020	0.066528	9.52	0.000000	-0.002197	False
502	SLC25A37	TNFRSF1B	0.112187	0.011794	9.51	0.000000	-0.027311	False
503	SPI1	CSK	0.401528	0.042222	9.51	0.000000	-0.001503	False
504	GCA	GMFG	0.072941	0.007670	9.51	0.000000	-0.018914	False
505	LCP1	GCA	0.081541	0.008579	9.51	0.000000	-0.021119	False
506	FCER1G	BCL2A1	0.761460	0.080114	9.50	0.091938	0.082789	False
507	SLC25A37	BASP1	0.094286	0.009924	9.50	0.000000	-0.017402	False
508	LST1	SIPA1	0.157260	0.016569	9.49	0.000000	-0.008418	False
509	CXCL8	CSK	0.098217	0.010354	9.49	0.000000	-0.001486	False
510	CST3	LCP1	0.479605	0.050561	9.49	0.000000	-0.042667	False
511	CCL3L1	PPP1R18	0.632727	0.066728	9.48	0.000000	-0.001402	False
512	C5AR1	GPSM3	0.195477	0.020632	9.47	0.000000	-0.025821	False
513	S100A6	LCP1	0.247338	0.026108	9.47	0.000000	-0.038522	False
514	S100A6	SERPINA1	0.264520	0.027935	9.47	0.000000	-0.053485	False
515	SLC25A37	MT2A	0.074146	0.007830	9.47	0.000000	-0.000533	False
516	SPI1	IFITM3	0.401608	0.042431	9.46	0.000000	-0.001637	False
517	C5AR1	GCA	0.202758	0.021431	9.46	0.000000	-0.032302	False
518	PLEK	WAS	0.155513	0.016446	9.46	0.000000	-0.036645	False
519	LST1	GPSM3	0.174839	0.018499	9.45	0.000000	-0.025279	False
520	GPSM3	CSK	0.030978	0.003278	9.45	0.000000	-0.001436	False
521	LST1	GCA	0.182307	0.019298	9.45	0.000000	-0.031458	False
522	CXCL8	NCF1	0.114970	0.012172	9.45	0.000000	-0.016896	False
523	BCL2A1	GPSM3	0.072380	0.007664	9.44	0.000000	-0.018011	False
524	CCL3L1	NAMPT	0.635579	0.067346	9.44	0.000000	-0.009110	False
525	SPI1	GPSM3	0.418316	0.044365	9.43	0.000000	-0.028267	False
526	CSF3R	S100A11	0.910866	0.096612	9.43	0.173980	-0.067213	False
527	S100A9	PILRA	0.943918	0.100118	9.43	0.148531	0.033021	False
528	CSF3R	SIPA1	0.522506	0.055422	9.43	0.000000	-0.008769	False
529	EVI2B	TNFRSF1B	0.098649	0.010466	9.43	0.000000	-0.025102	False
530	SPI1	SOD2	0.401944	0.042648	9.42	0.000000	-0.002193	False
531	SPI1	MT2A	0.400946	0.042544	9.42	0.000000	-0.000536	False
532	CCL3L1	EFHD2	0.636255	0.067522	9.42	0.000000	-0.010925	False
533	CCL3L1	GPSM3	0.643066	0.068245	9.42	0.000000	-0.029017	False
534	PILRA	TAGLN2	0.168624	0.017897	9.42	0.000000	-0.014964	False
535	S100A6	TAGLN2	0.224744	0.023857	9.42	0.000000	-0.015364	False
536	CCL3L1	NCF1	0.639587	0.067920	9.42	0.000000	-0.019825	False
537	SPI1	HSPA1B	0.400625	0.042550	9.42	0.000000	0.000000	False
538	LCP1	GPSM3	0.073153	0.007780	9.40	0.000000	-0.018142	False
539	SPI1	WAS	0.432002	0.045956	9.40	0.000000	-0.048547	False
540	CSF3R	CSK	0.518972	0.055209	9.40	0.000000	-0.001505	False
541	SLC25A37	HSPA1B	0.073649	0.007837	9.40	0.000000	0.000000	False
542	HCK	GCA	0.143440	0.015264	9.40	0.000000	-0.029191	False
543	SLC25A37	EFHD2	0.083834	0.008928	9.39	0.000000	-0.009659	False
544	CCL3L1	SMAP2	0.904122	0.096343	9.38	0.150000	-0.065875	False
545	SLC25A37	NAMPT	0.082133	0.008753	9.38	0.000000	-0.008213	False
546	FCER1G	SLC25A37	0.770393	0.082101	9.38	0.090678	0.055158	False
547	GMFG	GPSM3	0.064474	0.006871	9.38	0.000000	-0.016490	False
548	SPI1	GCA	0.423580	0.045164	9.38	0.000000	-0.036223	False
549	S100A9	TALDO1	0.871876	0.092989	9.38	0.100000	0.064501	False
550	HCK	GPSM3	0.135617	0.014465	9.38	0.000000	-0.023794	False
551	SPI1	NCF1	0.412646	0.044040	9.37	0.000000	-0.019472	False
552	SPI1	PPP1R18	0.401466	0.042848	9.37	0.000000	-0.001400	False
553	CSF3R	IFITM3	0.519037	0.055418	9.37	0.000000	-0.001638	False
554	FCER1G	TNFRSF1B	0.749368	0.080013	9.37	0.080733	0.071414	False
555	TNFRSF1B	GCA	0.078308	0.008362	9.36	0.000000	-0.020347	False
556	EVI2B	BASP1	0.080476	0.008597	9.36	0.000000	-0.016478	False
557	CCL3L1	GCA	0.646297	0.069044	9.36	0.000000	-0.037464	False
558	HCK	SLC25A37	0.174925	0.018695	9.36	0.000000	-0.046031	False
559	HCK	SIPA1	0.117203	0.012534	9.35	0.000000	-0.008247	False
560	CCL3L1	BASP1	0.640405	0.068517	9.35	0.000000	-0.021993	False
561	LST1	SLC25A37	0.212363	0.022729	9.34	0.000000	-0.051932	False
562	S100A9	HCK	0.904365	0.096793	9.34	0.120000	0.041068	False
563	SPI1	NAMPT	0.406115	0.043466	9.34	0.000000	-0.009035	False
564	CSF3R	MT2A	0.518505	0.055531	9.34	0.000000	-0.000536	False
565	CCL3L1	TAGLN2	0.638204	0.068352	9.34	0.000000	-0.016142	False
566	CSF3R	SOD2	0.519306	0.055635	9.33	0.000000	-0.002196	False
567	CSF3R	HSPA1B	0.518246	0.055538	9.33	0.000000	0.000000	False
568	SPI1	EFHD2	0.407215	0.043642	9.33	0.000000	-0.010817	False
569	CCL3L1	WAS	0.651464	0.069835	9.33	0.000000	-0.050802	False
570	CCL3L1	HSPA1A	0.632211	0.067818	9.32	0.000000	0.000000	False
571	EVI2B	SOD2	0.061593	0.006607	9.32	0.000000	-0.002126	False
572	C5AR1	CSK	0.172258	0.018489	9.32	0.000000	-0.001496	False
573	FCER1G	TALDO1	0.774216	0.083110	9.32	0.100000	0.080367	False
574	FPR1	SIPA1	0.394272	0.042338	9.31	0.000000	-0.008720	False
575	CXCL8	IFITM3	0.098338	0.010564	9.31	0.000000	-0.001616	False
576	GCA	IFITM3	0.039877	0.004286	9.30	0.000000	-0.001576	False
577	CSF3R	PPP1R18	0.518922	0.055836	9.29	0.000000	-0.001401	False
578	CSF3R	GPSM3	0.532466	0.057353	9.28	0.000000	-0.028727	False
579	CXCL8	GMFG	0.129389	0.013947	9.28	0.000000	-0.026964	False
580	IFITM2	TALDO1	0.950000	0.102415	9.28	0.111856	0.067402	False
581	SPI1	BASP1	0.413978	0.044638	9.27	0.000000	-0.021560	False
582	S100A9	GMFG	0.826617	0.089200	9.27	0.060000	0.039558	False
583	S100A9	LST1	0.934119	0.100828	9.26	0.139969	0.028347	False
584	CSF3R	NAMPT	0.522659	0.056454	9.26	0.000000	-0.009082	False
585	CSF3R	NCF1	0.527908	0.057027	9.26	0.000000	-0.019689	False
586	CSF3R	S100A6	0.700331	0.075681	9.25	0.080000	-0.042576	False
587	CXCL8	LCP1	0.137465	0.014856	9.25	0.000000	-0.031681	False
588	FPR1	CSK	0.389789	0.042124	9.25	0.000000	-0.001503	False
589	WAS	PLAUR	0.087810	0.009495	9.25	0.000000	-0.022308	False
590	HCK	ICAM1	0.127906	0.013832	9.25	0.000000	-0.017829	False
591	FCER1G	EVI2B	0.746839	0.080774	9.25	0.072008	0.044273	False
592	CSF3R	EFHD2	0.523543	0.056629	9.25	0.000000	-0.010884	False
593	TNFRSF1B	GPSM3	0.069890	0.007563	9.24	0.000000	-0.017569	False
594	CSF3R	SPI1	0.889830	0.096297	9.24	0.178581	-0.032637	False
595	C5AR1	NCF1	0.187635	0.020307	9.24	0.000000	-0.018279	False
596	S100A9	MT2A	0.793929	0.085929	9.24	0.035903	0.044710	False
597	LST1	CSK	0.151024	0.016355	9.23	0.000000	-0.001494	False
598	CSF3R	FPR1	0.888089	0.096199	9.23	0.182504	-0.021423	False
599	EVI2B	MT2A	0.060028	0.006503	9.23	0.000000	-0.000532	False
600	CSF3R	GCA	0.536697	0.058152	9.23	0.000000	-0.036982	False
601	SPI1	TAGLN2	0.410392	0.044473	9.23	0.000000	-0.015907	False
602	CSF3R	WAS	0.543466	0.058943	9.22	0.000000	-0.049920	False
603	S100A9	C5AR1	0.949298	0.102961	9.22	0.150000	0.021483	False
604	C5AR1	IFITM3	0.172368	0.018698	9.22	0.000000	-0.001628	False
605	SLC25A37	PPP1R18	0.074948	0.008135	9.21	0.000000	-0.001378	False
606	S100A9	TNFRSF1B	0.827968	0.089892	9.21	0.060000	0.034385	False
607	SERPINA1	NCF1	0.085482	0.009281	9.21	0.000000	-0.015665	False
608	FPR1	IFITM3	0.389871	0.042334	9.21	0.000000	-0.001636	False
609	S100A9	BCL2A1	0.828590	0.089993	9.21	0.060000	0.032012	False
610	GCA	BASP1	0.059724	0.006493	9.20	0.000000	-0.014286	False
611	IFITM2	MT2A	0.876655	0.095354	9.19	0.048338	0.054633	False
612	FPR1	GPSM3	0.406906	0.044268	9.19	0.000000	-0.028207	False
613	EVI2B	EFHD2	0.069864	0.007601	9.19	0.000000	-0.009368	False
614	CSF3R	BASP1	0.528979	0.057625	9.18	0.000000	-0.021826	False
615	LST1	NCF1	0.166795	0.018173	9.18	0.000000	-0.018005	False
616	IFITM2	PLAUR	0.914653	0.099659	9.18	0.080000	0.053581	False
617	FPR1	WAS	0.420860	0.045858	9.18	0.000000	-0.048369	False
618	BCL2A1	SIPA1	0.052619	0.005734	9.18	0.000000	-0.007421	False
619	EVI2B	NAMPT	0.068137	0.007426	9.18	0.000000	-0.008001	False
620	FPR1	SOD2	0.390213	0.042551	9.17	0.000000	-0.002193	False
621	S100A9	HSPA1B	0.788060	0.085935	9.17	0.030164	0.038276	False
622	FPR1	MT2A	0.389196	0.042447	9.17	0.000000	-0.000536	False
623	CXCL8	SOD2	0.098844	0.010780	9.17	0.000000	-0.002156	False
624	FCER1G	GMFG	0.726705	0.079320	9.16	0.060000	0.050134	False
625	CXCL8	BASP1	0.116977	0.012770	9.16	0.000000	-0.018446	False
626	FPR1	HSPA1B	0.388868	0.042453	9.16	0.000000	0.000000	False
627	CD69	HSPA1A	0.161227	0.017604	9.16	0.000000	0.000000	False
628	CSF3R	TAGLN2	0.526097	0.057460	9.16	0.000000	-0.016052	False
629	FPR1	GCA	0.412274	0.045067	9.15	0.000000	-0.036124	False
630	S100A9	ICAM1	0.796638	0.087117	9.14	0.033692	0.022449	False
631	EVI2B	HSPA1B	0.059523	0.006510	9.14	0.000000	0.000000	False
632	S100A9	LYN	0.944768	0.103323	9.14	0.138953	-0.011700	False
633	C5AR1	SOD2	0.172832	0.018915	9.14	0.000000	-0.002177	False
634	SERPINA1	CSK	0.068172	0.007463	9.13	0.000000	-0.001476	False
635	PLEK	GCA	0.142992	0.015655	9.13	0.000000	-0.029158	False
636	LCP1	SIPA1	0.053407	0.005849	9.13	0.000000	-0.007443	False
637	FPR1	NCF1	0.401125	0.043942	9.13	0.000000	-0.019443	False
638	CCL3L1	S100A6	0.790146	0.086573	9.13	0.080000	-0.068300	False
639	LST1	IFITM3	0.151138	0.016565	9.12	0.000000	-0.001625	False
640	SPI1	HSPA1A	0.400625	0.043939	9.12	0.000000	0.000000	False
641	CXCL8	MT2A	0.097341	0.010676	9.12	0.000000	-0.000534	False
642	PLEK	EVI2B	0.161906	0.017759	9.12	0.000000	-0.040022	False
643	FPR1	PPP1R18	0.389726	0.042751	9.12	0.000000	-0.001400	False
644	C5AR1	MT2A	0.171453	0.018811	9.11	0.000000	-0.000535	False
645	SERPINA1	BCL2A1	0.107985	0.011850	9.11	0.000000	-0.027309	False
646	CSF3R	HSPA1A	0.518246	0.056926	9.10	0.000000	0.000000	False
647	S100A9	PLEK	0.884252	0.097185	9.10	0.100000	0.019783	False
648	PLEK	GPSM3	0.135165	0.014856	9.10	0.000000	-0.023772	False
649	FCER1G	LCP1	0.729797	0.080229	9.10	0.060000	0.041905	False
650	FPR1	NAMPT	0.394466	0.043369	9.10	0.000000	-0.009029	False
651	SLC25A37	TAGLN2	0.088743	0.009759	9.09	0.000000	-0.013523	False
652	C5AR1	HSPA1B	0.171008	0.018817	9.09	0.000000	0.000000	False
653	SERPINA1	LCP1	0.108727	0.011965	9.09	0.000000	-0.027611	False
654	S100A9	SLC25A37	0.835727	0.091980	9.09	0.060000	0.005004	False
655	FPR1	EFHD2	0.395588	0.043545	9.08	0.000000	-0.010808	False
656	LCP1	ICAM1	0.064884	0.007146	9.08	0.000000	-0.014454	False
657	SERPINA1	GMFG	0.100382	0.011056	9.08	0.000000	-0.023958	False
658	IFITM2	ICAM1	0.876325	0.096542	9.08	0.044518	0.031087	False
659	ICAM1	NCF1	0.040496	0.004463	9.07	0.000000	-0.010330	False
660	NCF1	SIPA1	0.028720	0.003166	9.07	0.000000	-0.006174	False
661	CXCL8	EFHD2	0.106787	0.011774	9.07	0.000000	-0.009973	False
662	CXCL8	HSPA1B	0.096856	0.010683	9.07	0.000000	0.000000	False
663	C5AR1	BASP1	0.189477	0.020905	9.06	0.000000	-0.020107	False
664	CXCL8	NAMPT	0.105128	0.011599	9.06	0.000000	-0.008438	False
665	C5AR1	LCP1	0.208283	0.022990	9.06	0.000000	-0.036917	False
666	C5AR1	NAMPT	0.178601	0.019733	9.05	0.000000	-0.008769	False
667	S100A9	CD69	0.908099	0.100360	9.05	0.111169	-0.012141	False
668	C5AR1	EFHD2	0.180123	0.019909	9.05	0.000000	-0.010439	False
669	S100A9	HSPA1A	0.789479	0.087323	9.04	0.031583	0.040005	False
670	S100A9	SIPA1	0.775825	0.085820	9.04	0.015789	0.011714	False
671	FPR1	BASP1	0.402483	0.044540	9.04	0.000000	-0.021525	False
672	LST1	SOD2	0.151614	0.016782	9.03	0.000000	-0.002173	False
673	PLEK	SIPA1	0.116741	0.012926	9.03	0.000000	-0.008244	False
674	IFITM2	HSPA1B	0.859938	0.095361	9.02	0.031713	0.036878	False
675	GMFG	SIPA1	0.044544	0.004941	9.02	0.000000	-0.007149	False
676	C5AR1	PPP1R18	0.172171	0.019115	9.01	0.000000	-0.001393	False
677	LST1	MT2A	0.150199	0.016678	9.01	0.000000	-0.000535	False
678	GMFG	ICAM1	0.056128	0.006238	9.00	0.000000	-0.013386	False
679	HCK	NCF1	0.127191	0.014139	9.00	0.000000	-0.017239	False
680	FPR1	TAGLN2	0.398827	0.044375	8.99	0.000000	-0.015888	False
681	SERPINA1	TNFRSF1B	0.105590	0.011749	8.99	0.000000	-0.026305	False
682	LST1	BASP1	0.168685	0.018771	8.99	0.000000	-0.019777	False
683	HCK	CSK	0.110670	0.012321	8.98	0.000000	-0.001489	False
684	GPSM3	BASP1	0.051136	0.005694	8.98	0.000000	-0.012859	False
685	IFITM2	HSPA1A	0.868728	0.096749	8.98	0.040504	0.046624	False
686	LST1	HSPA1B	0.149743	0.016684	8.98	0.000000	0.000000	False
687	GCA	SOD2	0.040415	0.004503	8.97	0.000000	-0.002085	False
688	S100A6	PLEK	0.297696	0.033184	8.97	0.000000	-0.077489	False
689	S100A9	S100A6	0.950000	0.106078	8.96	0.140802	-0.020840	False
690	S100A9	NAMPT	0.777737	0.086851	8.95	0.017623	0.013735	False
691	LST1	NAMPT	0.157530	0.017600	8.95	0.000000	-0.008706	False
692	LST1	EFHD2	0.159092	0.017776	8.95	0.000000	-0.010349	False
693	IFITM2	HCK	0.950000	0.106219	8.94	0.102995	0.013102	False
694	EVI2B	PPP1R18	0.060843	0.006808	8.94	0.000000	-0.001372	False
695	CXCL8	PPP1R18	0.098123	0.010981	8.94	0.000000	-0.001385	False
696	SLC25A37	PLAUR	0.108313	0.012135	8.93	0.000000	-0.025444	False
697	GPSM3	IFITM3	0.031108	0.003487	8.92	0.000000	-0.001557	False
698	PILRA	HSPA1A	0.154853	0.017363	8.92	0.000000	0.000000	False
699	IFITM2	PLEK	0.950000	0.106610	8.91	0.103075	0.013592	False
700	SERPINA1	IFITM3	0.068297	0.007673	8.90	0.000000	-0.001604	False
701	C5AR1	TAGLN2	0.184517	0.020739	8.90	0.000000	-0.015102	False
702	GCA	EFHD2	0.048873	0.005497	8.89	0.000000	-0.008616	False
703	TNFRSF1B	SIPA1	0.050075	0.005633	8.89	0.000000	-0.007345	False
704	LST1	PPP1R18	0.150936	0.016982	8.89	0.000000	-0.001392	False
705	IFITM2	SLC25A37	0.900876	0.101406	8.88	0.060000	-0.001108	False
706	HCK	LCP1	0.149376	0.016823	8.88	0.000000	-0.032909	False
707	EVI2B	TAGLN2	0.074848	0.008432	8.88	0.000000	-0.012958	False
708	S100A9	CXCL8	0.841345	0.094826	8.87	0.060000	-0.015935	False
709	CCL3L1	FPR1	0.950000	0.107091	8.87	0.174768	-0.074820	False
710	FPR1	HSPA1A	0.388868	0.043841	8.87	0.000000	0.000000	False
711	FCER1G	SMAP2	0.939470	0.105969	8.87	0.170614	-0.049230	False
712	CSF3R	CST3	0.887494	0.100134	8.86	0.150000	-0.096740	False
713	CCL3L1	SPI1	0.950000	0.107189	8.86	0.170444	-0.087196	False
714	SERPINA1	BASP1	0.087556	0.009879	8.86	0.000000	-0.016988	False
715	S100A9	CSK	0.758261	0.085607	8.86	0.000000	-0.001506	False
716	FCER1G	ICAM1	0.684109	0.077237	8.86	0.022646	0.013155	False
717	GCA	NAMPT	0.047107	0.005321	8.85	0.000000	-0.007446	False
718	CXCL8	TAGLN2	0.111573	0.012605	8.85	0.000000	-0.014145	False
719	HCK	IFITM3	0.110789	0.012531	8.84	0.000000	-0.001619	False
720	CCL3L1	S100A11	0.950000	0.107504	8.84	0.150871	-0.143213	False
721	S100A9	IFITM3	0.758293	0.085816	8.84	0.000000	-0.001640	False
722	GCA	MT2A	0.038814	0.004399	8.82	0.000000	-0.000529	False
723	S100A9	SOD2	0.758429	0.086033	8.82	0.000000	-0.002199	False
724	S100A9	PPP1R18	0.758236	0.086233	8.79	0.000000	-0.001402	False
725	LST1	TAGLN2	0.163598	0.018606	8.79	0.000000	-0.014915	False
726	IFITM2	ARHGDIB	0.950000	0.108119	8.79	0.093962	-0.042254	False
727	HCK	BASP1	0.129171	0.014737	8.76	0.000000	-0.018856	False
728	EVI2B	PLAUR	0.094716	0.010808	8.76	0.000000	-0.023516	False
729	S100A8	PLAUR	0.950000	0.108498	8.76	0.081155	0.051403	False
730	IFITM2	NAMPT	0.842717	0.096277	8.75	0.012919	0.006329	False
731	IFITM2	WAS	0.864340	0.098766	8.75	0.027122	-0.018782	False
732	TALDO1	WAS	0.107069	0.012251	8.74	0.000000	-0.028232	False
733	S100A9	EFHD2	0.760558	0.087027	8.74	0.000000	-0.010957	False
734	HCK	SOD2	0.111288	0.012748	8.73	0.000000	-0.002161	False
735	S100A9	NCF1	0.762752	0.087425	8.72	0.000000	-0.019928	False
736	SERPINA1	SOD2	0.068819	0.007890	8.72	0.000000	-0.002135	False
737	PLEK	NCF1	0.126735	0.014531	8.72	0.000000	-0.017228	False
738	S100A9	GPSM3	0.765042	0.087750	8.72	0.000000	-0.029240	False
739	IFITM2	CSK	0.828484	0.095032	8.72	0.000000	-0.001506	False
740	S100A8	TNFRSF1B	0.942412	0.108157	8.71	0.072997	0.039328	False
741	IFITM2	SIPA1	0.829744	0.095245	8.71	0.000000	-0.008825	False
742	IFITM2	GPSM3	0.846155	0.097175	8.71	0.012860	-0.013692	False
743	IFITM2	IFITM3	0.828507	0.095241	8.70	0.000000	-0.001640	False
744	LCP1	BCL2A1	0.087146	0.010022	8.70	0.000000	-0.022789	False
745	GCA	HSPA1B	0.038299	0.004405	8.69	0.000000	0.000000	False
746	HCK	MT2A	0.109806	0.012643	8.68	0.000000	-0.000534	False
747	S100A9	ARHGDIB	0.857097	0.098693	8.68	0.060000	-0.073173	False
748	IFITM2	SOD2	0.828603	0.095458	8.68	0.000000	-0.002199	False
749	IFITM2	CXCL8	0.904862	0.104252	8.68	0.060000	-0.022345	False
750	IFITM2	PILRA	0.950000	0.109544	8.67	0.095175	-0.034819	False
751	S100A9	BASP1	0.763290	0.088023	8.67	0.000000	-0.022121	False
752	S100A9	TAGLN2	0.761841	0.087857	8.67	0.000000	-0.016210	False
753	SERPINA1	EFHD2	0.077027	0.008883	8.67	0.000000	-0.009531	False
754	PLEK	CSK	0.110206	0.012713	8.67	0.000000	-0.001489	False
755	HCK	EFHD2	0.119121	0.013741	8.67	0.000000	-0.010091	False
756	PLEK	BCL2A1	0.148223	0.017099	8.67	0.000000	-0.032440	False
757	IFITM2	BASP1	0.844655	0.097448	8.67	0.012603	-0.006924	False
758	IFITM2	TNFRSF1B	0.860747	0.099318	8.67	0.025376	-0.010548	False
759	S100A9	GCA	0.767168	0.088549	8.66	0.000000	-0.037836	False
760	S100A8	MT2A	0.902427	0.104194	8.66	0.038608	0.042269	False
761	IFITM2	PPP1R18	0.828466	0.095659	8.66	0.000000	-0.001402	False
762	HCK	NAMPT	0.117486	0.013566	8.66	0.000000	-0.008523	False
763	FCER1G	BASP1	0.676682	0.078143	8.66	0.014728	0.000225	False
764	S100A8	HSPA1B	0.901934	0.104200	8.66	0.038187	0.042339	False
765	FCER1G	SIPA1	0.657308	0.075940	8.66	0.000000	-0.008800	False
766	IFITM2	CD69	0.950000	0.109785	8.65	0.094080	-0.041529	False
767	PLEK	LCP1	0.148932	0.017214	8.65	0.000000	-0.032867	False
768	SERPINA1	NAMPT	0.075313	0.008708	8.65	0.000000	-0.008119	False
769	FCER1G	CSK	0.654772	0.075727	8.65	0.000000	-0.001506	False
770	HCK	HSPA1B	0.109328	0.012650	8.64	0.000000	0.000000	False
771	S100A8	GMFG	0.928655	0.107465	8.64	0.060000	0.031106	False
772	SERPINA1	MT2A	0.067266	0.007785	8.64	0.000000	-0.000532	False
773	BCL2A1	NCF1	0.063338	0.007339	8.63	0.000000	-0.013986	False
774	S100A9	WAS	0.770570	0.089340	8.63	0.000000	-0.051488	False
775	BCL2A1	GMFG	0.078599	0.009114	8.62	0.000000	-0.020242	False
776	FCER1G	IFITM3	0.654818	0.075937	8.62	0.000000	-0.001639	False
777	S100A8	SLC25A37	0.950000	0.110245	8.62	0.076218	0.013268	False
778	IFITM2	LST1	0.950000	0.110253	8.62	0.096053	-0.029440	False
779	IFITM2	EFHD2	0.830114	0.096452	8.61	0.000000	-0.010970	False
780	FCER1G	MT2A	0.654436	0.076049	8.61	0.000000	-0.000536	False
781	IFITM2	GMFG	0.848546	0.098625	8.60	0.014134	-0.018502	False
782	FCER1G	HSPA1B	0.654251	0.076056	8.60	0.000000	0.000000	False
783	LCP1	NCF1	0.064118	0.007454	8.60	0.000000	-0.014065	False
784	FCER1G	SOD2	0.655012	0.076154	8.60	0.000000	-0.002198	False
785	LCP1	GMFG	0.079366	0.009229	8.60	0.000000	-0.020408	False
786	S100A8	BCL2A1	0.929765	0.108258	8.59	0.060000	0.023500	False
787	IFITM2	NCF1	0.831670	0.096850	8.59	0.000000	-0.019973	False
788	PLEK	TNFRSF1B	0.145936	0.016998	8.59	0.000000	-0.031034	False
789	FCER1G	PPP1R18	0.654736	0.076354	8.58	0.000000	-0.001402	False
790	SERPINA1	HSPA1B	0.066766	0.007792	8.57	0.000000	0.000000	False
791	IFITM2	EVI2B	0.856350	0.100079	8.56	0.017900	-0.036665	False
792	GPSM3	EFHD2	0.040186	0.004698	8.55	0.000000	-0.008076	False
793	CCL3L1	CST3	0.949593	0.111026	8.55	0.150000	-0.145032	False
794	GPSM3	SOD2	0.031651	0.003704	8.54	0.000000	-0.002052	False
795	IFITM2	TAGLN2	0.831024	0.097283	8.54	0.000000	-0.016240	False
796	FCER1G	NAMPT	0.657418	0.076972	8.54	0.000000	-0.009115	False
797	HCK	PPP1R18	0.110578	0.012948	8.54	0.000000	-0.001387	False
798	S100A8	TALDO1	0.950000	0.111254	8.54	0.078385	0.030011	False
799	SLC25A37	TALDO1	0.127139	0.014891	8.54	0.000000	-0.033449	False
800	PLEK	IFITM3	0.110325	0.012922	8.54	0.000000	-0.001619	False
801	GCA	PLAUR	0.074286	0.008704	8.54	0.000000	-0.019292	False
802	FCER1G	GPSM3	0.664456	0.077871	8.53	0.000000	-0.029062	False
803	S100A9	LCP1	0.768782	0.090108	8.53	0.000000	-0.044327	False
804	FCER1G	EFHD2	0.658053	0.077147	8.53	0.000000	-0.010932	False
805	GCA	TAGLN2	0.053969	0.006328	8.53	0.000000	-0.011563	False
806	FCER1G	NCF1	0.661185	0.077545	8.53	0.000000	-0.019845	False
807	S100A8	ICAM1	0.898525	0.105382	8.53	0.031936	0.015492	False
808	IFITM2	GCA	0.834804	0.097975	8.52	0.000000	-0.037997	False
809	S100A9	EVI2B	0.772307	0.090653	8.52	0.000000	-0.058413	False
810	IFITM2	LCP1	0.847036	0.099534	8.51	0.011088	-0.030875	False
811	PLEK	BASP1	0.128716	0.015129	8.51	0.000000	-0.018842	False
812	S100A8	HSPA1A	0.898024	0.105588	8.50	0.034277	0.038169	False
813	HCK	TAGLN2	0.123841	0.014572	8.50	0.000000	-0.014385	False
814	S100A8	SIPA1	0.884248	0.104085	8.50	0.019297	0.013187	False
815	GPSM3	NAMPT	0.038404	0.004522	8.49	0.000000	-0.007039	False
816	FCER1G	GCA	0.667493	0.078670	8.48	0.000000	-0.037539	False
817	C5AR1	HSPA1A	0.171008	0.020205	8.46	0.000000	0.000000	False
818	FCER1G	TAGLN2	0.659885	0.077978	8.46	0.000000	-0.016156	False
819	FCER1G	WAS	0.672351	0.079461	8.46	0.000000	-0.050940	False
820	GMFG	NCF1	0.055355	0.006546	8.46	0.000000	-0.013051	False
821	IFITM2	C5AR1	0.950000	0.112386	8.45	0.092400	-0.051825	False
822	FCER1G	HSPA1A	0.654251	0.077444	8.45	0.000000	0.000000	False
823	TNFRSF1B	GMFG	0.076125	0.009013	8.45	0.000000	-0.019686	False
824	ICAM1	CSK	0.022334	0.002645	8.44	0.000000	-0.001407	False
825	S100A8	NAMPT	0.887360	0.105116	8.44	0.022366	0.016290	False
826	SERPINA1	TAGLN2	0.081972	0.009714	8.44	0.000000	-0.013272	False
827	PLEK	SOD2	0.110824	0.013139	8.43	0.000000	-0.002161	False
828	BASP1	ICAM1	0.042672	0.005061	8.43	0.000000	-0.010890	False
829	GCA	PPP1R18	0.039648	0.004703	8.43	0.000000	-0.001355	False
830	IFITM2	LYN	0.950000	0.112749	8.43	0.087776	-0.080159	False
831	S100A9	SERPINA1	0.774060	0.091935	8.42	0.000000	-0.065371	False
832	SERPINA1	PPP1R18	0.068075	0.008090	8.41	0.000000	-0.001376	False
833	SERPINA1	PLAUR	0.101687	0.012090	8.41	0.000000	-0.024569	False
834	IFITM2	BCL2A1	0.835812	0.099418	8.41	0.000000	-0.043767	False
835	TNFRSF1B	NCF1	0.060824	0.007238	8.40	0.000000	-0.013718	False
836	PLEK	EFHD2	0.118661	0.014133	8.40	0.000000	-0.010087	False
837	IFITM2	SERPINA1	0.850910	0.101361	8.39	0.011217	-0.051804	False
838	FCER1G	S100A6	0.807516	0.096199	8.39	0.080000	-0.072614	False
839	EVI2B	TALDO1	0.113829	0.013564	8.39	0.000000	-0.030195	False
840	PLEK	MT2A	0.109341	0.013035	8.39	0.000000	-0.000534	False
841	PLEK	NAMPT	0.117025	0.013957	8.38	0.000000	-0.008520	False
842	PLEK	HSPA1B	0.108863	0.013041	8.35	0.000000	0.000000	False
843	GPSM3	MT2A	0.030036	0.003600	8.34	0.000000	-0.000527	False
844	PLAUR	GPSM3	0.065831	0.007904	8.33	0.000000	-0.016777	False
845	S100A8	CSK	0.863952	0.103872	8.32	0.000000	-0.001507	False
846	S100A8	IFITM3	0.863970	0.104081	8.30	0.000000	-0.001640	False
847	LST1	HSPA1A	0.149743	0.018072	8.29	0.000000	0.000000	False
848	S100A8	CXCL8	0.936944	0.113091	8.28	0.060000	-0.025252	False
849	S100A8	SOD2	0.864047	0.104298	8.28	0.000000	-0.002199	False
850	S100A8	PPP1R18	0.863938	0.104498	8.27	0.000000	-0.001403	False
851	BCL2A1	CSK	0.045609	0.005521	8.26	0.000000	-0.001459	False
852	S100A8	HCK	0.950000	0.115058	8.26	0.071357	-0.024289	False
853	PLEK	PPP1R18	0.110113	0.013339	8.25	0.000000	-0.001387	False
854	BCL2A1	BASP1	0.065463	0.007937	8.25	0.000000	-0.015031	False
855	PLEK	TAGLN2	0.123384	0.014963	8.25	0.000000	-0.014377	False
856	LCP1	CSK	0.046403	0.005636	8.23	0.000000	-0.001460	False
857	S100A8	PLEK	0.950000	0.115450	8.23	0.071420	-0.023800	False
858	LCP1	BASP1	0.066241	0.008052	8.23	0.000000	-0.015122	False
859	IFITM2	S100A6	0.950000	0.115503	8.22	0.085376	-0.094870	False
860	S100A8	EFHD2	0.865245	0.105292	8.22	0.000000	-0.010976	False
861	BASP1	SIPA1	0.030922	0.003764	8.22	0.000000	-0.006370	False
862	S100A9	SMAP2	0.950000	0.115848	8.20	0.111854	-0.146701	False
863	GPSM3	TAGLN2	0.045329	0.005529	8.20	0.000000	-0.010610	False
864	S100A8	NCF1	0.866480	0.105690	8.20	0.000000	-0.019993	False
865	TALDO1	GCA	0.093830	0.011459	8.19	0.000000	-0.023569	False
866	S100A8	GPSM3	0.867768	0.106015	8.19	0.000000	-0.029379	False
867	GPSM3	HSPA1B	0.029516	0.003606	8.18	0.000000	0.000000	False
868	S100A8	TAGLN2	0.865967	0.106122	8.16	0.000000	-0.016253	False
869	S100A8	BASP1	0.866782	0.106287	8.16	0.000000	-0.022200	False
870	FCER1G	FPR1	0.950000	0.116717	8.14	0.161298	-0.098020	False
871	S100A8	GCA	0.868965	0.106814	8.14	0.000000	-0.038069	False
872	FCER1G	SPI1	0.950000	0.116815	8.13	0.157233	-0.110396	False
873	SERPINA1	TALDO1	0.120653	0.014846	8.13	0.000000	-0.031953	False
874	FCER1G	S100A11	0.950000	0.117130	8.11	0.138834	-0.166413	False
875	S100A8	WAS	0.870880	0.107605	8.09	0.000000	-0.051920	False
876	S100A8	ARHGDIB	0.945808	0.116958	8.09	0.060000	-0.084430	False
877	GMFG	BASP1	0.057497	0.007144	8.05	0.000000	-0.013957	False
878	TNFRSF1B	BASP1	0.062954	0.007836	8.03	0.000000	-0.014722	False
879	S100A8	LCP1	0.869873	0.108373	8.03	0.000000	-0.044647	False
880	TALDO1	GPSM3	0.085554	0.010660	8.03	0.000000	-0.019921	False
881	S100A8	PILRA	0.950000	0.118383	8.02	0.065154	-0.072210	False
882	CXCL8	HSPA1A	0.096856	0.012071	8.02	0.000000	0.000000	False
883	S100A8	CD69	0.950000	0.118625	8.01	0.064285	-0.078920	False
884	S100A8	EVI2B	0.871857	0.108918	8.00	0.000000	-0.058970	False
885	SLC25A37	HSPA1A	0.073649	0.009225	7.98	0.000000	0.000000	False
886	BCL2A1	IFITM3	0.045737	0.005730	7.98	0.000000	-0.001584	False
887	S100A8	LST1	0.950000	0.119092	7.98	0.065850	-0.066831	False
888	LCP1	IFITM3	0.046531	0.005845	7.96	0.000000	-0.001585	False
889	WAS	HSPA1A	0.052349	0.006585	7.95	0.000000	0.000000	False
890	TNFRSF1B	CSK	0.043046	0.005420	7.94	0.000000	-0.001456	False
891	GMFG	CSK	0.037474	0.004728	7.93	0.000000	-0.001448	False
892	S100A8	SERPINA1	0.872844	0.110200	7.92	0.000000	-0.066070	False
893	GPSM3	PPP1R18	0.030877	0.003904	7.91	0.000000	-0.001341	False
894	PLAUR	ICAM1	0.057498	0.007271	7.91	0.000000	-0.013575	False
895	CCL3L1	CSF3R	0.950000	0.120176	7.91	0.127184	-0.211008	False
896	BCL2A1	EFHD2	0.054678	0.006941	7.88	0.000000	-0.008882	False
897	FCER1G	CST3	0.950000	0.120652	7.87	0.138397	-0.167742	False
898	ICAM1	IFITM3	0.022464	0.002854	7.87	0.000000	-0.001523	False
899	LCP1	PLAUR	0.080701	0.010263	7.86	0.000000	-0.020849	False
900	LCP1	EFHD2	0.055465	0.007056	7.86	0.000000	-0.008914	False
901	S100A8	C5AR1	0.950000	0.121226	7.84	0.062953	-0.089216	False
902	BCL2A1	NAMPT	0.052923	0.006765	7.82	0.000000	-0.007644	False
903	S100A8	LYN	0.950000	0.121588	7.81	0.059285	-0.117551	False
904	LCP1	NAMPT	0.053711	0.006881	7.81	0.000000	-0.007667	False
905	BASP1	NCF1	0.041887	0.005368	7.80	0.000000	-0.010667	False
906	HCK	HSPA1A	0.109328	0.014038	7.79	0.000000	0.000000	False
907	BCL2A1	SOD2	0.046271	0.005947	7.78	0.000000	-0.002100	False
908	ICAM1	EFHD2	0.031624	0.004065	7.78	0.000000	-0.007252	False
909	LCP1	SOD2	0.047065	0.006062	7.76	0.000000	-0.002102	False
910	TALDO1	ICAM1	0.077397	0.010027	7.72	0.000000	-0.015561	False
911	TALDO1	LCP1	0.100111	0.013019	7.69	0.000000	-0.025935	False
912	PLAUR	SIPA1	0.045930	0.005974	7.69	0.000000	-0.007203	False
913	BCL2A1	TAGLN2	0.059743	0.007772	7.69	0.000000	-0.012047	False
914	LCP1	TAGLN2	0.060526	0.007887	7.67	0.000000	-0.012105	False
915	TNFRSF1B	IFITM3	0.043175	0.005629	7.67	0.000000	-0.001581	False
916	ICAM1	NAMPT	0.029826	0.003889	7.67	0.000000	-0.006405	False
917	SIPA1	CSK	0.010335	0.001348	7.67	0.000000	-0.001289	False
918	BCL2A1	MT2A	0.044681	0.005843	7.65	0.000000	-0.000530	False
919	S100A8	S100A6	0.950000	0.124343	7.64	0.057381	-0.132262	False
920	LCP1	MT2A	0.045476	0.005958	7.63	0.000000	-0.000530	False
921	TNFRSF1B	EFHD2	0.052140	0.006840	7.62	0.000000	-0.008773	False
922	GMFG	IFITM3	0.037603	0.004937	7.62	0.000000	-0.001572	False
923	IFITM2	SMAP2	0.950000	0.125274	7.58	0.064837	-0.220731	False
924	GMFG	EFHD2	0.046621	0.006148	7.58	0.000000	-0.008495	False
925	TALDO1	SIPA1	0.066074	0.008730	7.57	0.000000	-0.007726	False
926	TNFRSF1B	NAMPT	0.050380	0.006664	7.56	0.000000	-0.007563	False
927	BCL2A1	HSPA1B	0.044168	0.005849	7.55	0.000000	0.000000	False
928	PLEK	HSPA1A	0.108863	0.014429	7.54	0.000000	0.000000	False
929	LCP1	HSPA1B	0.044964	0.005965	7.54	0.000000	0.000000	False
930	EVI2B	HSPA1A	0.059523	0.007898	7.54	0.000000	0.000000	False
931	ICAM1	TAGLN2	0.036813	0.004895	7.52	0.000000	-0.009233	False
932	GMFG	NAMPT	0.044850	0.005972	7.51	0.000000	-0.007356	False
933	S100A9	FPR1	0.950000	0.126597	7.50	0.097957	-0.207121	False
934	S100A9	SPI1	0.950000	0.126694	7.50	0.095111	-0.219496	False
935	ICAM1	SOD2	0.023012	0.003071	7.49	0.000000	-0.001994	False
936	PLAUR	NCF1	0.056725	0.007579	7.48	0.000000	-0.013230	False
937	S100A9	S100A11	0.950000	0.127009	7.48	0.082227	-0.275513	False
938	TNFRSF1B	SOD2	0.043711	0.005846	7.48	0.000000	-0.002094	False
939	TNFRSF1B	TAGLN2	0.057219	0.007671	7.46	0.000000	-0.011847	False
940	TALDO1	NCF1	0.076641	0.010335	7.42	0.000000	-0.015111	False
941	GMFG	TAGLN2	0.051729	0.006978	7.41	0.000000	-0.011347	False
942	BCL2A1	PPP1R18	0.045509	0.006147	7.40	0.000000	-0.001361	False
943	GMFG	SOD2	0.038142	0.005154	7.40	0.000000	-0.002078	False
944	LCP1	PPP1R18	0.046304	0.006263	7.39	0.000000	-0.001362	False
945	TNFRSF1B	MT2A	0.042116	0.005742	7.33	0.000000	-0.000530	False
946	FCER1G	CSF3R	0.950000	0.129802	7.32	0.116566	-0.234208	False
947	NCF1	CSK	0.021532	0.002953	7.29	0.000000	-0.001404	False
948	S100A9	CST3	0.950000	0.130532	7.28	0.081921	-0.276842	False
949	SERPINA1	HSPA1A	0.066766	0.009180	7.27	0.000000	0.000000	False
950	TNFRSF1B	HSPA1B	0.041602	0.005748	7.24	0.000000	0.000000	False
951	GMFG	MT2A	0.036538	0.005050	7.24	0.000000	-0.000529	False
952	ICAM1	MT2A	0.021383	0.002967	7.21	0.000000	-0.000523	False
953	TALDO1	BASP1	0.078735	0.010933	7.20	0.000000	-0.016339	False
954	PLAUR	BASP1	0.058865	0.008177	7.20	0.000000	-0.014162	False
955	EFHD2	SIPA1	0.019739	0.002768	7.13	0.000000	-0.004925	False
956	GMFG	HSPA1B	0.036021	0.005056	7.12	0.000000	0.000000	False
957	TNFRSF1B	PPP1R18	0.042947	0.006046	7.10	0.000000	-0.001359	False
958	S100A8	SMAP2	0.950000	0.134113	7.08	0.041089	-0.258122	False
959	NCF1	EFHD2	0.030831	0.004373	7.05	0.000000	-0.007153	False
960	ICAM1	HSPA1B	0.020858	0.002973	7.02	0.000000	0.000000	False
961	IFITM2	FPR1	0.950000	0.136022	6.98	0.054977	-0.281151	False
962	GMFG	PPP1R18	0.037374	0.005354	6.98	0.000000	-0.001352	False
963	IFITM2	SPI1	0.950000	0.136120	6.98	0.052958	-0.293526	False
964	IFITM2	S100A11	0.950000	0.136435	6.96	0.043816	-0.349543	False
965	TALDO1	CSK	0.059163	0.008517	6.95	0.000000	-0.001471	False
966	TAGLN2	SIPA1	0.024992	0.003598	6.95	0.000000	-0.005764	False
967	NCF1	TAGLN2	0.036024	0.005203	6.92	0.000000	-0.009072	False
968	NCF1	NAMPT	0.029031	0.004197	6.92	0.000000	-0.006327	False
969	NAMPT	SIPA1	0.017919	0.002592	6.91	0.000000	-0.004519	False
970	TALDO1	EFHD2	0.068103	0.009937	6.85	0.000000	-0.009323	False
971	NCF1	IFITM3	0.021664	0.003162	6.85	0.000000	-0.001519	False
972	S100A9	CSF3R	0.950000	0.139681	6.80	0.066634	-0.343308	False
973	TALDO1	NAMPT	0.066373	0.009761	6.80	0.000000	-0.007968	False
974	ICAM1	PPP1R18	0.022232	0.003271	6.80	0.000000	-0.001316	False
975	TALDO1	IFITM3	0.059289	0.008726	6.79	0.000000	-0.001598	False
976	TALDO1	TAGLN2	0.073097	0.010768	6.79	0.000000	-0.012872	False
977	IFITM2	CST3	0.950000	0.139957	6.79	0.043600	-0.350873	False
978	FCER1G	CCL3L1	0.950000	0.140694	6.75	0.077163	-0.354170	False
979	PLAUR	CSK	0.038870	0.005761	6.75	0.000000	-0.001451	False
980	SIPA1	IFITM3	0.010467	0.001557	6.72	0.000000	-0.001386	False
981	BASP1	CSK	0.023752	0.003550	6.69	0.000000	-0.001413	False
982	TALDO1	SOD2	0.059816	0.008943	6.69	0.000000	-0.002124	False
983	PLAUR	EFHD2	0.048004	0.007181	6.68	0.000000	-0.008571	False
984	BASP1	EFHD2	0.033029	0.004971	6.64	0.000000	-0.007416	False
985	PLAUR	TAGLN2	0.053105	0.008012	6.63	0.000000	-0.011482	False
986	GCA	HSPA1A	0.038299	0.005794	6.61	0.000000	0.000000	False
987	PLAUR	NAMPT	0.046236	0.007006	6.60	0.000000	-0.007412	False
988	TALDO1	MT2A	0.058248	0.008839	6.59	0.000000	-0.000532	False
989	BASP1	TAGLN2	0.038210	0.005801	6.59	0.000000	-0.009501	False
990	NCF1	SOD2	0.022212	0.003379	6.57	0.000000	-0.001987	False
991	S100A8	FPR1	0.950000	0.144861	6.56	0.033269	-0.318542	False
992	S100A8	SPI1	0.950000	0.144959	6.55	0.031667	-0.330918	False
993	S100A8	S100A11	0.950000	0.145274	6.54	0.024416	-0.386935	False
994	PLAUR	IFITM3	0.038999	0.005970	6.53	0.000000	-0.001574	False
995	TALDO1	HSPA1B	0.057743	0.008845	6.53	0.000000	0.000000	False
996	BASP1	NAMPT	0.031233	0.004795	6.51	0.000000	-0.006533	False
997	TALDO1	PPP1R18	0.059065	0.009144	6.46	0.000000	-0.001371	False
998	PLAUR	SOD2	0.039538	0.006187	6.39	0.000000	-0.002082	False
999	S100A8	CST3	0.950000	0.148796	6.38	0.024244	-0.388264	False
1000	IFITM2	CSF3R	0.950000	0.149107	6.37	0.032753	-0.417338	False
1001	BASP1	IFITM3	0.023882	0.003760	6.35	0.000000	-0.001530	False
1002	S100A9	CCL3L1	0.950000	0.150574	6.31	0.039043	-0.463271	False
1003	NCF1	MT2A	0.020581	0.003275	6.28	0.000000	-0.000522	False
1004	PLAUR	MT2A	0.037936	0.006083	6.24	0.000000	-0.000529	False
1005	SIPA1	SOD2	0.011022	0.001774	6.21	0.000000	-0.001765	False
1006	PLAUR	HSPA1B	0.037420	0.006090	6.14	0.000000	0.000000	False
1007	BASP1	SOD2	0.024430	0.003977	6.14	0.000000	-0.002006	False
1008	LCP1	HSPA1A	0.044964	0.007353	6.12	0.000000	0.000000	False
1009	NCF1	HSPA1B	0.020056	0.003281	6.11	0.000000	0.000000	False
1010	BCL2A1	HSPA1A	0.044168	0.007237	6.10	0.000000	0.000000	False
1011	PLAUR	PPP1R18	0.038770	0.006388	6.07	0.000000	-0.001354	False
1012	S100A8	CSF3R	0.950000	0.157946	6.01	0.015640	-0.454730	False
1013	NCF1	PPP1R18	0.021431	0.003579	5.99	0.000000	-0.001313	False
1014	IFITM2	CCL3L1	0.950000	0.159999	5.94	0.013177	-0.537301	False
1015	S100A9	FCER1G	0.950000	0.160199	5.93	0.033707	-0.486471	False
1016	GPSM3	HSPA1A	0.029516	0.004994	5.91	0.000000	0.000000	False
1017	BASP1	MT2A	0.022803	0.003873	5.89	0.000000	-0.000524	False
1018	TNFRSF1B	HSPA1A	0.041602	0.007137	5.83	0.000000	0.000000	False
1019	BASP1	HSPA1B	0.022278	0.003879	5.74	0.000000	0.000000	False
1020	BASP1	PPP1R18	0.023650	0.004177	5.66	0.000000	-0.001321	False
1021	TALDO1	HSPA1A	0.057743	0.010234	5.64	0.000000	0.000000	False
1022	TAGLN2	EFHD2	0.027111	0.004805	5.64	0.000000	-0.006609	False
1023	S100A8	CCL3L1	0.950000	0.168839	5.63	0.000112	-0.574692	False
1024	SIPA1	MT2A	0.009372	0.001670	5.61	0.000000	-0.000506	False
1025	IFITM2	FCER1G	0.950000	0.169625	5.60	0.009391	-0.560501	False
1026	GMFG	HSPA1A	0.036021	0.006444	5.59	0.000000	0.000000	False
1027	HSPA1A	HSPA1B	0.017653	0.003180	5.55	0.017653	0.000000	False
1028	TAGLN2	NAMPT	0.025304	0.004630	5.47	0.000000	-0.005898	False
1029	S100A8	FCER1G	0.950000	0.178464	5.32	-0.002891	-0.597892	False
1030	IFITM2	S100A9	0.950000	0.179504	5.29	-0.008413	-0.669601	False
1031	EFHD2	NAMPT	0.020053	0.003799	5.28	0.000000	-0.005022	False
1032	SIPA1	HSPA1B	0.008841	0.001676	5.27	0.000000	0.000000	False
1033	TAGLN2	CSK	0.017777	0.003385	5.25	0.000000	-0.001381	False
1034	SIPA1	PPP1R18	0.010231	0.001974	5.18	0.000000	-0.001212	False
1035	S100A8	S100A9	0.950000	0.188344	5.04	-0.017013	-0.706993	False
1036	PLAUR	HSPA1A	0.037420	0.007478	5.00	0.000000	0.000000	False
1037	TAGLN2	IFITM3	0.017909	0.003595	4.98	0.000000	-0.001493	False
1038	EFHD2	CSK	0.012486	0.002555	4.89	0.000000	-0.001327	False
1039	TAGLN2	SOD2	0.018459	0.003812	4.84	0.000000	-0.001942	False
1040	S100A8	IFITM2	0.950000	0.197769	4.80	-0.026595	-0.781023	False
1041	ICAM1	HSPA1A	0.020858	0.004361	4.78	0.000000	0.000000	False
1042	MT3	CSK	0.950000	0.202969	4.68	-0.000529	-0.002065	False
1043	MT3	IFITM3	0.950000	0.203178	4.68	-0.000536	-0.002206	False
1044	MT3	SIPA1	0.950000	0.203182	4.68	-0.000893	-0.009785	False
1045	MT3	MT2A	0.950000	0.203291	4.67	-0.000481	-0.001043	False
1046	MT3	HSPA1B	0.950000	0.203297	4.67	-0.000455	-0.000479	False
1047	MT3	SOD2	0.950000	0.203395	4.67	-0.000564	-0.002795	False
1048	MT3	PPP1R18	0.950000	0.203595	4.67	-0.000524	-0.001955	False
1049	MT3	NAMPT	0.950000	0.204213	4.65	-0.000909	-0.010120	False
1050	MT3	EFHD2	0.950000	0.204389	4.65	-0.001000	-0.012053	False
1051	MT3	ICAM1	0.950000	0.204479	4.65	-0.001488	-0.022435	False
1052	MT3	HSPA1A	0.950000	0.204685	4.64	-0.000455	-0.000479	False
1053	MT3	NCF1	0.950000	0.204787	4.64	-0.001449	-0.021590	False
1054	MT3	GPSM3	0.950000	0.205112	4.63	-0.001917	-0.031548	False
1055	MT3	TAGLN2	0.950000	0.205219	4.63	-0.001262	-0.017631	False
1056	MT3	BASP1	0.950000	0.205384	4.63	-0.001559	-0.023930	False
1057	MT3	GCA	0.950000	0.205911	4.61	-0.002352	-0.040793	False
1058	MT3	GMFG	0.950000	0.206562	4.60	-0.002240	-0.038396	False
1059	MT3	WAS	0.950000	0.206702	4.60	-0.003048	-0.055583	False
1060	MT3	TNFRSF1B	0.950000	0.207254	4.58	-0.002516	-0.044271	False
1061	MT3	BCL2A1	0.950000	0.207355	4.58	-0.002643	-0.046972	False
1062	MT3	LCP1	0.950000	0.207470	4.58	-0.002683	-0.047809	False
1063	MT3	PLAUR	0.950000	0.207595	4.58	-0.002309	-0.039868	False
1064	MT3	EVI2B	0.950000	0.208015	4.57	-0.003404	-0.063135	False
1065	EFHD2	IFITM3	0.012618	0.002764	4.56	0.000000	-0.001430	False
1066	MT3	SERPINA1	0.950000	0.209297	4.54	-0.003763	-0.070758	False
1067	MT3	SLC25A37	0.950000	0.209342	4.54	-0.004104	-0.078004	False
1068	TAGLN2	MT2A	0.016822	0.003707	4.54	0.000000	-0.000519	False
1069	MT3	TALDO1	0.950000	0.210351	4.52	-0.003316	-0.061261	False
1070	NAMPT	CSK	0.010652	0.002379	4.48	0.000000	-0.001296	False
1071	MT3	CXCL8	0.950000	0.212188	4.48	-0.005254	-0.102433	False
1072	MT3	HCK	0.950000	0.214155	4.44	-0.005872	-0.115561	False
1073	MT3	PLEK	0.950000	0.214547	4.43	-0.005848	-0.115071	False
1074	EFHD2	SOD2	0.013171	0.002981	4.42	0.000000	-0.001837	False
1075	TAGLN2	PPP1R18	0.017675	0.004012	4.41	0.000000	-0.001293	False
1076	MT3	ARHGDIB	0.950000	0.216055	4.40	-0.008477	-0.170917	False
1077	TAGLN2	HSPA1B	0.016295	0.003714	4.39	0.000000	0.000000	False
1078	MT3	PILRA	0.950000	0.217480	4.37	-0.008127	-0.163482	False
1079	MT3	CD69	0.950000	0.217722	4.36	-0.008443	-0.170192	False
1080	MT3	LST1	0.950000	0.218190	4.35	-0.007874	-0.158103	False
1081	MT3	C5AR1	0.950000	0.220323	4.31	-0.008927	-0.180488	False
1082	MT3	LYN	0.950000	0.220685	4.30	-0.010261	-0.208822	False
1083	NCF1	HSPA1A	0.020056	0.004669	4.30	0.000000	0.000000	False
1084	MT3	S100A6	0.950000	0.223440	4.25	-0.010954	-0.223533	False
1085	BASP1	HSPA1A	0.022278	0.005267	4.23	0.000000	0.000000	False
1086	NAMPT	IFITM3	0.010784	0.002588	4.17	0.000000	-0.001393	False
1087	MT3	SMAP2	0.950000	0.233210	4.07	-0.016878	-0.349394	False
1088	NAMPT	SOD2	0.011339	0.002805	4.04	0.000000	-0.001777	False
1089	EFHD2	MT2A	0.011526	0.002877	4.01	0.000000	-0.000512	False
1090	MT3	FPR1	0.950000	0.243959	3.89	-0.019721	-0.409814	False
1091	MT3	SPI1	0.950000	0.244056	3.89	-0.020304	-0.422189	False
1092	EFHD2	PPP1R18	0.012383	0.003181	3.89	0.000000	-0.001246	False
1093	MT3	S100A11	0.950000	0.244371	3.89	-0.022940	-0.478206	False
1094	MT3	CST3	0.950000	0.247894	3.83	-0.023003	-0.479536	False
1095	S100B	CSK	0.950000	0.248926	3.82	-0.001309	-0.002886	False
1096	EFHD2	HSPA1B	0.010995	0.002883	3.81	0.000000	0.000000	False
1097	S100B	IFITM3	0.950000	0.249135	3.81	-0.001315	-0.003027	False
1098	S100B	SIPA1	0.950000	0.249139	3.81	-0.001666	-0.010607	False
1099	S100B	MT2A	0.950000	0.249248	3.81	-0.001261	-0.001865	False
1100	S100B	HSPA1B	0.950000	0.249254	3.81	-0.001235	-0.001300	False
1101	S100B	SOD2	0.950000	0.249352	3.81	-0.001343	-0.003616	False
1102	S100B	PPP1R18	0.950000	0.249552	3.81	-0.001304	-0.002777	False
1103	S100B	NAMPT	0.950000	0.250170	3.80	-0.001682	-0.010941	False
1104	S100B	EFHD2	0.950000	0.250346	3.79	-0.001771	-0.012874	False
1105	S100B	ICAM1	0.950000	0.250436	3.79	-0.002252	-0.023256	False
1106	S100B	HSPA1A	0.950000	0.250643	3.79	-0.001235	-0.001300	False
1107	S100B	NCF1	0.950000	0.250744	3.79	-0.002213	-0.022412	False
1108	S100B	GPSM3	0.950000	0.251069	3.78	-0.002675	-0.032369	False
1109	S100B	TAGLN2	0.950000	0.251177	3.78	-0.002030	-0.018453	False
1110	S100B	BASP1	0.950000	0.251342	3.78	-0.002322	-0.024751	False
1111	S100B	GCA	0.950000	0.251868	3.77	-0.003103	-0.041615	False
1112	S100B	GMFG	0.950000	0.252519	3.76	-0.002992	-0.039217	False
1113	S100B	WAS	0.950000	0.252660	3.76	-0.003788	-0.056404	False
1114	S100B	TNFRSF1B	0.950000	0.253211	3.75	-0.003264	-0.045092	False
1115	S100B	BCL2A1	0.950000	0.253312	3.75	-0.003389	-0.047793	False
1116	S100B	LCP1	0.950000	0.253428	3.75	-0.003428	-0.048631	False
1117	S100B	PLAUR	0.950000	0.253553	3.75	-0.003060	-0.040690	False
1118	S100B	EVI2B	0.950000	0.253973	3.74	-0.004138	-0.063956	False
1119	S100B	SERPINA1	0.950000	0.255255	3.72	-0.004491	-0.071580	False
1120	S100B	SLC25A37	0.950000	0.255300	3.72	-0.004827	-0.078825	False
1121	S100B	TALDO1	0.950000	0.256309	3.71	-0.004051	-0.062082	False
1122	MT3	CSF3R	0.950000	0.257043	3.70	-0.026131	-0.546001	False
1123	S100B	CXCL8	0.950000	0.258146	3.68	-0.005958	-0.103254	False
1124	S100B	HCK	0.950000	0.260113	3.65	-0.006567	-0.116383	False
1125	S100B	PLEK	0.950000	0.260504	3.65	-0.006544	-0.115893	False
1126	S100B	ARHGDIB	0.950000	0.262013	3.63	-0.009131	-0.171739	False
1127	S100B	PILRA	0.950000	0.263438	3.61	-0.008787	-0.164303	False
1128	S100B	CD69	0.950000	0.263679	3.60	-0.009097	-0.171013	False
1129	S100B	LST1	0.950000	0.264147	3.60	-0.008537	-0.158924	False
1130	NAMPT	MT2A	0.009690	0.002701	3.59	0.000000	-0.000507	False
1131	S100B	C5AR1	0.950000	0.266280	3.57	-0.009574	-0.181309	False
1132	S100B	LYN	0.950000	0.266643	3.56	-0.010887	-0.209644	False
1133	MT3	CCL3L1	0.950000	0.267936	3.55	-0.031778	-0.665964	False
1134	S100B	S100A6	0.950000	0.269397	3.53	-0.011569	-0.224355	False
1135	NAMPT	PPP1R18	0.010549	0.003005	3.51	0.000000	-0.001218	False
1136	MT3	FCER1G	0.950000	0.277561	3.42	-0.032870	-0.689164	False
1137	S100B	SMAP2	0.950000	0.279168	3.40	-0.017399	-0.350216	False
1138	NAMPT	HSPA1B	0.009159	0.002707	3.38	0.000000	0.000000	False
1139	MT3	S100A9	0.950000	0.287441	3.31	-0.038005	-0.798264	False
1140	APOD	CSK	0.950000	0.287824	3.30	-0.000891	-0.002446	False
1141	APOD	IFITM3	0.950000	0.288033	3.30	-0.000898	-0.002587	False
1142	APOD	SIPA1	0.950000	0.288037	3.30	-0.001252	-0.010167	False
1143	APOD	MT2A	0.950000	0.288146	3.30	-0.000844	-0.001425	False
1144	APOD	HSPA1B	0.950000	0.288153	3.30	-0.000817	-0.000860	False
1145	APOD	SOD2	0.950000	0.288250	3.30	-0.000925	-0.003176	False
1146	APOD	PPP1R18	0.950000	0.288451	3.29	-0.000886	-0.002337	False
1147	APOD	NAMPT	0.950000	0.289068	3.29	-0.001268	-0.010501	False
1148	APOD	EFHD2	0.950000	0.289244	3.28	-0.001358	-0.012434	False
1149	APOD	ICAM1	0.950000	0.289334	3.28	-0.001843	-0.022816	False
1150	APOD	HSPA1A	0.950000	0.289541	3.28	-0.000817	-0.000860	False
1151	APOD	NCF1	0.950000	0.289642	3.28	-0.001804	-0.021972	False
1152	S100B	FPR1	0.950000	0.289916	3.28	-0.020198	-0.410636	False
1153	APOD	GPSM3	0.950000	0.289967	3.28	-0.002269	-0.031929	False
1154	S100B	SPI1	0.950000	0.290013	3.28	-0.020772	-0.423011	False
1155	APOD	TAGLN2	0.950000	0.290075	3.28	-0.001619	-0.018013	False
1156	APOD	BASP1	0.950000	0.290240	3.27	-0.001913	-0.024311	False
1157	S100B	S100A11	0.950000	0.290328	3.27	-0.023367	-0.479028	False
1158	APOD	GCA	0.950000	0.290766	3.27	-0.002701	-0.041175	False
1159	APOD	GMFG	0.950000	0.291417	3.26	-0.002589	-0.038777	False
1160	APOD	WAS	0.950000	0.291558	3.26	-0.003392	-0.055964	False
1161	APOD	TNFRSF1B	0.950000	0.292109	3.25	-0.002863	-0.044652	False
1162	APOD	BCL2A1	0.950000	0.292210	3.25	-0.002990	-0.047353	False
1163	APOD	LCP1	0.950000	0.292326	3.25	-0.003029	-0.048191	False
1164	APOD	PLAUR	0.950000	0.292451	3.25	-0.002658	-0.040250	False
1165	APOD	EVI2B	0.950000	0.292871	3.24	-0.003745	-0.063516	False
1166	S100B	CST3	0.950000	0.293851	3.23	-0.023428	-0.480357	False
1167	APOD	SERPINA1	0.950000	0.294153	3.23	-0.004101	-0.071140	False
1168	APOD	SLC25A37	0.950000	0.294198	3.23	-0.004439	-0.078385	False
1169	APOD	TALDO1	0.950000	0.295207	3.22	-0.003657	-0.061642	False
1170	MT3	IFITM2	0.950000	0.296866	3.20	-0.041489	-0.872294	False
1171	APOD	CXCL8	0.950000	0.297044	3.20	-0.005581	-0.102814	False
1172	TAGLN2	HSPA1A	0.016295	0.005102	3.19	0.000000	0.000000	False
1173	APOD	HCK	0.950000	0.299011	3.18	-0.006194	-0.115943	False
1174	APOD	PLEK	0.950000	0.299402	3.17	-0.006171	-0.115453	False
1175	APOD	ARHGDIB	0.950000	0.300911	3.16	-0.008781	-0.171299	False
1176	APOD	PILRA	0.950000	0.302336	3.14	-0.008433	-0.163863	False
1177	APOD	CD69	0.950000	0.302577	3.14	-0.008747	-0.170573	False
1178	S100B	CSF3R	0.950000	0.303001	3.14	-0.026507	-0.546823	False
1179	APOD	LST1	0.950000	0.303045	3.13	-0.008182	-0.158484	False
1180	APOD	C5AR1	0.950000	0.305178	3.11	-0.009228	-0.180869	False
1181	APOD	LYN	0.950000	0.305541	3.11	-0.010552	-0.209204	False
1182	MT3	S100A8	0.950000	0.305706	3.11	-0.043249	-0.909686	False
1183	APOD	S100A6	0.950000	0.308295	3.08	-0.011239	-0.223915	False
1184	S100B	CCL3L1	0.950000	0.313893	3.03	-0.032065	-0.666785	False
1185	APOD	SMAP2	0.950000	0.318066	2.99	-0.017120	-0.349776	False
1186	S100B	FCER1G	0.950000	0.323519	2.94	-0.033140	-0.689985	False
1187	APOD	FPR1	0.950000	0.328814	2.89	-0.019943	-0.410195	False
1188	APOD	SPI1	0.950000	0.328911	2.89	-0.020521	-0.422571	False
1189	APOD	S100A11	0.950000	0.329227	2.89	-0.023138	-0.478588	False
1190	SIPA1	HSPA1A	0.008841	0.003064	2.89	0.000000	0.000000	False
1191	APOD	CST3	0.950000	0.332749	2.86	-0.023201	-0.479917	False
1192	S100B	S100A9	0.950000	0.333398	2.85	-0.038194	-0.799086	False
1193	APOD	CSF3R	0.950000	0.341899	2.78	-0.026306	-0.546383	False
1194	S100B	IFITM2	0.950000	0.342824	2.77	-0.041623	-0.873116	False
1195	S100B	S100A8	0.950000	0.351663	2.70	-0.043356	-0.910507	False
1196	APOD	CCL3L1	0.950000	0.352791	2.69	-0.031911	-0.666345	False
1197	APOD	FCER1G	0.950000	0.362417	2.62	-0.032995	-0.689545	False
1198	EFHD2	HSPA1A	0.010995	0.004271	2.57	0.000000	0.000000	False
1199	APOD	S100A9	0.950000	0.372296	2.55	-0.038093	-0.798646	False
1200	APOD	IFITM2	0.950000	0.381722	2.49	-0.041552	-0.872676	False
1201	APOD	S100A8	0.950000	0.390561	2.43	-0.043299	-0.910067	False
1202	SOD2	CSK	0.003704	0.001561	2.37	0.000000	-0.000895	False
1203	IFITM3	CSK	0.003145	0.001344	2.34	0.000000	-0.000786	False
1204	NAMPT	HSPA1A	0.009159	0.004096	2.24	0.000000	0.000000	False
1205	SOD2	IFITM3	0.003837	0.001770	2.17	0.000000	-0.000941	False
1206	S100B	MT3	0.950000	0.450760	2.11	-0.047584	-1.001779	False
1207	APOD	MT3	0.950000	0.489658	1.94	-0.047563	-1.001339	False
1208	S100B	APOD	0.950000	0.535616	1.77	-0.047602	-1.002161	False
1209	CSK	PPP1R18	0.002908	0.001761	1.65	0.000000	-0.000727	False
1210	SOD2	PPP1R18	0.003600	0.002187	1.65	0.000000	-0.000857	False
1211	IFITM3	PPP1R18	0.003041	0.001970	1.54	0.000000	-0.000757	False
1212	SOD2	MT2A	0.002735	0.001883	1.45	0.000000	-0.000431	False
1213	CSK	MT2A	0.002042	0.001457	1.40	0.000000	-0.000396	False
1214	IFITM3	MT2A	0.002176	0.001666	1.31	0.000000	-0.000404	False
1215	SOD2	HSPA1B	0.002200	0.001889	1.16	0.000000	0.000000	False
1216	CSK	HSPA1B	0.001507	0.001463	1.03	0.000000	0.000000	False
1217	IFITM3	HSPA1B	0.001641	0.001672	0.98	0.000000	0.000000	False
1218	PPP1R18	MT2A	0.001938	0.002083	0.93	0.000000	-0.000388	False
1219	PPP1R18	HSPA1B	0.001403	0.002089	0.67	0.000000	0.000000	False
1220	SOD2	HSPA1A	0.002200	0.003277	0.67	0.000000	0.000000	False
1221	IFITM3	HSPA1A	0.001641	0.003060	0.54	0.000000	0.000000	False
1222	CSK	HSPA1A	0.001507	0.002851	0.53	0.000000	0.000000	False
1223	PPP1R18	HSPA1A	0.001403	0.003478	0.40	0.000000	0.000000	False
1224	MT2A	HSPA1B	0.000536	0.001785	0.30	0.000000	0.000000	False
1225	MT2A	HSPA1A	0.000536	0.003173	0.17	0.000000	0.000000	False
