patient_id,tp_in,tp_out,dt_days,v_in,v_out,noise_floor_ln,abs_ln_change,snr,dice_in_vs_dilated,dice_in_vs_eroded,dice_persistence
PatientID_0003,1,2,56.0,5215,5148,0.3399584339709053,0.012928303560347517,0.038029071405399996,0.8499022164276402,0.8134243458475541,0.6353372575509022
PatientID_0003,2,5,140.0,5148,5977,0.29076512548216416,0.14928354279774175,0.5134162583982204,0.8673237300985596,0.8439254435212217,0.7618876404494382
PatientID_0005,3,4,43.0,5907,4909,0.34856067684961134,0.18503342286270422,0.5308499643020204,0.845427221983684,0.8095525997581621,0.8300665680473372
PatientID_0006,2,4,42.0,344,127,1.9766329819810977,0.9915141531117426,0.501617731845185,0.5161290322580645,0.09944751381215469,0.06794055201698514
PatientID_0006,4,5,42.0,127,1003,2.9969807136532847,2.0597170363320574,0.6872640277425364,0.4819734345351044,0.0,0.06017699115044248
PatientID_0006,5,6,191.0,1003,2496,0.9297281705396461,0.9110979900280987,0.9799616908448264,0.6481421647819063,0.4894578313253012,0.3869677050585882
PatientID_0007,4,5,86.0,452,564,1.2905069799826718,0.22093360566340686,0.17119907841674242,0.6213058419243986,0.2846299810246679,0.4862204724409449
PatientID_0007,5,6,102.0,564,89,1.1564383895152968,1.8370160608161759,1.5885118286207471,0.6501440922190201,0.3387334315169367,0.18683001531393567
PatientID_0008,4,6,113.0,939,1182,0.8824741058886991,0.2299289887143372,0.2605504084256232,0.6760259179265659,0.5011971268954509,0.07449316360207449
PatientID_0010,1,4,133.0,590,1027,2.0609798646275372,0.5535544286090123,0.26858798482684415,0.5537306428906617,0.0781758957654723,0.030921459492888066
PatientID_0010,4,5,42.0,1027,2696,0.926612895664328,0.9645248771246195,1.0409145843293177,0.6613007083065036,0.4807692307692308,0.37657802847166266
PatientID_0011,1,2,70.0,1996,4820,1.0588205264378332,0.881335320989807,0.8323746083341095,0.6455368693402329,0.4025610244097639,0.14994131455399062
PatientID_0012,2,3,77.0,12693,13079,0.22374199543113282,0.029954905144774228,0.13388146059506412,0.8949131032537808,0.8822648820007045,0.785658854570852
PatientID_0013,1,2,98.0,2473,1902,0.4211461441002184,0.2624046856562837,0.6230727488124417,0.8163063211751114,0.7687328852377396,0.6747428571428571
PatientID_0013,2,4,85.0,1902,2357,0.4384430860174367,0.2143822138011668,0.48896246887706857,0.8050793650793651,0.7633289986996099,0.5738436252641466
PatientID_0013,4,5,55.0,2357,378,0.39642805363867184,1.8280328760148898,4.611260124595188,0.8229748603351955,0.7856774858320453,0.17915904936014626
PatientID_0014,1,2,42.0,16,478,2.0948273710132126,3.338487253354699,1.593681321692852,0.3950617283950617,0.0,0.044534412955465584
PatientID_0014,2,3,120.0,478,771,1.1787836137056993,0.4772839526138609,0.40489530653844147,0.6597653554175293,0.31985940246045697,0.3410728582866293
PatientID_0014,3,4,70.0,771,532,0.7544975647016277,0.3704631258589316,0.4910063904652023,0.7360381861575179,0.5493885230479775,0.4804297774366846
PatientID_0014,4,5,35.0,532,454,0.6255534410001942,0.15822400521489416,0.252934433486467,0.7409470752089137,0.6531645569620254,0.7119675456389453
PatientID_0014,5,6,91.0,454,386,0.600008812241504,0.16187272592116864,0.2697839142002713,0.7504132231404959,0.6666666666666666,0.6452380952380953
PatientID_0018,1,2,92.0,75,421,1.8708150097497327,1.7142719737496808,0.916323615544974,0.45871559633027525,0.125,0.03225806451612903
PatientID_0018,2,4,126.0,421,342,1.0431493557029865,0.20727486687007188,0.19870104480905107,0.6486902927580893,0.40831758034026466,0.1913499344692005
PatientID_0018,5,6,58.0,4872,17591,0.4509286390178641,1.283734489391091,2.8468683918304736,0.808027199601957,0.74884437596302,0.4219382985353693
PatientID_0019,4,5,49.0,1287,1065,0.47924664953483154,0.1891773019385091,0.3947389139227769,0.7959183673469388,0.7338908017707821,0.6590136054421769
PatientID_0019,5,6,62.0,1065,951,0.4998295587926419,0.11310356993442455,0.22628427619933225,0.7865583456425406,0.7237866986219293,0.8541666666666666
PatientID_0020,1,2,76.0,3399,706,0.3443201257937935,1.57050004470768,4.561162496926541,0.8447868770970548,0.8142333856619571,0.3376370280146163
PatientID_0020,2,3,131.0,706,1051,1.0679278154799636,0.39741772740108244,0.37213912929355547,0.6638457921955806,0.38258877434135163,0.6033010813887308
PatientID_0020,3,4,97.0,1051,2190,0.7572077305080829,0.7336649462978113,0.9689084206859927,0.7135098438560761,0.567143830947512,0.30669546436285094
PatientID_0021,2,3,92.0,1709,2369,0.45678956421537914,0.3263965846324714,0.7145447492722784,0.7974801679888007,0.7534646243617797,0.17655713585090732
PatientID_0021,3,4,92.0,2369,16,0.4692297409863563,4.93743189007296,10.52241888950625,0.8057823129251701,0.7338321753073223,0.013417190775681341
PatientID_0021,4,5,63.0,16,783,1.708863341806683,3.831195676294192,2.2419555634236317,0.42105263157894735,0.11764705882352941,0.04005006257822278
PatientID_0021,5,6,126.0,783,2388,1.2085942378665246,1.1142211269754017,0.9219149753206539,0.6241530490235153,0.3269230769230769,0.38536739198990855
PatientID_0022,1,2,52.0,2836,7553,0.6252195528068569,0.9793300684635508,1.5663778652906042,0.7499669443342589,0.6459775602769158,0.42371739339686204
PatientID_0024,2,3,123.0,3142,8439,0.9798715140978509,0.9878045507924352,1.008095996853106,0.6897914379802415,0.42189854344550476,0.4087729902426388
PatientID_0025,1,2,114.0,5995,7398,0.3466346962989916,0.21025227570306265,0.6065528867938496,0.8457360513507794,0.8111056023797719,0.6794594190995296
PatientID_0025,2,3,78.0,7398,64,0.29203976220964967,4.7347128650299135,16.212562389469948,0.8657694558221182,0.8442430870176535,0.012865183596890914
PatientID_0026,1,2,111.0,2695,1357,0.5213582008136425,0.6857561639135561,1.315326320451756,0.7787891923132495,0.7117590822179732,0.14511352418558737
PatientID_0029,1,3,183.0,364,0,1.1531876845839133,5.8998973535824915,5.1161640316261785,0.629757785467128,0.35294117647058826,0.0
PatientID_0031,2,3,78.0,1666,2082,0.4189970974876432,0.22278355851017798,0.5317066868625461,0.8146699266503667,0.7722918201915991,0.37246531483457845
PatientID_0031,3,4,85.0,2082,6609,0.4812400571717648,1.15477449158476,2.3995809874417757,0.7932939607544294,0.7347310847766636,0.4770452191922679
PatientID_0031,4,5,143.0,6609,4842,0.28191119223169514,0.3110492904425028,1.1033591393805318,0.8705216016859852,0.849408077994429,0.6511221727360056
PatientID_0032,1,2,63.0,69,351,2.1868291925016825,1.615135933548738,0.7385743427455619,0.45098039215686275,0.056338028169014086,0.03333333333333333
PatientID_0032,3,4,132.0,1169,139,0.5886159384414423,2.1231166051824975,3.6069641790607285,0.7544369151339142,0.6738513896766875,0.1834862385321101
PatientID_0032,4,5,76.0,139,4872,1.8306139613917132,3.549822620234202,1.9391432028276845,0.4911660777385159,0.1342281879194631,0.044701656356016764
PatientID_0032,5,6,114.0,4872,18124,0.4509286390178641,1.3135824368793694,2.913060567056443,0.808027199601957,0.74884437596302,0.41337623934597323
PatientID_0033,1,2,71.0,211,968,1.0769370682313029,1.519678337218754,1.4111115514990888,0.6169590643274854,0.4075471698113208,0.030534351145038167
PatientID_0033,2,3,181.0,968,525,0.6901762864955698,0.6109633991530564,0.8852280368183558,0.7319470699432892,0.6061915046796257,0.5184192900200938
PatientID_0033,3,4,110.0,525,628,0.8141040075580455,0.17883004396273072,0.21966486137212654,0.7037533512064343,0.5294117647058824,0.5915004336513443
PatientID_0033,4,5,160.0,628,888,0.7325741806863111,0.345965978813464,0.47226067739562744,0.7185354691075515,0.582392776523702,0.741424802110818
PatientID_0034,1,2,62.0,145,127,2.612873336856601,0.13157635778871932,0.05035695987736296,0.4131054131054131,0.027210884353741496,0.022058823529411766
PatientID_0034,2,3,42.0,127,3,1.378002297112123,3.4657359027997265,2.515043632411109,0.5976470588235294,0.2482758620689655,0.0
PatientID_0034,3,4,78.0,3,0,1.4978661367769954,1.3862943611198906,0.9255128526390367,0.2727272727272727,0.0,0.0
PatientID_0034,5,6,263.0,2,13,1.2824746787307684,1.540445040947149,1.2011504527104482,0.2857142857142857,0.0,0.0
PatientID_0035,1,2,91.0,3225,1194,0.40446285948588034,0.9930967943195432,2.4553473107070585,0.8233341843247384,0.7777146105741899,0.42453043675039603
PatientID_0035,2,3,105.0,1194,2833,0.5780512062379843,0.8635429558850147,1.4938866082557625,0.7595419847328244,0.6784726065301605,0.5383660293022101
PatientID_0036,1,2,78.0,3704,6798,0.4074090150276693,0.6070922837962723,1.4901297256641253,0.8127262753702688,0.7853746515822266,0.4501999619120168
PatientID_0036,2,3,63.0,6798,8241,0.3671454195792289,0.19246749037230293,0.5242268597355305,0.8431627906976744,0.7939324048611727,0.796329543187712
PatientID_0036,3,4,98.0,8241,154,0.31955205679366205,3.973573194979516,12.434822779267204,0.8613535406323491,0.8218727662616154,0.03668850506253722
PatientID_0036,4,5,91.0,154,3178,1.5966440374598967,3.020896843991556,1.892029014054695,0.5,0.20930232558139536,0.09003601440576231
PatientID_0036,5,6,76.0,3178,4328,0.3971590430766049,0.3087698865311778,0.777446445986178,0.822357355414672,0.7856324035154757,0.770050626165734
PatientID_0037,1,2,105.0,810,540,1.1918333809000006,0.4048487752689314,0.3396857159372513,0.6710853355426678,0.3072100313479624,0.37777777777777777
PatientID_0037,2,3,98.0,540,552,1.1953342512061216,0.021938722675853336,0.01835363008607561,0.6577344701583435,0.3125,0.5622710622710623
PatientID_0037,3,4,91.0,552,1604,0.7897924746422096,1.0655210340417813,1.3491152020972115,0.7164179104477612,0.5377483443708609,0.42207792207792205
PatientID_0038,1,2,92.0,2563,2689,0.5785960134151668,0.04797265455532415,0.08291217610049756,0.7599703484062268,0.6778436935775084,0.33244478293983243
PatientID_0038,2,3,61.0,2689,5648,1.0938657179923623,0.7419373447293773,0.6782709545839865,0.6781841109709962,0.35836385836385837,0.6038143216984527
PatientID_0038,3,4,65.0,5648,15948,0.4903149673398797,1.037917592997492,2.1168384857360913,0.8063963449457453,0.7138790845952409,0.5107427301352102
PatientID_0038,5,6,58.0,6215,16974,0.45754555126238505,1.0046150603794135,2.1956613010609405,0.8082975679542204,0.7424119789558883,0.5322351114752685
PatientID_0039,1,2,98.0,36,152,2.4489198999754556,1.419520008748211,0.5796514654327559,0.4260355029585799,0.0,0.02127659574468085
PatientID_0039,2,3,62.0,152,313,1.6783145310911394,0.7189550645158178,0.42837921688516656,0.5801526717557252,0.14634146341463414,0.37849462365591396
PatientID_0039,3,4,92.0,313,56,0.8200002814221335,1.7063417180737033,2.0809038200747687,0.6879120879120879,0.5373831775700935,0.3035230352303523
PatientID_0039,4,6,63.0,56,89,1.3301297686329308,0.4567584024957149,0.3433938652205026,0.5656565656565656,0.27692307692307694,0.2620689655172414
PatientID_0041,1,2,91.0,127,233,3.0153426301306316,0.6032908514380843,0.20007373139282295,0.46863468634686345,0.0,0.05
PatientID_0044,2,3,98.0,230,22,0.9998673995345467,2.306923494592644,2.307229434289538,0.6695778748180495,0.41924398625429554,0.023809523809523808
PatientID_0044,3,4,85.0,22,377,2.1910133173369406,2.799399979690438,1.2776736487813587,0.43564356435643564,0.0,0.005012531328320802
PatientID_0044,4,5,88.0,377,2557,1.0397207708399179,1.9120867865192004,1.8390387497737097,0.6283333333333333,0.42588726513569936,0.09679618268575324
PatientID_0044,5,6,120.0,2557,324,0.615770545066244,2.0631557998090506,3.350526939522738,0.7496335385517443,0.6545645882662458,0.1443943075321069
PatientID_0045,1,2,70.0,491,2228,0.6559259424326872,1.5108296168935607,2.3033539598848933,0.7306547619047619,0.6361111111111111,0.30158146377344613
PatientID_0045,2,3,30.0,2228,808,0.428517517832531,1.0135094163273772,2.3651528214150326,0.8109190172884441,0.7670171555063642,0.3326745718050066
PatientID_0045,3,4,51.0,808,754,0.6061767150787457,0.06908116780946703,0.11396209404132755,0.7464203233256351,0.6655656482246077,0.44430217669654287
PatientID_0051,1,3,90.0,3628,2950,0.49343885945836297,0.20681303227013093,0.41912595310621675,0.7878393051031487,0.728801681850035,0.500456065673457
PatientID_0051,3,4,87.0,2950,2024,0.7651076241991548,0.3765743954022999,0.4921848684967214,0.7110147023379128,0.5634282931580229,0.6369119420989143
PatientID_0052,1,2,70.0,538,1705,1.1216298134546154,1.1521911571426273,1.0272472640450623,0.6274052478134111,0.37462235649546827,0.016941596076683014
PatientID_0053,4,5,69.0,8,146,1.7776740307447068,2.793208009442517,1.5712712010943766,0.38095238095238093,0.0,0.0
PatientID_0053,5,6,91.0,146,1772,1.7586347764574548,2.4899957192954716,1.4158685775060413,0.5008576329331046,0.1518987341772152,0.15224191866527634
PatientID_0054,1,2,77.0,5018,7102,0.7728661888002105,0.3472865193428763,0.449348832146481,0.7476162097735399,0.526068438830959,0.449009900990099
PatientID_0055,1,4,182.0,4367,1772,0.42787456622076253,0.9016322113505331,2.107234882676655,0.8129945080517547,0.7656868287167892,0.2003583645544877
PatientID_0055,4,5,64.0,1772,2389,0.8646480015792066,0.2986203388513485,0.3453663667827181,0.7135091604590296,0.48417450812660395,0.7498197548666186
PatientID_0055,5,6,42.0,2389,3479,0.6420936961855787,0.3757389278429637,0.5851777241780726,0.7624062549864369,0.6198729058347776,0.7385821404226313
PatientID_0059,2,3,177.0,259,908,1.2432696516059427,1.2516634631619512,1.00675140066772,0.5947187141216992,0.32362459546925565,0.0
PatientID_0064,1,2,84.0,5509,3566,0.36735562887366946,0.43483971678806865,1.1837023380349683,0.8380619152658401,0.7987352812908853,0.6939944903581268
PatientID_0065,1,2,14.0,339,3731,1.7346010553881064,2.3957539443570273,1.3811555901659427,0.562655601659751,0.14246575342465753,0.16461916461916462
PatientID_0065,2,3,63.0,3731,2945,0.3785661687108595,0.23649596494465888,0.6247150022676465,0.8375799753058705,0.7884396817665206,0.823247453565009
PatientID_0065,3,4,80.0,2945,6431,0.3981235392148018,0.7808372138362267,1.9612937616706387,0.8333333333333334,0.7739383846794338,0.5373293515358362
PatientID_0065,4,5,127.0,6431,5241,0.29569189554148423,0.2045824269754506,0.6918770181401492,0.8699357456881975,0.8365445499773858,0.8029472241261137
PatientID_0066,1,2,63.0,42,14,1.9250738008550292,1.0531499145913523,0.5470698910990278,0.46153846153846156,0.09090909090909091,0.0
PatientID_0066,2,3,108.0,14,21,2.0794415416798357,0.3829922522561057,0.1841803410095929,0.36363636363636365,0.0,0.0
PatientID_0066,3,5,170.0,21,0,2.2213256282451583,3.0910424533583156,1.3915305410671517,0.4,0.0,0.0
PatientID_0067,1,2,103.0,554,945,2.093102636636584,0.5332744553054437,0.25477702142803893,0.554,0.07304347826086957,0.1801200800533689
PatientID_0068,1,2,77.0,317,223,0.591446644267441,0.35040533092513704,0.5924546775629187,0.7476415094339622,0.6764091858037579,0.07777777777777778
PatientID_0068,2,3,21.0,223,664,2.1097538525880535,1.0881409888008142,0.5157667978498924,0.5347721822541966,0.06926406926406926,0.0992108229988726
PatientID_0068,3,4,48.0,664,524,0.5828567528492048,0.2363887780642304,0.4055692533520124,0.7558338076266363,0.6772908366533864,0.6111111111111112
PatientID_0068,4,5,189.0,524,1293,0.6500035485617615,0.9020952124692221,1.3878312117914655,0.7257617728531855,0.6459948320413437,0.5250412768299395
PatientID_0069,2,3,51.0,354,214,1.270994582590018,0.5014797613477531,0.3945569620964422,0.6276595744680851,0.2898550724637681,0.6584507042253521
PatientID_0069,3,4,50.0,214,177,1.431592808796004,0.1888544778355777,0.131919129989489,0.5936199722607489,0.23140495867768596,0.690537084398977
PatientID_0069,4,5,102.0,177,36,1.5936352427264349,1.5708656376478607,0.9857121601806325,0.5784313725490197,0.17525773195876287,0.30985915492957744
PatientID_0069,5,6,142.0,36,24,2.0833326119008633,0.39204208777602373,0.1881802672969818,0.43902439024390244,0.05405405405405406,0.3333333333333333
PatientID_0070,2,3,102.0,3525,1907,0.40047913600226615,0.6141085109495837,1.533434468221857,0.8233095877612986,0.7815416522640857,0.5975699558173785
PatientID_0070,3,4,146.0,1907,3186,0.560687140391603,0.5130244624091045,0.9149923824733893,0.7670957361222848,0.687091222030981,0.45749067347339484
PatientID_0072,1,2,103.0,1802,50,0.401188086497846,3.5653815904789914,8.887057493662974,0.8207697563197449,0.7832545577312626,0.03455723542116631
PatientID_0072,2,3,86.0,50,310,2.063567192522546,1.8079672794549082,0.8761368595150094,0.425531914893617,0.07692307692307693,0.005555555555555556
PatientID_0073,1,2,43.0,1334,1142,1.1596212302575015,0.1552749070395393,0.1339014007229408,0.6778455284552846,0.3209565764631844,0.5088852988691438
PatientID_0073,2,3,55.0,1142,1026,1.2188741596413175,0.10701445386625244,0.08779778701498107,0.6680315881836795,0.2955223880597015,0.6226937269372693
PatientID_0073,3,4,42.0,1026,4665,1.2716354229600262,1.513660242652817,1.1903256352590603,0.6568501920614597,0.27563025210084036,0.15638727815849587
PatientID_0074,1,2,81.0,354,151,1.7597750278068172,0.8482372686291394,0.48201460710934485,0.5751421608448416,0.13192612137203166,0.039603960396039604
PatientID_0074,2,3,83.0,151,12,1.6970144460917713,2.4589311633847397,1.4489747975025578,0.5326278659611993,0.15853658536585366,0.0
PatientID_0074,3,4,146.0,12,544,2.012675845367575,3.735836437201707,1.8561540576939908,0.3582089552238806,0.0,0.0
PatientID_0074,4,5,240.0,544,11,0.653400908272144,3.8158791448752436,5.840027304164559,0.7148488830486203,0.6534653465346535,0.0
PatientID_0074,5,6,103.0,11,0,1.856786033352154,2.4849066497880004,1.338283789921592,0.43137254901960786,0.0,0.0
PatientID_0076,1,2,41.0,898,12038,1.1833891253165527,2.594623624463406,2.1925363086037764,0.6353024407499116,0.3339517625231911,0.0
PatientID_0078,1,2,103.0,427,2058,1.4868362777446293,1.5708525114459926,1.0565067149348863,0.5685752330226365,0.22453222453222454,0.17706237424547283
PatientID_0078,2,3,166.0,2058,660,0.6550321057113515,1.1362218671761033,1.7346048495473203,0.7690582959641256,0.6028513238289206,0.2634289919058131
PatientID_0079,1,2,25.0,4609,1357,0.2664147948435664,1.2222148278720528,4.587638717998802,0.8762357414448669,0.8588759593958901,0.4485417365068723
PatientID_0079,3,4,51.0,2386,830,0.5657554508718007,1.055162831483382,1.8650511097284688,0.7871989442428241,0.6636796415569869,0.2810945273631841
PatientID_0079,4,5,54.0,830,3420,1.2122586076833026,1.4150583901221565,1.1672908578693586,0.6434108527131783,0.3130081300813008,0.26776470588235296
PatientID_0079,5,6,219.0,3420,10001,0.5473845431986782,1.0728521670012443,1.9599606534959149,0.7941483803552769,0.6736474694589878,0.4758214738097012
PatientID_0080,1,2,31.0,1225,5098,1.2860793234455976,1.425287604558999,1.1082423755483775,0.6332385629361592,0.28190743338008417,0.20907796931836153
PatientID_0082,1,2,128.0,1316,870,0.5385530417235731,0.41346972489077816,0.767741880293757,0.7775480059084195,0.697029702970297,0.4693504117108875
PatientID_0083,1,2,39.0,1260,3751,0.970955871544309,1.0903839741611958,1.123000546283258,0.6711051930758988,0.44155844155844154,0.18040311315106766
PatientID_0083,2,3,38.0,3751,3570,0.5652991642688093,0.0494433625316668,0.0874640644403211,0.7818655549765503,0.6691502572290225,0.6064745253380686
PatientID_0083,3,4,80.0,3570,4931,0.49546596680512645,0.32289891668978654,0.6517075608076772,0.8015267175572519,0.7137452711223203,0.3768968356663922
PatientID_0083,4,5,14.0,4931,1963,0.43974999942661575,0.9207613753698238,2.0938291678689995,0.8091565474236955,0.7582472928733317,0.3582825645488831
PatientID_0083,5,6,18.0,1963,1461,0.5573088759906931,0.2951778486046874,0.5296485689017032,0.7681471336333399,0.6891485809682805,0.4649532710280374
PatientID_0084,1,2,101.0,3797,6091,0.3422445589084154,0.47250182264282126,1.3805970331562312,0.8465054063092186,0.8145488604433344,0.6229773462783171
PatientID_0084,2,3,91.0,6091,1133,0.2599581998135322,1.681225229727355,6.46729062954466,0.8788053671908815,0.8626645504621417,0.2751937984496124
PatientID_0084,3,4,89.0,1133,3849,0.9848332027907453,1.2223219429941325,1.2411461550345884,0.677024200776815,0.42748091603053434,0.2360497792051385
PatientID_0084,4,5,95.0,3849,663,0.9891839816605759,1.757546277805396,1.7767637875159938,0.7211916807195053,0.3935726210350584,0.1276595744680851
PatientID_0084,5,6,91.0,663,236,1.1618936503223243,1.0302220083413027,0.8866749620806568,0.6338432122370937,0.34663341645885287,0.35372636262513907
PatientID_0085,1,2,73.0,186,332,1.7151982681772089,0.5770338731258572,0.33642400638562203,0.5020242914979757,0.16748768472906403,0.16602316602316602
PatientID_0085,2,3,61.0,332,129,1.326751377401491,0.9406080395248615,0.7089557663524643,0.604735883424408,0.2753246753246753,0.24295010845986983
PatientID_0085,3,4,133.0,129,226,2.62744390431035,0.5574155670258203,0.21215127223510805,0.5048923679060665,0.015384615384615385,0.028169014084507043
PatientID_0087,1,2,129.0,1066,1183,0.8435506532406282,0.10404756414219771,0.12334477336065494,0.6969597907813011,0.5132496513249651,0.009782125389061804
PatientID_0087,2,3,51.0,1183,233,0.6364828379064438,1.6213327000862496,2.547331370974952,0.7320544554455446,0.6526195899772209,0.1751412429378531
PatientID_0089,1,2,89.0,450,1528,2.1445082197274994,1.220901866426384,0.5693155452589139,0.49073064340239914,0.07692307692307693,0.0788675429726997
PatientID_0089,2,3,91.0,1528,415,0.6689878919245414,1.301683945667799,1.9457511285041653,0.7358535998073682,0.6209386281588448,0.3674729799279465
PatientID_0089,3,4,77.0,415,0,1.0563794052730116,6.030685260261263,5.70882509651226,0.6389530408006159,0.4069097888675624,0.0
PatientID_0089,5,6,99.0,648,166,0.6697685065499399,1.357438904287335,2.0267284756037127,0.7216035634743875,0.6329113924050633,0.04914004914004914
PatientID_0090,1,2,91.0,1129,953,1.0043167037643346,0.16930924025809974,0.16858152375988816,0.6427554796470253,0.44060773480662985,0.28434197886647455
PatientID_0091,1,2,33.0,1067,12560,0.9740527698093745,2.464809035167113,2.530467662085171,0.6377764494919307,0.46585190510424157,0.07749321200557717
PatientID_0092,1,2,35.0,77,572,1.5749414766906247,1.9941768900251478,1.2661911058533104,0.5384615384615384,0.18823529411764706,0.040061633281972264
PatientID_0093,1,2,63.0,1663,1963,0.3661236316665904,0.16575886753325722,0.4527401489456576,0.8350489580718051,0.802735781137509,0.8896856039713182
PatientID_0093,2,3,57.0,1963,2203,0.3478710886911258,0.11529068135839386,0.33141783007084064,0.8419472442633498,0.8135388334844363,0.7402784445511282
PatientID_0093,3,4,36.0,2203,9324,0.40753001929093374,1.442425074239211,3.539432694428016,0.8133653313642237,0.7845517241379311,0.2927040860588184
PatientID_0094,1,2,91.0,599,558,1.4030557071392125,0.07078018206104723,0.05044716450023631,0.6399572649572649,0.22518518518518518,0.25929127052722556
PatientID_0094,2,3,43.0,558,396,0.7206866081325054,0.34221319246790877,0.4748432794591203,0.7218628719275549,0.5891276864728192,0.4276729559748428
PatientID_0094,3,4,37.0,396,271,0.6212000907299107,0.37813421439119305,0.608715645786344,0.7422680412371134,0.6553480475382003,0.5487256371814093
PatientID_0094,4,5,47.0,271,969,0.9514925521691397,1.2714940052014312,1.3363152473477344,0.6452380952380953,0.4732394366197183,0.2161290322580645
PatientID_0094,5,6,254.0,969,7241,0.8472686214760523,2.010356618828158,2.372749996719877,0.6757322175732218,0.5284738041002278,0.2194884287454324
PatientID_0095,1,2,80.0,1820,10831,0.9720161071155565,1.7831189154244482,1.834454081955316,0.6566841060797403,0.4523809523809524,0.25847759070429216
PatientID_0095,3,4,110.0,3960,459,0.48897130364285485,2.153025308138776,4.403173135312144,0.7955801104972375,0.7254586417766334,0.15071283095723015
PatientID_0095,4,6,121.0,459,1450,1.2334781193320787,1.148781763401047,0.9313353397976007,0.6091572660915726,0.3217550274223035,0.4410686223153483
PatientID_0097,1,2,69.0,783,1331,0.9252999846254942,0.5300278307499267,0.5728172912101042,0.6744186046511628,0.470703125,0.004730368968779565
PatientID_0097,2,3,42.0,1331,1393,1.2554797408468292,0.045495740220134646,0.03623773346549382,0.656959526159921,0.28368794326241137,0.5954478707782672
PatientID_0097,3,4,58.0,1393,2838,1.1499160831363204,0.711274565152502,0.6185447578161942,0.6488122962272939,0.34462269756387404,0.5880406523280548
PatientID_0097,4,5,21.0,2838,6556,0.9272531121090267,0.8370813037906482,0.9027538358827571,0.712438810091628,0.44065934065934065,0.4954226101767085
PatientID_0097,5,6,36.0,6556,2095,0.45822491410366006,1.1405024148226868,2.4889576706095062,0.8203203203203203,0.7301956226999806,0.31996301005664085
PatientID_0099,1,2,49.0,1156,1746,0.42266949795093534,0.41206958294038004,0.974921504717178,0.8098073555166375,0.773474801061008,0.25086147484493454
PatientID_0103,1,2,68.0,153,888,2.788920625649177,1.7531446331002754,0.628610444118393,0.44933920704845814,0.012987012987012988,0.04226705091258405
PatientID_0103,2,3,44.0,888,1989,2.0081915103761943,0.8057926822046335,0.4012529074249918,0.6155979202772963,0.07583965330444203,0.4045881126173097
PatientID_0103,4,5,115.0,91,467,1.8169098384654545,1.6266797188686064,0.8953001874008703,0.5126760563380282,0.12371134020618557,0.017921146953405017
PatientID_0103,5,6,73.0,467,1075,1.4519771548310167,0.8325374448040829,0.5733819172251197,0.5653753026634383,0.24105461393596986,0.29442282749675747
PatientID_0105,1,2,91.0,62,35,2.310029399240921,0.5596157879354228,0.2422548336914298,0.4696969696969697,0.031746031746031744,0.0
PatientID_0105,2,3,101.0,35,27,2.0081915103761943,0.25131442828090605,0.125144652281608,0.4827586206896552,0.05555555555555555,0.25806451612903225
PatientID_0105,3,4,98.0,27,823,1.4787555303668967,3.381966019734268,2.2870352470601834,0.5242718446601942,0.2,0.06352941176470588
PatientID_0105,4,5,95.0,823,1580,0.7229492005580765,0.6516423073000003,0.9013666614431121,0.7184635530336098,0.5907534246575342,0.5110278818143986
PatientID_0105,5,6,32.0,1580,6777,0.494586731965888,1.4556245149575247,2.9431127462147937,0.7848981619473423,0.7304138208115709,0.3747756371903793
PatientID_0109,1,2,31.0,1908,7908,0.8746689357547495,1.4214218067936697,1.6250969351816853,0.6900542495479204,0.4958612534489555,0.20048899755501223
PatientID_0109,2,3,46.0,7908,8812,0.6094501338066095,0.1082265525802433,0.17758065275047705,0.7772754079024966,0.6346685082872928,0.7720095693779905
PatientID_0109,3,4,23.0,8812,12275,0.5392889269034165,0.33141823263996634,0.6145467041998461,0.8009088843444672,0.6746879229959393,0.586143121354389
PatientID_0110,1,2,80.0,990,1780,0.9620365265206511,0.5862157489596738,0.609348743835965,0.6639839034205232,0.453125,0.02888086642599278
PatientID_0113,1,2,42.0,96,990,1.9944920232821373,2.324003555826605,1.1652107547676342,0.5260273972602739,0.08,0.12338858195211787
PatientID_0113,2,3,65.0,990,806,0.7639724390914587,0.20539086606003923,0.26884591059894364,0.7374301675977654,0.5408990420044215,0.5590200445434298
PatientID_0116,1,2,49.0,664,3647,1.416606672028108,1.702147310538368,1.2015666339489006,0.5579831932773109,0.2617801047120419,0.0398979355138019
PatientID_0117,1,2,69.0,807,1145,0.8885664086845579,0.3494708387535894,0.39329737804397685,0.6818757921419518,0.491588785046729,0.006147540983606557
PatientID_0117,2,3,42.0,1145,1329,1.3756294777167235,0.1489013239411146,0.10824231840994113,0.6439820022497188,0.2357473035439137,0.5206143896523848
PatientID_0118,1,2,90.0,772,1797,1.0113486461345418,0.8441511664441436,0.83467869331764,0.6484670306593868,0.43089430894308944,0.06072401712728688
PatientID_0118,2,3,99.0,1797,340,0.5643287335497488,1.6625477377480489,2.946062532188051,0.7755718601640051,0.6757553426676493,0.2040243331773514
PatientID_0121,2,3,43.0,219,228,2.6029182568769356,0.0400944572018782,0.015403655914260178,0.5725490196078431,0.01809954751131222,0.2595078299776286
PatientID_0125,1,2,18.0,857,6870,1.930785730966024,2.080460835543114,1.0775203080158477,0.5301577482214661,0.10816777041942605,0.10793322117251197
PatientID_0132,1,2,42.0,96,1217,1.9944920232821373,2.5302544697664593,1.2686210023556128,0.5260273972602739,0.08,0.13404417364813404
PatientID_0132,2,3,65.0,1217,1368,0.4336172874424804,0.11687037701860647,0.2695242565348814,0.8097139055222887,0.7632113821138211,0.7504835589941973
PatientID_0135,1,2,53.0,92,336,2.0336579449170906,1.2874834371991057,0.6330875063906554,0.4804177545691906,0.08333333333333333,0.018691588785046728
PatientID_0135,2,3,65.0,336,1583,0.9130421058845648,1.5476256420220094,1.6950211080601298,0.6808510638297872,0.4727272727272727,0.3491401771756123
PatientID_0136,1,2,54.0,141,3069,1.9121420455600695,3.0736057829799823,1.6074149878754003,0.47157190635451507,0.12,0.029906542056074768
PatientID_0136,2,3,21.0,3069,5296,0.46597407509017946,0.5454630609632838,1.1705867131293106,0.8069944780436498,0.7357363542739443,0.675433353257621
PatientID_0138,1,2,68.0,876,347,0.9883936938098763,0.9243045125977086,0.9351582455315669,0.6608826857789514,0.43710972346119537,0.05723630417007359
PatientID_0138,2,3,58.0,347,589,1.6573861715032665,0.5279200571252909,0.31852567989418057,0.5788156797331109,0.15915119363395225,0.4444444444444444
PatientID_0140,1,2,109.0,145,82,2.5375869076169133,0.5647660139117384,0.22256026472098991,0.46474358974358976,0.027210884353741496,0.0
PatientID_0140,2,3,101.0,82,2,1.4405346826169256,3.3202283191284883,2.304858299625834,0.5559322033898305,0.23655913978494625,0.047619047619047616
PatientID_0142,1,2,109.0,3408,4302,0.5120680978833134,0.23289346070069658,0.4548095490880722,0.7884326200115673,0.7110438729198184,0.21530479896238652
PatientID_0145,1,2,140.0,262,2847,1.5381355680190016,2.382218240354102,1.54877001083995,0.5616291532690246,0.2054794520547945,0.05339337407526536
PatientID_0147,1,2,50.0,346,3572,1.2154831298211262,2.3318360780765506,1.9184438030165913,0.588936170212766,0.3444976076555024,0.008677896886166412
PatientID_0147,2,3,124.0,3572,2526,0.7743093415493572,0.34637275063521555,0.44733123061919894,0.7203065134099617,0.5479674796747968,0.14594949163660217
PatientID_0149,1,2,45.0,6595,3588,0.3242597436331333,0.6085897925318824,1.8768589209163116,0.8515171078114913,0.8270342374388617,0.6648335461062556
PatientID_0149,2,3,72.0,3588,2737,0.41647374832839207,0.27064588529921313,0.6498510083420845,0.8155472212751449,0.7739620707329574,0.6997628458498024
PatientID_0149,3,4,63.0,2737,7466,0.510551576074833,1.0032655851873074,1.9650621645329243,0.7828947368421053,0.7177324900445069,0.259923551896501
PatientID_0150,1,2,91.0,428,98,1.0962426159861614,1.466337068793427,1.3376026870423523,0.6745468873128447,0.3570057581573896,0.24334600760456274
PatientID_0150,2,3,42.0,98,93,1.4207907968633664,0.05182506786458602,0.03647621309132811,0.5816023738872403,0.23423423423423423,0.5026178010471204
PatientID_0150,3,4,93.0,93,91,1.3744360978112327,0.02150620522096362,0.015647293646617624,0.543859649122807,0.2777777777777778,0.5760869565217391
PatientID_0150,4,6,215.0,91,44,1.2554410680956305,0.7151260872787205,0.5696213908021108,0.5617283950617284,0.3302752293577982,0.3851851851851852
PatientID_0151,1,2,59.0,161,66,1.6824971664990973,0.882903715841418,0.5247579213928452,0.5420875420875421,0.16,0.14977973568281938
PatientID_0152,1,2,46.0,124,31,1.73851772902683,1.3625778345025745,0.7837583774686638,0.5177453027139874,0.14925373134328357,0.03870967741935484
PatientID_0152,2,3,98.0,31,1020,1.6044127445073497,3.462801915364939,2.1582986841881673,0.4806201550387597,0.17647058823529413,0.017126546146527116
PatientID_0157,1,2,53.0,2069,3357,0.46970751604459443,0.4837969513780714,1.0299961888030322,0.799768071124855,0.7391834247410116,0.561002580169554
PatientID_0157,2,3,26.0,3357,2101,0.3234543284170094,0.46845628620058966,1.4482919072167688,0.8522467631378522,0.8270440251572327,0.7420300476364969
PatientID_0157,3,4,62.0,2101,1520,0.36957416106993535,0.32352125917760366,0.8753892811147665,0.8343923749007148,0.8001142204454598,0.7009113504556752
PatientID_0157,4,5,98.0,1520,450,0.40906409536932753,1.2156559527566144,2.9717982255544757,0.8183041722745625,0.7781350482315113,0.3015228426395939
PatientID_0157,5,6,84.0,450,233,0.8387878588006592,0.656146224144977,0.7822552714141185,0.7009345794392523,0.512396694214876,0.3513909224011713
PatientID_0159,1,2,105.0,1168,736,1.608596869342608,0.4613160692827318,0.286781653050997,0.5646603819192652,0.18351477449455678,0.0546218487394958
PatientID_0159,2,3,98.0,736,55,1.4064111541938304,2.577236201454187,1.8324912979885217,0.6047658175842235,0.24133811230585425,0.11125158027812895
PatientID_0159,3,4,91.0,55,51,1.3862943611198906,0.07410797215372185,0.053457601958255954,0.5555555555555556,0.25396825396825395,0.07547169811320754
PatientID_0160,1,2,50.0,115,20,1.3928304019035669,1.7090677533829417,1.2270465600457718,0.5450236966824644,0.2706766917293233,0.044444444444444446
PatientID_0162,1,2,62.0,423,1885,1.7862579325558896,1.492480007961445,0.8355344324914551,0.5297432686286788,0.14065934065934066,0.1975736568457539
PatientID_0162,2,3,56.0,1885,777,1.0293798535167111,0.8854869390150113,0.8602139783384017,0.6888361045130641,0.39026473099914605,0.24417731029301276
PatientID_0162,3,4,56.0,777,889,0.9706667410139507,0.13449493854779399,0.13855933541856152,0.6750651607298002,0.4381909547738693,0.6110444177671068
PatientID_0162,4,5,84.0,889,1428,0.8568691318335794,0.4735087152036819,0.5526033061669987,0.6934477379095164,0.5058823529411764,0.6232196806214934
PatientID_0162,5,6,56.0,1428,1847,0.7196434456302006,0.2571290742717621,0.3573006546965644,0.7309956488354236,0.5826302729528536,0.7212213740458016
PatientID_0164,1,2,21.0,788,1874,0.5919364518146267,0.865597617558637,1.4623151098484997,0.7562380038387716,0.668918918918919,0.4522915101427498
PatientID_0164,2,3,55.0,1874,4052,0.6330258277776337,0.7708486882237974,1.2177207538751127,0.7585509006274034,0.631117604090577,0.5821802227472157
PatientID_0164,3,4,63.0,4052,4167,0.356007832432164,0.02797895680489422,0.0785908462006254,0.8428497139885596,0.8048960330334759,0.8103175568803991
PatientID_0164,4,5,17.0,4167,5423,0.35081839822956284,0.2633972461870286,0.7508079608033299,0.8466070702966274,0.8061882251826386,0.8127215849843588
PatientID_0169,1,2,28.0,508,3256,1.1616392944730134,1.8561137887257106,1.5978400503124774,0.6233128834355828,0.353322528363047,0.20297555791710944
PatientID_0169,2,3,41.0,3256,2719,0.39297049044276544,0.18017464598619048,0.4584940863706716,0.8286041481104466,0.7834858957593872,0.8197489539748954
PatientID_0169,3,4,25.0,2719,3316,0.4158286752460098,0.19842887965700942,0.4771890239161988,0.820211161387632,0.7699615471612757,0.883844241922121
PatientID_0170,1,2,91.0,349,597,1.642682783068517,0.5356575994671724,0.3260870601362052,0.5802161263507897,0.1631578947368421,0.24947145877378435
PatientID_0171,1,2,34.0,6480,8864,0.4561254710880755,0.31323612008059226,0.6867323575098221,0.7981770031409743,0.753606462781304,0.6869134515119917
PatientID_0171,2,3,74.0,8864,11334,0.41224979199773387,0.2457843444333211,0.5962024704543021,0.8169961749389373,0.776619971016493,0.7196752153678582
PatientID_0173,1,2,25.0,397,552,1.3450915996368928,0.32890599623789707,0.24452312119612163,0.5929798356982823,0.27391304347826084,0.1749209694415174
PatientID_0186,1,2,36.0,3,1117,1.4978661367769954,5.633002292595154,3.76068471960776,0.2727272727272727,0.0,0.0
PatientID_0186,2,3,101.0,1117,86,1.1020725100903965,2.553388535060461,2.316897038699406,0.6788210270434518,0.3525073746312684,0.043225270157938485
PatientID_0186,3,4,84.0,86,29,1.833913022458052,1.0647107369924282,0.580567739011615,0.5375,0.10989010989010989,0.19130434782608696
PatientID_0186,4,5,132.0,29,67,2.0036665926162356,0.8183103235139513,0.4084064317534305,0.42028985507246375,0.06666666666666667,0.16666666666666666
PatientID_0186,5,6,154.0,67,1,1.9609866681406571,3.5263605246161616,1.7982582859473186,0.5,0.08571428571428572,0.0
PatientID_0187,1,2,77.0,56,933,2.723368685833155,2.7964251703942926,1.0268257782874475,0.3902439024390244,0.0,0.0
PatientID_0188,1,2,26.0,950,2804,1.224333799085897,1.0816447554114064,0.8834557668986808,0.5991800693787449,0.3347940403155127,0.32338838572189665
PatientID_0189,1,2,182.0,6,17,1.6479184330021646,0.9444616088408515,0.5731240029400235,0.375,0.0,0.43478260869565216
PatientID_0189,2,3,24.0,17,215,2.012675845367575,2.4849066497880004,1.2346283458945084,0.4722222222222222,0.0,0.0603448275862069
PatientID_0189,3,4,144.0,215,185,1.405089848089295,0.1495317339709637,0.10642147487885116,0.5898491083676269,0.24489795918367346,0.24
PatientID_0189,4,5,80.0,185,75,1.4187805884961597,0.8950133334268701,0.6308328015507612,0.5736434108527132,0.24644549763033174,0.33076923076923076
PatientID_0189,5,6,102.0,75,167,2.0302215052732095,0.7932306391169279,0.39071137659443805,0.49019607843137253,0.07692307692307693,0.3305785123966942
PatientID_0191,3,4,133.0,270,741,1.7931464326694175,1.0072304222876796,0.5617111932059212,0.544904137235116,0.1314878892733564,0.17408506429277942
PatientID_0196,1,2,103.0,73,0,1.9509863347873224,4.304065093204169,2.2060969964063624,0.5407407407407407,0.07894736842105263,0.0
PatientID_0197,1,2,56.0,39,0,1.550046144439117,3.6888794541139363,2.379851378843147,0.5234899328859061,0.18604651162790697,0.0
PatientID_0198,1,2,22.0,744,899,0.9850835633504367,0.18901054494475125,0.19187260043391066,0.7018867924528301,0.40855614973262033,0.4613511868533171
PatientID_0198,2,3,76.0,899,1389,0.769305929932744,0.43466426280042675,0.5650083352905221,0.7098302408211606,0.5604483586869495,0.24475524475524477
PatientID_0198,3,4,51.0,1389,869,1.05314196110335,0.46856581447610807,0.4449217976133091,0.6642754662840746,0.3923611111111111,0.4720992028343667
PatientID_0199,1,2,29.0,98,80,1.0828096189604441,0.2006706954621511,0.18532407908862672,0.6222222222222222,0.39344262295081966,0.39325842696629215
PatientID_0199,2,3,35.0,80,118,1.170368429479211,0.38467433843909066,0.32867798613660704,0.6015037593984962,0.35051546391752575,0.23232323232323232
PatientID_0201,1,2,42.0,168,80,1.4179417863060475,0.7354495602506347,0.518674015642484,0.6199261992619927,0.2222222222222222,0.31451612903225806
PatientID_0201,2,3,31.0,80,90,1.9099538582601703,0.11641035184441137,0.06094930060271339,0.5211726384364821,0.09523809523809523,0.36470588235294116
PatientID_0201,3,4,130.0,90,37,1.8996137556414008,0.8732733467904642,0.45971100398544185,0.5042016806722689,0.10526315789473684,0.07874015748031496
PatientID_0201,4,5,49.0,37,53,2.120663376285373,0.3513978868378886,0.1657018698806452,0.4228571428571429,0.05263157894736842,0.4888888888888889
PatientID_0201,5,6,95.0,53,8,2.0554369320866557,1.791759469228055,0.8717170744855117,0.451063829787234,0.07272727272727272,0.0
PatientID_0204,1,2,77.0,819,3794,1.3511065462309937,1.5321353495714314,1.1339855867366124,0.60734149054505,0.2648305084745763,0.10275308909603295
PatientID_0204,2,3,56.0,3794,176,0.7309987798749877,3.065289957255901,4.19329011435575,0.7361272797826931,0.5691118234961343,0.07858942065491184
PatientID_0204,3,4,91.0,176,1548,1.6540534792980717,2.1692151078430393,1.3114540339793523,0.527736131934033,0.17616580310880828,0.02320185614849188
PatientID_0204,4,5,61.0,1548,1751,0.6323695797710418,0.12314843107946814,0.19474123205619054,0.7383734796088719,0.6503923278116827,0.36799030009093664
PatientID_0204,5,6,52.0,1751,753,0.8073116111035104,0.8431209034883806,1.0443562211819581,0.6952551121699424,0.543261231281198,0.2476038338658147
PatientID_0205,1,2,23.0,1909,1482,1.0197894002622536,0.2530361789027434,0.24812591583877167,0.6792385696495286,0.40317858636553744,0.29961663226186963
PatientID_0205,2,3,83.0,1482,1999,0.9729550745276566,0.29908011740415025,0.30739355313948646,0.691231343283582,0.4250797024442083,0.3964378052283826
PatientID_0205,3,4,105.0,1999,155,1.1661588469265436,2.551046452292545,2.1875634344462815,0.6634583471622967,0.3264964420259523,0.06592386258124419
PatientID_0205,4,5,56.0,155,1568,2.0237138212171746,2.3083377454834957,1.140644354593147,0.5065359477124183,0.08641975308641975,0.1578641903656413
PatientID_0207,1,2,142.0,1194,4270,1.201890552487816,1.2737018064758554,1.0597485801343525,0.6369698586289677,0.32303370786516855,0.14531478770131773
PatientID_0207,2,3,64.0,4270,50,0.5803281042042904,4.42777763811714,7.62978323131228,0.7881864328564836,0.6500158077774265,0.011111111111111112
PatientID_0207,3,4,98.0,50,229,2.6182209814149746,1.5062536761988696,0.5752966181581967,0.4219409282700422,0.0,0.21505376344086022
PatientID_0207,4,5,91.0,229,35,1.8187930798631928,1.8545603704670852,1.0196653984446558,0.5478468899521531,0.12295081967213115,0.24242424242424243
PatientID_0207,5,6,111.0,35,53,2.452637389219215,0.4054651081081644,0.1653180000804123,0.41420118343195267,0.0,0.5
PatientID_0209,1,2,97.0,1602,2476,0.7249255601468113,0.43517127687980656,0.60029787995291,0.7542372881355932,0.558055805580558,0.5394801373222168
PatientID_0209,2,3,84.0,2476,2028,0.6021540186580007,0.1995050896635448,0.33131903712637295,0.7673950100728344,0.6499454743729552,0.7810834813499112
PatientID_0209,3,4,49.0,2028,1771,0.5763658871457477,0.13543420866078848,0.23497957058402513,0.7776073619631901,0.6631509558338826,0.6596472755988418
PatientID_0209,4,5,14.0,1771,1281,0.821298617821996,0.3236874936844109,0.39411669112849435,0.71875,0.5123897522049559,0.6179554390563565
PatientID_0209,5,6,63.0,1281,1586,1.2498188971827566,0.21342408304579377,0.17076400711085224,0.649100582721054,0.29086057371581053,0.3899546564352982
PatientID_0210,1,2,24.0,1028,1287,0.5325719995768784,0.22450317083024937,0.4215452014161733,0.777903897086644,0.702020202020202,0.7161987041036717
PatientID_0210,2,3,22.0,1287,930,0.519728933090723,0.3245866293872319,0.6245306134045314,0.7828467153284672,0.7091273821464393,0.6901217861975643
PatientID_0210,3,4,83.0,930,737,0.6013323798329603,0.23231545267659456,0.3863345139357501,0.757020757020757,0.659942363112392,0.3935212957408518
PatientID_0210,4,6,242.0,737,1399,0.6549606911676583,0.6402836910028775,0.9775910213197455,0.7384769539078156,0.6301115241635687,0.36704119850187267
PatientID_0211,2,3,20.0,300,65,1.123735312339586,1.5174555227224502,1.3503673917331562,0.6302521008403361,0.3695652173913043,0.13150684931506848
PatientID_0212,1,2,54.0,12675,21572,0.23104692749589817,0.5317320909597925,2.301402995152283,0.8913502109704642,0.8786162965584358,0.6750956288142027
PatientID_0212,2,3,51.0,21572,21514,0.19166749204492098,0.002692166497903688,0.014046025589319689,0.9093284997681574,0.8995842579131278,0.8661282086988813
PatientID_0213,2,3,45.0,2174,508,1.1305597909405158,1.4523359269722618,1.2846166462050268,0.6999356084996781,0.3238242097147263,0.030574198359433258
PatientID_0213,3,4,51.0,508,268,1.3715545711060935,0.6377366369486837,0.4649735784368969,0.631055900621118,0.2422145328719723,0.3247422680412371
PatientID_0213,4,5,119.0,268,265,1.3242680367849011,0.011215070820140068,0.008468882815723895,0.593576965669989,0.28205128205128205,0.600375234521576
PatientID_0214,2,3,15.0,174,1992,1.2837138367380019,2.4326103462892807,1.8949786756764246,0.6031195840554593,0.29411764705882354,0.10341643582640812
PatientID_0214,3,4,98.0,1992,91,0.5144553385490066,3.0756077431637543,5.978376571692966,0.7820965842167256,0.7148387096774194,0.07489198271723475
PatientID_0214,4,5,91.0,91,7,2.2804349635457557,2.4423470353692043,1.071000521572296,0.4827586206896552,0.043010752688172046,0.0
PatientID_0214,5,6,99.0,7,18,1.7482537807332401,0.8649974374866045,0.49477795902366845,0.358974358974359,0.0,0.0
PatientID_0215,1,2,56.0,1436,844,2.0138265938617144,0.5309762587218511,0.26366533262610803,0.5843336724313326,0.08149632598530394,0.39473684210526316
PatientID_0215,2,3,56.0,844,465,2.1764514614759567,0.595150993231528,0.2734501567188305,0.573954437266236,0.059770114942528735,0.5546218487394958
PatientID_0215,3,4,22.0,465,395,2.034085843959039,0.16277142287116536,0.08002190436287367,0.5695039804041642,0.07851239669421488,0.13488372093023257
PatientID_0215,4,5,48.0,395,539,2.8236060615839036,0.31015492830383945,0.10984355520538083,0.5170157068062827,0.01507537688442211,0.5910064239828694
PatientID_0215,5,6,56.0,539,388,2.5217125584596234,0.3279897959398738,0.13006628960924274,0.5576823590274185,0.029250457038391225,0.36893203883495146
PatientID_0235,1,3,183.0,38,185,2.1486427031093953,1.5621850275835547,0.7270566787688097,0.41304347826086957,0.05128205128205128,0.0
PatientID_0236,1,3,126.0,844,0,0.598874110572306,6.739336627357174,11.253344414766598,0.7566113850291349,0.6624405705229794,0.0
PatientID_0238,1,3,92.0,1546,9537,0.8334833140371221,1.8189662482851037,2.1823667224657717,0.7282147903909562,0.4953771289537713,0.24307497969863756
PatientID_0238,3,6,202.0,9537,7510,0.2662773821292811,0.23891520717215786,0.89724183579423,0.8792292799852494,0.8560633321338611,0.43186484425412097
PatientID_0239,3,6,287.0,26,425,1.6720194839111033,2.7586024802650413,1.6498626402440348,0.4727272727272727,0.14285714285714285,0.0
PatientID_0250,1,2,70.0,271,1536,1.030963979593564,1.7317856772425986,1.6797732137308221,0.6483253588516746,0.4152046783625731,0.08301051466519092
PatientID_0250,2,3,14.0,1536,206,0.44466042508102577,2.004868950273227,4.508764075210653,0.8077833289508283,0.7547628698824483,0.07577497129735936
PatientID_0251,1,2,77.0,130,333,2.0036665926162356,0.9359436697755489,0.46711547381416624,0.5664488017429193,0.07407407407407407,0.06047516198704104
PatientID_0251,2,3,21.0,333,1245,1.2082646761716318,1.316552706370698,1.0896227725055865,0.6782077393075356,0.2923076923076923,0.22306717363751585
PatientID_0252,1,2,43.0,1884,1330,0.4853894585791124,0.3479972814869995,0.71694445632523,0.7871318153331941,0.7368421052631579,0.685749844430616
PatientID_0252,2,3,55.0,1330,4856,0.5595581344329086,1.2944904239506332,2.3134154331659413,0.7606519874177867,0.6941580756013745,0.12900096993210475
PatientID_0254,1,2,68.0,34,645,2.55297273695029,2.915451442293188,1.141982991081959,0.3434343434343434,0.0,0.011782032400589101
PatientID_0254,2,3,44.0,645,981,2.0642387842957794,0.41879180457186405,0.20287953494427535,0.6044985941893158,0.0688622754491018,0.45141451414514144
PatientID_0256,1,2,22.0,247,943,2.1828215777116786,1.3366974199805186,0.6123713608245622,0.4782187802516941,0.0703125,0.1361344537815126
PatientID_0256,2,3,76.0,943,1269,0.9422472461301269,0.2966460133071363,0.31482820939565653,0.6918561995597946,0.4451772464962902,0.5298372513562387
PatientID_0256,3,4,51.0,1269,770,0.7132492020648367,0.4990838058893074,0.6997327223703491,0.741021897810219,0.5789473684210527,0.16674840608141245
PatientID_0256,4,5,23.0,770,1663,1.317864769761292,0.7692912478178243,0.5837406579714305,0.5994550408719346,0.28507795100222716,0.14385532264693793
PatientID_0259,1,2,133.0,447,4118,2.029810827632052,2.2185724620210956,1.0929946928154137,0.5375826819001804,0.08565310492505353,0.08674698795180723
PatientID_0264,1,2,115.0,803,0,1.4566056249329937,6.6895992691789665,4.592594697337311,0.6033057851239669,0.22148394241417496,0.0
PatientID_0267,1,2,62.0,4641,1833,0.27599487814107904,0.9286459340179722,3.364721621910971,0.8716311390740915,0.8540740740740741,0.4025332097621254
PatientID_0270,1,3,196.0,35,299,2.491803310854168,2.120263536200091,0.8508952239385553,0.3888888888888889,0.0,0.0
PatientID_0270,3,6,133.0,299,239,0.7653973925574936,0.2231435513142097,0.2915394715006794,0.7051886792452831,0.565947242206235,0.6505576208178439
PatientID_0271,1,3,150.0,532,0,1.5167032308917576,6.278521424165844,4.139584657226805,0.628099173553719,0.18739352640545145,0.0
PatientID_0272,1,3,119.0,1034,424,1.2820054154396363,0.8900675367750527,0.694277517127198,0.653809674359785,0.2723475355054302,0.22085048010973937
PatientID_0272,3,6,168.0,424,295,1.8462881579976311,0.3617297146003565,0.19592267492668425,0.5627073656270737,0.11555555555555555,0.3560500695410292
PatientID_0274,1,3,145.0,369,716,1.6921951316728872,0.6615728349613502,0.3909554061341176,0.5889864325618516,0.1457286432160804,0.2838709677419355
PatientID_0275,1,3,132.0,1580,0,0.595908479139144,7.365812837209472,12.360644453071396,0.7631007003139338,0.6593126856173102,0.0
