edge	mean_te	std_te	ci_lower	ci_upper	significant
HSPA1A->CCL3L1	0.000691	0.000777	0.000000	0.002916	False
HSPA1A->HSPA1B	0.000000	0.000000	0.000000	0.000000	False
HSPA1A->IFITM2	0.000535	0.001298	0.000000	0.005054	False
HSPA1A->CXCL8	0.000000	0.000000	0.000000	0.000000	False
HSPA1A->S100A11	0.004170	0.002811	0.000130	0.010189	True
HSPA1A->CST3	0.000000	0.000000	0.000000	0.000000	False
HSPA1A->FCER1G	0.000432	0.001118	0.000000	0.003798	False
HSPA1A->S100A8	0.000000	0.000000	0.000000	0.000000	False
HSPA1A->CD69	0.000000	0.000000	0.000000	0.000000	False
HSPA1A->SMAP2	0.000000	0.000000	0.000000	0.000000	False
HSPA1A->SH3BGRL3	0.000000	0.000000	0.000000	0.000000	False
HSPA1A->SLC25A37	0.000457	0.000482	0.000000	0.001980	False
HSPA1A->ATP5F1E	0.000411	0.000727	0.000000	0.002331	False
HSPA1A->SOD2	0.000000	0.000000	0.000000	0.000000	False
HSPA1A->MYL6	0.000556	0.001339	0.000000	0.005026	False
HSPA1A->TXNIP	0.000000	0.000000	0.000000	0.000000	False
HSPA1A->H3F3A	0.000000	0.000000	0.000000	0.000000	False
HSPA1A->S100A9	0.000000	0.000000	0.000000	0.000000	False
HSPA1A->ARHGDIB	0.000000	0.000000	0.000000	0.000000	False
CCL3L1->HSPA1A	0.000000	0.000000	0.000000	0.000000	False
CCL3L1->HSPA1B	0.000000	0.000000	0.000000	0.000000	False
CCL3L1->IFITM2	0.001094	0.001014	0.000000	0.003192	False
CCL3L1->CXCL8	0.000269	0.000377	0.000000	0.001113	False
CCL3L1->S100A11	0.004411	0.002622	0.000826	0.010323	True
CCL3L1->CST3	0.000000	0.000000	0.000000	0.000000	False
CCL3L1->FCER1G	0.001106	0.001655	0.000000	0.004879	False
CCL3L1->S100A8	0.000467	0.000653	0.000000	0.002218	False
CCL3L1->CD69	0.000000	0.000000	0.000000	0.000000	False
CCL3L1->SMAP2	0.000000	0.000000	0.000000	0.000000	False
CCL3L1->SH3BGRL3	0.000000	0.000000	0.000000	0.000000	False
CCL3L1->SLC25A37	0.000515	0.000596	0.000008	0.002020	True
CCL3L1->ATP5F1E	0.001417	0.001585	0.000000	0.004699	False
CCL3L1->SOD2	0.000000	0.000000	0.000000	0.000000	False
CCL3L1->MYL6	0.001054	0.001574	0.000000	0.004642	False
CCL3L1->TXNIP	0.000603	0.000989	0.000000	0.003033	False
CCL3L1->H3F3A	0.000000	0.000000	0.000000	0.000000	False
CCL3L1->S100A9	0.000000	0.000000	0.000000	0.000000	False
CCL3L1->ARHGDIB	0.000005	0.000033	0.000000	0.000000	False
HSPA1B->HSPA1A	0.000000	0.000000	0.000000	0.000000	False
HSPA1B->CCL3L1	0.000868	0.000833	0.000000	0.003231	False
HSPA1B->IFITM2	0.000021	0.000112	0.000000	0.000215	False
HSPA1B->CXCL8	0.000005	0.000023	0.000000	0.000089	False
HSPA1B->S100A11	0.003304	0.002504	0.000000	0.008928	False
HSPA1B->CST3	0.000000	0.000000	0.000000	0.000000	False
HSPA1B->FCER1G	0.000041	0.000284	0.000000	0.000000	False
HSPA1B->S100A8	0.000000	0.000000	0.000000	0.000000	False
HSPA1B->CD69	0.000000	0.000000	0.000000	0.000000	False
HSPA1B->SMAP2	0.000000	0.000000	0.000000	0.000000	False
HSPA1B->SH3BGRL3	0.000000	0.000000	0.000000	0.000000	False
HSPA1B->SLC25A37	0.000245	0.000415	0.000000	0.001598	False
HSPA1B->ATP5F1E	0.000025	0.000173	0.000000	0.000000	False
HSPA1B->SOD2	0.000000	0.000000	0.000000	0.000000	False
HSPA1B->MYL6	0.000148	0.000663	0.000000	0.001770	False
HSPA1B->TXNIP	0.000000	0.000000	0.000000	0.000000	False
HSPA1B->H3F3A	0.000000	0.000000	0.000000	0.000000	False
HSPA1B->S100A9	0.000000	0.000000	0.000000	0.000000	False
HSPA1B->ARHGDIB	0.000000	0.000000	0.000000	0.000000	False
IFITM2->HSPA1A	0.000000	0.000000	0.000000	0.000000	False
IFITM2->CCL3L1	0.000801	0.000720	0.000043	0.002646	True
IFITM2->HSPA1B	0.000000	0.000000	0.000000	0.000000	False
IFITM2->CXCL8	0.000204	0.000336	0.000000	0.001184	False
IFITM2->S100A11	0.004034	0.002556	0.000294	0.009546	True
IFITM2->CST3	0.000000	0.000000	0.000000	0.000000	False
IFITM2->FCER1G	0.001204	0.001750	0.000000	0.004849	False
IFITM2->S100A8	0.000317	0.000490	0.000000	0.001427	False
IFITM2->CD69	0.000000	0.000000	0.000000	0.000000	False
IFITM2->SMAP2	0.000000	0.000000	0.000000	0.000000	False
IFITM2->SH3BGRL3	0.000000	0.000000	0.000000	0.000000	False
IFITM2->SLC25A37	0.000691	0.000606	0.000015	0.002214	True
IFITM2->ATP5F1E	0.001192	0.001599	0.000000	0.005618	False
IFITM2->SOD2	0.000000	0.000000	0.000000	0.000000	False
IFITM2->MYL6	0.000981	0.001622	0.000000	0.004541	False
IFITM2->TXNIP	0.000925	0.001027	0.000000	0.002992	False
IFITM2->H3F3A	0.000000	0.000000	0.000000	0.000000	False
IFITM2->S100A9	0.000000	0.000000	0.000000	0.000000	False
IFITM2->ARHGDIB	0.000000	0.000000	0.000000	0.000000	False
CXCL8->HSPA1A	0.000000	0.000000	0.000000	0.000000	False
CXCL8->CCL3L1	0.001069	0.000776	0.000029	0.002971	True
CXCL8->HSPA1B	0.000000	0.000000	0.000000	0.000000	False
CXCL8->IFITM2	0.000997	0.000982	0.000000	0.003326	False
CXCL8->S100A11	0.004034	0.002576	0.000482	0.009764	True
CXCL8->CST3	0.000000	0.000000	0.000000	0.000000	False
CXCL8->FCER1G	0.001071	0.001661	0.000000	0.005335	False
CXCL8->S100A8	0.000299	0.000527	0.000000	0.002012	False
CXCL8->CD69	0.000000	0.000000	0.000000	0.000000	False
CXCL8->SMAP2	0.000000	0.000000	0.000000	0.000000	False
CXCL8->SH3BGRL3	0.000000	0.000000	0.000000	0.000000	False
CXCL8->SLC25A37	0.000862	0.000908	0.000004	0.003366	True
CXCL8->ATP5F1E	0.001150	0.001467	0.000000	0.004513	False
CXCL8->SOD2	0.000000	0.000000	0.000000	0.000000	False
CXCL8->MYL6	0.001068	0.001648	0.000000	0.005139	False
CXCL8->TXNIP	0.000028	0.000106	0.000000	0.000400	False
CXCL8->H3F3A	0.000000	0.000000	0.000000	0.000000	False
CXCL8->S100A9	0.000000	0.000000	0.000000	0.000000	False
CXCL8->ARHGDIB	0.000000	0.000000	0.000000	0.000000	False
S100A11->HSPA1A	0.000012	0.000081	0.000000	0.000000	False
S100A11->CCL3L1	0.000912	0.000836	0.000029	0.003040	True
S100A11->HSPA1B	0.000000	0.000000	0.000000	0.000000	False
S100A11->IFITM2	0.001171	0.001002	0.000000	0.003335	False
S100A11->CXCL8	0.000418	0.000654	0.000000	0.002505	False
S100A11->CST3	0.000000	0.000000	0.000000	0.000000	False
S100A11->FCER1G	0.001111	0.001639	0.000000	0.004940	False
S100A11->S100A8	0.000560	0.000622	0.000000	0.001876	False
S100A11->CD69	0.000000	0.000000	0.000000	0.000000	False
S100A11->SMAP2	0.000000	0.000000	0.000000	0.000000	False
S100A11->SH3BGRL3	0.000000	0.000000	0.000000	0.000000	False
S100A11->SLC25A37	0.001516	0.001344	0.000052	0.004909	True
S100A11->ATP5F1E	0.002314	0.002579	0.000000	0.007908	False
S100A11->SOD2	0.000000	0.000000	0.000000	0.000000	False
S100A11->MYL6	0.001038	0.001552	0.000000	0.004383	False
S100A11->TXNIP	0.001090	0.000966	0.000000	0.003020	False
S100A11->H3F3A	0.000015	0.000082	0.000000	0.000160	False
S100A11->S100A9	0.000000	0.000000	0.000000	0.000000	False
S100A11->ARHGDIB	0.000060	0.000215	0.000000	0.000744	False
CST3->HSPA1A	0.000000	0.000000	0.000000	0.000000	False
CST3->CCL3L1	0.000855	0.000706	0.000000	0.002562	False
CST3->HSPA1B	0.000000	0.000000	0.000000	0.000000	False
CST3->IFITM2	0.000012	0.000076	0.000000	0.000070	False
CST3->CXCL8	0.000000	0.000000	0.000000	0.000000	False
CST3->S100A11	0.004076	0.003007	0.000075	0.011306	True
CST3->FCER1G	0.000795	0.001919	0.000000	0.006268	False
CST3->S100A8	0.000000	0.000000	0.000000	0.000000	False
CST3->CD69	0.000000	0.000000	0.000000	0.000000	False
CST3->SMAP2	0.000000	0.000000	0.000000	0.000000	False
CST3->SH3BGRL3	0.000000	0.000000	0.000000	0.000000	False
CST3->SLC25A37	0.000288	0.000424	0.000000	0.001523	False
CST3->ATP5F1E	0.004241	0.004435	0.000000	0.015278	False
CST3->SOD2	0.000000	0.000000	0.000000	0.000000	False
CST3->MYL6	0.000144	0.000649	0.000000	0.001645	False
CST3->TXNIP	0.000000	0.000000	0.000000	0.000000	False
CST3->H3F3A	0.000000	0.000000	0.000000	0.000000	False
CST3->S100A9	0.000000	0.000000	0.000000	0.000000	False
CST3->ARHGDIB	0.000000	0.000000	0.000000	0.000000	False
FCER1G->HSPA1A	0.000000	0.000000	0.000000	0.000000	False
FCER1G->CCL3L1	0.001167	0.001008	0.000046	0.003837	True
FCER1G->HSPA1B	0.000000	0.000000	0.000000	0.000000	False
FCER1G->IFITM2	0.000932	0.001120	0.000000	0.003340	False
FCER1G->CXCL8	0.000160	0.000353	0.000000	0.001282	False
FCER1G->S100A11	0.004136	0.002590	0.000335	0.009704	True
FCER1G->CST3	0.000000	0.000000	0.000000	0.000000	False
FCER1G->S100A8	0.000032	0.000139	0.000000	0.000312	False
FCER1G->CD69	0.000000	0.000000	0.000000	0.000000	False
FCER1G->SMAP2	0.000000	0.000000	0.000000	0.000000	False
FCER1G->SH3BGRL3	0.000000	0.000000	0.000000	0.000000	False
FCER1G->SLC25A37	0.000423	0.000429	0.000000	0.001614	False
FCER1G->ATP5F1E	0.000902	0.001250	0.000000	0.003729	False
FCER1G->SOD2	0.000000	0.000000	0.000000	0.000000	False
FCER1G->MYL6	0.000655	0.001365	0.000000	0.004023	False
FCER1G->TXNIP	0.000019	0.000096	0.000000	0.000281	False
FCER1G->H3F3A	0.000000	0.000000	0.000000	0.000000	False
FCER1G->S100A9	0.000000	0.000000	0.000000	0.000000	False
FCER1G->ARHGDIB	0.000000	0.000000	0.000000	0.000000	False
S100A8->HSPA1A	0.000000	0.000000	0.000000	0.000000	False
S100A8->CCL3L1	0.000841	0.000758	0.000018	0.002605	True
S100A8->HSPA1B	0.000000	0.000000	0.000000	0.000000	False
S100A8->IFITM2	0.000752	0.000899	0.000000	0.002970	False
S100A8->CXCL8	0.000173	0.000332	0.000000	0.001054	False
S100A8->S100A11	0.005203	0.002568	0.000739	0.010523	True
S100A8->CST3	0.000000	0.000000	0.000000	0.000000	False
S100A8->FCER1G	0.000800	0.001629	0.000000	0.005422	False
S100A8->CD69	0.000000	0.000000	0.000000	0.000000	False
S100A8->SMAP2	0.000000	0.000000	0.000000	0.000000	False
S100A8->SH3BGRL3	0.000000	0.000000	0.000000	0.000000	False
S100A8->SLC25A37	0.000644	0.000637	0.000021	0.001791	True
S100A8->ATP5F1E	0.001429	0.001516	0.000000	0.004522	False
S100A8->SOD2	0.000000	0.000000	0.000000	0.000000	False
S100A8->MYL6	0.002118	0.001927	0.000000	0.007208	False
S100A8->TXNIP	0.000043	0.000186	0.000000	0.000568	False
S100A8->H3F3A	0.000000	0.000000	0.000000	0.000000	False
S100A8->S100A9	0.000000	0.000000	0.000000	0.000000	False
S100A8->ARHGDIB	0.000030	0.000148	0.000000	0.000550	False
CD69->HSPA1A	0.000044	0.000306	0.000000	0.000000	False
CD69->CCL3L1	0.001189	0.000782	0.000185	0.003473	True
CD69->HSPA1B	0.000000	0.000000	0.000000	0.000000	False
CD69->IFITM2	0.000272	0.000517	0.000000	0.001624	False
CD69->CXCL8	0.000055	0.000250	0.000000	0.000993	False
CD69->S100A11	0.003531	0.003007	0.000000	0.011025	False
CD69->CST3	0.000000	0.000000	0.000000	0.000000	False
CD69->FCER1G	0.000211	0.000930	0.000000	0.003693	False
CD69->S100A8	0.000132	0.000411	0.000000	0.001636	False
CD69->SMAP2	0.000000	0.000000	0.000000	0.000000	False
CD69->SH3BGRL3	0.000000	0.000000	0.000000	0.000000	False
CD69->SLC25A37	0.000606	0.000444	0.000058	0.001658	True
CD69->ATP5F1E	0.000671	0.001360	0.000000	0.004967	False
CD69->SOD2	0.000000	0.000000	0.000000	0.000000	False
CD69->MYL6	0.000245	0.000822	0.000000	0.002608	False
CD69->TXNIP	0.000020	0.000100	0.000000	0.000298	False
CD69->H3F3A	0.000000	0.000000	0.000000	0.000000	False
CD69->S100A9	0.000000	0.000000	0.000000	0.000000	False
CD69->ARHGDIB	0.000067	0.000291	0.000000	0.001067	False
SMAP2->HSPA1A	0.000920	0.002851	0.000000	0.009409	False
SMAP2->CCL3L1	0.000740	0.000719	0.000000	0.002419	False
SMAP2->HSPA1B	0.000000	0.000000	0.000000	0.000000	False
SMAP2->IFITM2	0.000005	0.000038	0.000000	0.000000	False
SMAP2->CXCL8	0.000000	0.000000	0.000000	0.000000	False
SMAP2->S100A11	0.003460	0.002503	0.000000	0.008977	False
SMAP2->CST3	0.000000	0.000000	0.000000	0.000000	False
SMAP2->FCER1G	0.001111	0.003477	0.000000	0.008280	False
SMAP2->S100A8	0.000000	0.000000	0.000000	0.000000	False
SMAP2->CD69	0.000000	0.000000	0.000000	0.000000	False
SMAP2->SH3BGRL3	0.000000	0.000000	0.000000	0.000000	False
SMAP2->SLC25A37	0.000619	0.000678	0.000000	0.002260	False
SMAP2->ATP5F1E	0.000044	0.000310	0.000000	0.000000	False
SMAP2->SOD2	0.000000	0.000000	0.000000	0.000000	False
SMAP2->MYL6	0.000160	0.000718	0.000000	0.001810	False
SMAP2->TXNIP	0.000051	0.000357	0.000000	0.000000	False
SMAP2->H3F3A	0.000000	0.000000	0.000000	0.000000	False
SMAP2->S100A9	0.000000	0.000000	0.000000	0.000000	False
SMAP2->ARHGDIB	0.000000	0.000000	0.000000	0.000000	False
SH3BGRL3->HSPA1A	0.000000	0.000000	0.000000	0.000000	False
SH3BGRL3->CCL3L1	0.001161	0.000750	0.000247	0.003120	True
SH3BGRL3->HSPA1B	0.000000	0.000000	0.000000	0.000000	False
SH3BGRL3->IFITM2	0.000009	0.000064	0.000000	0.000000	False
SH3BGRL3->CXCL8	0.000000	0.000000	0.000000	0.000000	False
SH3BGRL3->S100A11	0.003201	0.002528	0.000000	0.008923	False
SH3BGRL3->CST3	0.000000	0.000000	0.000000	0.000000	False
SH3BGRL3->FCER1G	0.001275	0.003016	0.000000	0.010444	False
SH3BGRL3->S100A8	0.000000	0.000000	0.000000	0.000000	False
SH3BGRL3->CD69	0.000000	0.000000	0.000000	0.000000	False
SH3BGRL3->SMAP2	0.000000	0.000000	0.000000	0.000000	False
SH3BGRL3->SLC25A37	0.000307	0.000418	0.000000	0.001557	False
SH3BGRL3->ATP5F1E	0.000045	0.000264	0.000000	0.000285	False
SH3BGRL3->SOD2	0.000773	0.002782	0.000000	0.008433	False
SH3BGRL3->MYL6	0.000149	0.000665	0.000000	0.001908	False
SH3BGRL3->TXNIP	0.000000	0.000000	0.000000	0.000000	False
SH3BGRL3->H3F3A	0.000000	0.000000	0.000000	0.000000	False
SH3BGRL3->S100A9	0.000000	0.000000	0.000000	0.000000	False
SH3BGRL3->ARHGDIB	0.000000	0.000000	0.000000	0.000000	False
SLC25A37->HSPA1A	0.000000	0.000000	0.000000	0.000000	False
SLC25A37->CCL3L1	0.001027	0.000925	0.000099	0.003768	True
SLC25A37->HSPA1B	0.000000	0.000000	0.000000	0.000000	False
SLC25A37->IFITM2	0.001146	0.001172	0.000000	0.003668	False
SLC25A37->CXCL8	0.000534	0.000561	0.000000	0.001660	False
SLC25A37->S100A11	0.004066	0.002534	0.000524	0.009428	True
SLC25A37->CST3	0.000000	0.000000	0.000000	0.000000	False
SLC25A37->FCER1G	0.001058	0.001730	0.000000	0.005138	False
SLC25A37->S100A8	0.000089	0.000199	0.000000	0.000702	False
SLC25A37->CD69	0.000000	0.000000	0.000000	0.000000	False
SLC25A37->SMAP2	0.000000	0.000000	0.000000	0.000000	False
SLC25A37->SH3BGRL3	0.000000	0.000000	0.000000	0.000000	False
SLC25A37->ATP5F1E	0.002803	0.002079	0.000000	0.007710	False
SLC25A37->SOD2	0.000000	0.000000	0.000000	0.000000	False
SLC25A37->MYL6	0.000990	0.001511	0.000000	0.004750	False
SLC25A37->TXNIP	0.000047	0.000209	0.000000	0.000458	False
SLC25A37->H3F3A	0.000000	0.000000	0.000000	0.000000	False
SLC25A37->S100A9	0.000000	0.000000	0.000000	0.000000	False
SLC25A37->ARHGDIB	0.000033	0.000182	0.000000	0.000329	False
ATP5F1E->HSPA1A	0.000000	0.000000	0.000000	0.000000	False
ATP5F1E->CCL3L1	0.000927	0.000790	0.000012	0.002909	True
ATP5F1E->HSPA1B	0.000000	0.000000	0.000000	0.000000	False
ATP5F1E->IFITM2	0.000776	0.000936	0.000000	0.003177	False
ATP5F1E->CXCL8	0.000292	0.000429	0.000000	0.001549	False
ATP5F1E->S100A11	0.004048	0.002600	0.000334	0.009615	True
ATP5F1E->CST3	0.000000	0.000000	0.000000	0.000000	False
ATP5F1E->FCER1G	0.000831	0.001552	0.000000	0.004688	False
ATP5F1E->S100A8	0.000079	0.000239	0.000000	0.000797	False
ATP5F1E->CD69	0.000000	0.000000	0.000000	0.000000	False
ATP5F1E->SMAP2	0.000000	0.000000	0.000000	0.000000	False
ATP5F1E->SH3BGRL3	0.000000	0.000000	0.000000	0.000000	False
ATP5F1E->SLC25A37	0.001318	0.001830	0.000009	0.005570	True
ATP5F1E->SOD2	0.000000	0.000000	0.000000	0.000000	False
ATP5F1E->MYL6	0.000852	0.001476	0.000000	0.004428	False
ATP5F1E->TXNIP	0.000465	0.000551	0.000000	0.001493	False
ATP5F1E->H3F3A	0.000000	0.000000	0.000000	0.000000	False
ATP5F1E->S100A9	0.000000	0.000000	0.000000	0.000000	False
ATP5F1E->ARHGDIB	0.000000	0.000000	0.000000	0.000000	False
SOD2->HSPA1A	0.000000	0.000000	0.000000	0.000000	False
SOD2->CCL3L1	0.000770	0.000734	0.000000	0.002666	False
SOD2->HSPA1B	0.000000	0.000000	0.000000	0.000000	False
SOD2->IFITM2	0.000279	0.000543	0.000000	0.001915	False
SOD2->CXCL8	0.000030	0.000129	0.000000	0.000249	False
SOD2->S100A11	0.003833	0.002585	0.000049	0.009529	True
SOD2->CST3	0.000000	0.000000	0.000000	0.000000	False
SOD2->FCER1G	0.000384	0.001030	0.000000	0.003648	False
SOD2->S100A8	0.000004	0.000029	0.000000	0.000000	False
SOD2->CD69	0.000000	0.000000	0.000000	0.000000	False
SOD2->SMAP2	0.000000	0.000000	0.000000	0.000000	False
SOD2->SH3BGRL3	0.000000	0.000000	0.000000	0.000000	False
SOD2->SLC25A37	0.002013	0.002300	0.000015	0.007506	True
SOD2->ATP5F1E	0.000724	0.001238	0.000000	0.004590	False
SOD2->MYL6	0.000467	0.001260	0.000000	0.003702	False
SOD2->TXNIP	0.000159	0.000442	0.000000	0.001554	False
SOD2->H3F3A	0.000000	0.000000	0.000000	0.000000	False
SOD2->S100A9	0.000000	0.000000	0.000000	0.000000	False
SOD2->ARHGDIB	0.000000	0.000000	0.000000	0.000000	False
MYL6->HSPA1A	0.000250	0.001391	0.000000	0.002312	False
MYL6->CCL3L1	0.001782	0.002109	0.000114	0.006135	True
MYL6->HSPA1B	0.000000	0.000000	0.000000	0.000000	False
MYL6->IFITM2	0.001199	0.001050	0.000000	0.003451	False
MYL6->CXCL8	0.000214	0.000381	0.000000	0.001355	False
MYL6->S100A11	0.004070	0.002644	0.000312	0.009994	True
MYL6->CST3	0.000000	0.000000	0.000000	0.000000	False
MYL6->FCER1G	0.000853	0.001511	0.000000	0.004515	False
MYL6->S100A8	0.000046	0.000228	0.000000	0.000309	False
MYL6->CD69	0.000000	0.000000	0.000000	0.000000	False
MYL6->SMAP2	0.000000	0.000000	0.000000	0.000000	False
MYL6->SH3BGRL3	0.000000	0.000000	0.000000	0.000000	False
MYL6->SLC25A37	0.000689	0.000594	0.000009	0.002288	True
MYL6->ATP5F1E	0.001263	0.001422	0.000000	0.004544	False
MYL6->SOD2	0.000000	0.000000	0.000000	0.000000	False
MYL6->TXNIP	0.000037	0.000210	0.000000	0.000186	False
MYL6->H3F3A	0.000000	0.000000	0.000000	0.000000	False
MYL6->S100A9	0.000000	0.000000	0.000000	0.000000	False
MYL6->ARHGDIB	0.000000	0.000000	0.000000	0.000000	False
TXNIP->HSPA1A	0.000000	0.000000	0.000000	0.000000	False
TXNIP->CCL3L1	0.001900	0.001265	0.000149	0.004191	True
TXNIP->HSPA1B	0.000000	0.000000	0.000000	0.000000	False
TXNIP->IFITM2	0.000741	0.000933	0.000000	0.002766	False
TXNIP->CXCL8	0.000323	0.000431	0.000000	0.001429	False
TXNIP->S100A11	0.004058	0.002623	0.000205	0.009616	True
TXNIP->CST3	0.000000	0.000000	0.000000	0.000000	False
TXNIP->FCER1G	0.000745	0.001461	0.000000	0.004778	False
TXNIP->S100A8	0.000031	0.000174	0.000000	0.000166	False
TXNIP->CD69	0.000000	0.000000	0.000000	0.000000	False
TXNIP->SMAP2	0.000000	0.000000	0.000000	0.000000	False
TXNIP->SH3BGRL3	0.000000	0.000000	0.000000	0.000000	False
TXNIP->SLC25A37	0.001248	0.000769	0.000090	0.002713	True
TXNIP->ATP5F1E	0.001148	0.001419	0.000000	0.004584	False
TXNIP->SOD2	0.000000	0.000000	0.000000	0.000000	False
TXNIP->MYL6	0.000935	0.001565	0.000000	0.005361	False
TXNIP->H3F3A	0.000000	0.000000	0.000000	0.000000	False
TXNIP->S100A9	0.000000	0.000000	0.000000	0.000000	False
TXNIP->ARHGDIB	0.000000	0.000000	0.000000	0.000000	False
H3F3A->HSPA1A	0.000000	0.000000	0.000000	0.000000	False
H3F3A->CCL3L1	0.000682	0.000710	0.000005	0.002539	True
H3F3A->HSPA1B	0.000000	0.000000	0.000000	0.000000	False
H3F3A->IFITM2	0.000446	0.000832	0.000000	0.002875	False
H3F3A->CXCL8	0.000110	0.000343	0.000000	0.001069	False
H3F3A->S100A11	0.004499	0.002852	0.000552	0.011194	True
H3F3A->CST3	0.000000	0.000000	0.000000	0.000000	False
H3F3A->FCER1G	0.000533	0.001235	0.000000	0.004094	False
H3F3A->S100A8	0.000000	0.000000	0.000000	0.000000	False
H3F3A->CD69	0.000000	0.000000	0.000000	0.000000	False
H3F3A->SMAP2	0.000000	0.000000	0.000000	0.000000	False
H3F3A->SH3BGRL3	0.000000	0.000000	0.000000	0.000000	False
H3F3A->SLC25A37	0.000470	0.000458	0.000000	0.001759	False
H3F3A->ATP5F1E	0.001113	0.001506	0.000000	0.005200	False
H3F3A->SOD2	0.000000	0.000000	0.000000	0.000000	False
H3F3A->MYL6	0.000615	0.001335	0.000000	0.003942	False
H3F3A->TXNIP	0.000022	0.000153	0.000000	0.000000	False
H3F3A->S100A9	0.000000	0.000000	0.000000	0.000000	False
H3F3A->ARHGDIB	0.000094	0.000444	0.000000	0.001011	False
S100A9->HSPA1A	0.000000	0.000000	0.000000	0.000000	False
S100A9->CCL3L1	0.000595	0.000688	0.000000	0.002709	False
S100A9->HSPA1B	0.000000	0.000000	0.000000	0.000000	False
S100A9->IFITM2	0.000023	0.000104	0.000000	0.000412	False
S100A9->CXCL8	0.000000	0.000000	0.000000	0.000000	False
S100A9->S100A11	0.003484	0.002512	0.000000	0.008976	False
S100A9->CST3	0.000000	0.000000	0.000000	0.000000	False
S100A9->FCER1G	0.000356	0.000927	0.000000	0.003058	False
S100A9->S100A8	0.000000	0.000000	0.000000	0.000000	False
S100A9->CD69	0.000000	0.000000	0.000000	0.000000	False
S100A9->SMAP2	0.000000	0.000000	0.000000	0.000000	False
S100A9->SH3BGRL3	0.000000	0.000000	0.000000	0.000000	False
S100A9->SLC25A37	0.000380	0.000469	0.000000	0.001568	False
S100A9->ATP5F1E	0.002511	0.004116	0.000000	0.014707	False
S100A9->SOD2	0.000000	0.000000	0.000000	0.000000	False
S100A9->MYL6	0.000195	0.000854	0.000000	0.002370	False
S100A9->TXNIP	0.000000	0.000000	0.000000	0.000000	False
S100A9->H3F3A	0.000000	0.000000	0.000000	0.000000	False
S100A9->ARHGDIB	0.000000	0.000000	0.000000	0.000000	False
ARHGDIB->HSPA1A	0.000000	0.000000	0.000000	0.000000	False
ARHGDIB->CCL3L1	0.000867	0.000775	0.000007	0.003017	True
ARHGDIB->HSPA1B	0.000000	0.000000	0.000000	0.000000	False
ARHGDIB->IFITM2	0.000616	0.000860	0.000000	0.002787	False
ARHGDIB->CXCL8	0.000451	0.000695	0.000000	0.002620	False
ARHGDIB->S100A11	0.004166	0.002584	0.000320	0.009867	True
ARHGDIB->CST3	0.000000	0.000000	0.000000	0.000000	False
ARHGDIB->FCER1G	0.000841	0.001565	0.000000	0.005339	False
ARHGDIB->S100A8	0.000056	0.000189	0.000000	0.000638	False
ARHGDIB->CD69	0.000000	0.000000	0.000000	0.000000	False
ARHGDIB->SMAP2	0.000000	0.000000	0.000000	0.000000	False
ARHGDIB->SH3BGRL3	0.000000	0.000000	0.000000	0.000000	False
ARHGDIB->SLC25A37	0.001151	0.000976	0.000000	0.003198	False
ARHGDIB->ATP5F1E	0.001073	0.001334	0.000000	0.004110	False
ARHGDIB->SOD2	0.000000	0.000000	0.000000	0.000000	False
ARHGDIB->MYL6	0.000755	0.001420	0.000000	0.004950	False
ARHGDIB->TXNIP	0.000005	0.000034	0.000000	0.000000	False
ARHGDIB->H3F3A	0.000000	0.000000	0.000000	0.000000	False
ARHGDIB->S100A9	0.000000	0.000000	0.000000	0.000000	False
