hour	healthy	periphery	core	necrotic	front_radius	proliferation	transition	necrosis
0.0	196467.0	63.0	113.0	0.0	8.0	3.0	0.0	0.0
1.0	196285.0	247.0	114.0	0.0	11.704699516296387	3.0	182.0	0.0
2.0	196017.0	525.0	114.0	0.0	16.155494689941406	10.0	268.0	0.0
3.0	195642.0	915.0	114.0	0.0	20.39607810974121	15.0	375.0	0.0
4.0	195151.0	1442.0	114.0	0.0	25.317977905273438	36.0	491.0	0.0
5.0	194527.0	2111.0	115.0	0.0	30.08321762084961	46.0	624.0	0.0
6.0	193748.0	2959.0	115.0	0.0	35.0142822265625	69.0	779.0	0.0
7.0	192887.0	3926.0	115.0	0.0	40.04996871948242	106.0	861.0	0.0
8.0	191868.0	5072.0	115.0	0.0	45.17742919921875	127.0	1019.0	0.0
9.0	190696.0	6396.0	115.0	0.0	50.32891845703125	152.0	1172.0	0.0
10.0	189403.0	7879.0	115.0	0.0	55.60575485229492	190.0	1293.0	0.0
11.0	187992.0	9495.0	115.0	0.0	60.835845947265625	205.0	1411.0	0.0
12.0	186446.0	11315.0	115.0	0.0	66.06814575195312	274.0	1546.0	0.0
13.0	184728.0	13320.0	115.0	0.0	71.47027587890625	287.0	1718.0	0.0
14.0	182903.0	15488.0	115.0	0.0	76.92203521728516	343.0	1825.0	0.0
15.0	180916.0	17854.0	115.0	0.0	82.2800064086914	379.0	1987.0	0.0
16.0	178777.0	20417.0	115.0	0.0	87.55569458007812	424.0	2139.0	0.0
17.0	176515.0	23142.0	115.0	0.0	93.14505004882812	463.0	2262.0	0.0
18.0	174127.0	26029.0	115.0	0.0	98.31072998046875	499.0	2388.0	0.0
19.0	171559.0	29168.0	115.0	0.0	103.83159637451172	571.0	2568.0	0.0
20.0	168844.0	32502.0	115.0	0.0	109.2748794555664	619.0	2715.0	0.0
21.0	166011.0	35984.0	115.0	0.0	114.73883056640625	649.0	2833.0	0.0
22.0	163064.0	39647.0	115.0	0.0	119.95415496826172	716.0	2947.0	0.0
23.0	159919.0	43521.0	115.0	0.0	125.39936065673828	729.0	3145.0	0.0
24.0	156649.0	47526.0	115.0	0.0	130.91983032226562	735.0	3270.0	0.0
25.0	153211.0	51838.0	115.0	0.0	136.3084716796875	874.0	3438.0	0.0
26.0	149625.0	56235.0	115.0	0.0	141.6615753173828	811.0	3586.0	0.0
27.0	145914.0	60855.0	115.0	0.0	147.25827026367188	909.0	3711.0	0.0
28.0	141984.0	65758.0	115.0	0.0	152.77761840820312	973.0	3930.0	0.0
29.0	138039.0	70658.0	115.0	0.0	158.24032592773438	955.0	3945.0	0.0
30.0	133839.0	75918.0	115.0	0.0	163.78338623046875	1060.0	4200.0	0.0
31.0	129523.0	81331.0	115.0	0.0	169.42550659179688	1097.0	4316.0	0.0
32.0	125088.0	86916.0	115.0	0.0	174.7340850830078	1150.0	4435.0	0.0
33.0	120550.0	92645.0	115.0	0.0	180.22763061523438	1191.0	4538.0	0.0
34.0	115886.0	98552.0	115.0	0.0	185.6905975341797	1243.0	4664.0	0.0
35.0	111040.0	104677.0	115.0	0.0	191.26943969726562	1279.0	4846.0	0.0
36.0	106016.0	111017.0	115.0	0.0	196.72569274902344	1316.0	5024.0	0.0
37.0	100840.0	117561.0	115.0	0.0	202.3116455078125	1368.0	5176.0	0.0
38.0	95514.0	124356.0	115.0	0.0	207.7618865966797	1469.0	5326.0	0.0
39.0	90091.0	131253.0	115.0	0.0	213.24398803710938	1474.0	5423.0	0.0
40.0	84497.0	138426.0	115.0	0.0	218.6343994140625	1579.0	5594.0	0.0
41.0	78686.0	145837.0	115.0	0.0	224.2008056640625	1600.0	5811.0	0.0
42.0	72797.0	153326.0	115.0	0.0	229.73245239257812	1600.0	5889.0	0.0
43.0	66758.0	161015.0	115.0	0.0	235.34230041503906	1650.0	6039.0	0.0
44.0	60590.0	168943.0	115.0	0.0	240.84226989746094	1760.0	6168.0	0.0
45.0	54117.0	177170.0	115.0	0.0	246.33717346191406	1754.0	6473.0	0.0
46.0	47744.0	185357.0	115.0	0.0	251.8571014404297	1814.0	6373.0	0.0
47.0	41715.0	193265.0	115.0	0.0	257.3033142089844	1879.0	6029.0	0.0
48.0	36576.0	200364.0	115.0	0.0	262.88018798828125	1960.0	5139.0	0.0
49.0	32019.0	206825.0	115.0	0.0	268.36541748046875	1904.0	4557.0	0.0
50.0	28022.0	212616.0	115.0	0.0	273.9288330078125	1794.0	3997.0	0.0
51.0	24405.0	218081.0	115.0	0.0	279.5514221191406	1848.0	3617.0	0.0
52.0	21201.0	222971.0	115.0	0.0	284.8876953125	1686.0	3204.0	0.0
53.0	18236.0	227572.0	115.0	0.0	290.423828125	1636.0	2965.0	0.0
54.0	15530.0	231810.0	115.0	0.0	296.082763671875	1532.0	2706.0	0.0
55.0	13148.0	235729.0	115.0	0.0	301.6571044921875	1537.0	2382.0	0.0
56.0	11059.0	239196.0	115.0	0.0	307.06512451171875	1378.0	2089.0	0.0
57.0	9125.0	242431.0	115.0	0.0	312.7059326171875	1301.0	1934.0	0.0
58.0	7457.0	245228.0	115.0	0.0	318.0440368652344	1129.0	1668.0	0.0
59.0	6003.0	247768.0	115.0	0.0	323.6309509277344	1086.0	1454.0	0.0
60.0	4784.0	250016.0	115.0	0.0	329.2066345214844	1029.0	1219.0	0.0
61.0	3767.0	251948.0	115.0	0.0	334.7909851074219	915.0	1017.0	0.0
62.0	2961.0	253563.0	115.0	0.0	340.2425537109375	809.0	806.0	0.0
63.0	2386.0	254926.0	115.0	0.0	345.17242431640625	788.0	575.0	0.0
64.0	1985.0	256006.0	115.0	0.0	350.0528564453125	679.0	401.0	0.0
65.0	1743.0	256851.0	115.0	0.0	354.266845703125	603.0	242.0	0.0
66.0	1622.0	257477.0	115.0	0.0	357.0896301269531	505.0	121.0	0.0
67.0	1581.0	257953.0	115.0	0.0	357.798828125	435.0	41.0	0.0
68.0	1563.0	258357.0	115.0	0.0	358.50384521484375	386.0	18.0	0.0
69.0	1561.0	258663.0	115.0	0.0	358.50384521484375	304.0	2.0	0.0
70.0	1557.0	258940.0	115.0	0.0	358.50384521484375	273.0	4.0	0.0
71.0	1557.0	259179.0	115.0	0.0	358.5093994140625	239.0	0.0	0.0
72.0	1557.0	259371.0	115.0	0.0	358.5093994140625	192.0	0.0	0.0
73.0	1557.0	259521.0	115.0	0.0	358.5093994140625	150.0	0.0	0.0
74.0	1556.0	259654.0	115.0	0.0	359.2102355957031	132.0	1.0	0.0
75.0	1556.0	259775.0	115.0	0.0	359.2102355957031	121.0	0.0	0.0
76.0	1556.0	259883.0	115.0	0.0	359.2102355957031	108.0	0.0	0.0
77.0	1555.0	259963.0	115.0	0.0	359.2102355957031	79.0	1.0	0.0
78.0	1555.0	260044.0	115.0	0.0	359.2102355957031	81.0	0.0	0.0
79.0	1555.0	260106.0	115.0	0.0	359.2102355957031	62.0	0.0	0.0
80.0	1555.0	260161.0	115.0	0.0	359.2102355957031	55.0	0.0	0.0
81.0	1555.0	260202.0	115.0	0.0	359.2102355957031	41.0	0.0	0.0
82.0	1555.0	260242.0	115.0	0.0	359.2102355957031	40.0	0.0	0.0
83.0	1555.0	260262.0	115.0	0.0	359.2102355957031	20.0	0.0	0.0
84.0	1555.0	260287.0	115.0	0.0	359.2102355957031	25.0	0.0	0.0
85.0	1555.0	260307.0	115.0	0.0	359.2102355957031	20.0	0.0	0.0
86.0	1555.0	260325.0	115.0	0.0	359.2102355957031	18.0	0.0	0.0
87.0	1555.0	260345.0	115.0	0.0	359.2102355957031	20.0	0.0	0.0
88.0	1555.0	260353.0	115.0	0.0	359.2102355957031	8.0	0.0	0.0
89.0	1554.0	260365.0	115.0	0.0	359.2102355957031	11.0	1.0	0.0
90.0	1554.0	260370.0	115.0	0.0	359.2102355957031	5.0	0.0	0.0
91.0	1554.0	260376.0	115.0	0.0	359.2102355957031	6.0	0.0	0.0
92.0	1554.0	260380.0	115.0	0.0	359.2102355957031	4.0	0.0	0.0
93.0	1554.0	260389.0	115.0	0.0	359.2102355957031	9.0	0.0	0.0
94.0	1554.0	260397.0	115.0	0.0	359.2102355957031	8.0	0.0	0.0
95.0	1554.0	260402.0	115.0	0.0	359.2102355957031	5.0	0.0	0.0
96.0	1554.0	260408.0	115.0	0.0	359.2102355957031	6.0	0.0	0.0
97.0	1554.0	260413.0	115.0	0.0	359.2102355957031	5.0	0.0	0.0
98.0	1554.0	260418.0	115.0	0.0	359.2102355957031	5.0	0.0	0.0
99.0	1554.0	260422.0	115.0	0.0	359.2102355957031	4.0	0.0	0.0
100.0	1554.0	260423.0	115.0	0.0	359.2102355957031	1.0	0.0	0.0
101.0	1554.0	260427.0	115.0	0.0	359.2102355957031	4.0	0.0	0.0
102.0	1554.0	260434.0	115.0	0.0	359.2102355957031	7.0	0.0	0.0
103.0	1554.0	260435.0	115.0	0.0	359.2102355957031	1.0	0.0	0.0
104.0	1554.0	260438.0	115.0	0.0	359.2102355957031	3.0	0.0	0.0
105.0	1554.0	260439.0	115.0	0.0	359.2102355957031	1.0	0.0	0.0
106.0	1554.0	260440.0	115.0	0.0	359.2102355957031	1.0	0.0	0.0
107.0	1554.0	260442.0	115.0	0.0	359.2102355957031	2.0	0.0	0.0
108.0	1554.0	260443.0	115.0	0.0	359.2102355957031	1.0	0.0	0.0
109.0	1554.0	260444.0	115.0	0.0	359.2102355957031	1.0	0.0	0.0
110.0	1554.0	260445.0	115.0	0.0	359.2102355957031	1.0	0.0	0.0
111.0	1554.0	260445.0	115.0	0.0	359.2102355957031	0.0	0.0	0.0
112.0	1554.0	260445.0	115.0	0.0	359.2102355957031	0.0	0.0	0.0
113.0	1554.0	260447.0	115.0	0.0	359.2102355957031	2.0	0.0	0.0
114.0	1554.0	260450.0	115.0	0.0	359.2102355957031	3.0	0.0	0.0
115.0	1554.0	260452.0	115.0	0.0	359.2102355957031	2.0	0.0	0.0
116.0	1554.0	260454.0	115.0	0.0	359.2102355957031	2.0	0.0	0.0
117.0	1554.0	260456.0	115.0	0.0	359.2102355957031	2.0	0.0	0.0
118.0	1554.0	260456.0	115.0	0.0	359.2102355957031	0.0	0.0	0.0
119.0	1554.0	260456.0	115.0	0.0	359.2102355957031	0.0	0.0	0.0
120.0	1554.0	260457.0	115.0	0.0	359.2102355957031	1.0	0.0	0.0
121.0	1554.0	260458.0	115.0	0.0	359.2102355957031	1.0	0.0	0.0
122.0	1554.0	260459.0	115.0	0.0	359.2102355957031	1.0	0.0	0.0
123.0	1554.0	260459.0	115.0	0.0	359.2102355957031	0.0	0.0	0.0
124.0	1554.0	260459.0	115.0	0.0	359.2102355957031	0.0	0.0	0.0
125.0	1554.0	260459.0	115.0	0.0	359.2102355957031	0.0	0.0	0.0
126.0	1554.0	260459.0	115.0	0.0	359.2102355957031	0.0	0.0	0.0
127.0	1554.0	260460.0	115.0	0.0	359.2102355957031	1.0	0.0	0.0
128.0	1554.0	260460.0	115.0	0.0	359.2102355957031	0.0	0.0	0.0
129.0	1554.0	260460.0	115.0	0.0	359.2102355957031	0.0	0.0	0.0
130.0	1554.0	260461.0	115.0	0.0	359.2102355957031	1.0	0.0	0.0
131.0	1554.0	260461.0	115.0	0.0	359.2102355957031	0.0	0.0	0.0
132.0	1554.0	260461.0	115.0	0.0	359.2102355957031	0.0	0.0	0.0
133.0	1554.0	260461.0	115.0	0.0	359.2102355957031	0.0	0.0	0.0
134.0	1554.0	260461.0	115.0	0.0	359.2102355957031	0.0	0.0	0.0
135.0	1554.0	260461.0	115.0	0.0	359.2102355957031	0.0	0.0	0.0
136.0	1554.0	260461.0	115.0	0.0	359.2102355957031	0.0	0.0	0.0
137.0	1554.0	260461.0	115.0	0.0	359.2102355957031	0.0	0.0	0.0
138.0	1554.0	260461.0	115.0	0.0	359.2102355957031	0.0	0.0	0.0
139.0	1554.0	260461.0	115.0	0.0	359.2102355957031	0.0	0.0	0.0
140.0	1554.0	260462.0	115.0	0.0	359.2102355957031	1.0	0.0	0.0
141.0	1554.0	260462.0	115.0	0.0	359.2102355957031	0.0	0.0	0.0
142.0	1554.0	260462.0	115.0	0.0	359.2102355957031	0.0	0.0	0.0
143.0	1554.0	260462.0	115.0	0.0	359.2102355957031	0.0	0.0	0.0
144.0	1554.0	260462.0	115.0	0.0	359.2102355957031	0.0	0.0	0.0
145.0	1554.0	260462.0	115.0	0.0	359.2102355957031	0.0	0.0	0.0
146.0	1554.0	260462.0	115.0	0.0	359.2102355957031	0.0	0.0	0.0
147.0	1554.0	260462.0	115.0	0.0	359.2102355957031	0.0	0.0	0.0
148.0	1554.0	260462.0	115.0	0.0	359.2102355957031	0.0	0.0	0.0
149.0	1554.0	260462.0	115.0	0.0	359.2102355957031	0.0	0.0	0.0
