gene	importance
VIM	0.019757151419881228
HSPA1B	0.007969563417026834
MTRNR2L12	0.007283687929972864
S100A6	0.006969818922360563
HSPA1A	0.006933973815803614
CST3	0.005998452574653524
CD163	0.00586682897359835
MT3	0.005419439753138525
SMAP2	0.004909880122256193
GAPDH	0.004643111528588474
S100A11	0.004627835404400414
PTPRZ1	0.0045590046893645144
CPB2-AS1	0.004310192691592179
FCER1G	0.00413972312054259
CCL3L1	0.00394043189738806
MT-CO2	0.0038471310689425376
AL034397.3	0.003534759371585308
SAMD4B	0.0035022963500256307
SLC25A37	0.003495814737385547
MT-ATP6	0.0034526238037204276
MT-CO3	0.003448935985238336
APOD	0.0034488671968816945
CHI3L1	0.0033952169647186413
ANXA1	0.003342740227922262
TIMP1	0.003340402051063178
MT2A	0.0032702735003210213
CLEC2B	0.0032589899302473083
CD69	0.0032225665907123563
SOD2	0.003144755344135668
S100B	0.0031003180917170284
MT-ND4L	0.0030572407873890096
CLU	0.0029211690841561087
NAMPT	0.002684717842441385
S100A4	0.0026475406013379142
GFAP	0.002640021999530262
GNLY	0.0025015087891269885
KLRD1	0.0024896102201194636
CSF3R	0.0024816890890273107
S100A9	0.002480347755478259
RASSF2	0.0024431527198161655
BCL2A1	0.002416733551946802
SH3BGRL3	0.0024146365486175966
FCGBP	0.0023745036756906315
SLC44A2	0.0023247545610724234
ICAM1	0.0023001812919956326
PRKCZ	0.002281961314215141
MYL6	0.002273259400041693
TXNIP	0.00217576939671899
MEGF9	0.002169102751058681
KCNJ2	0.002163466771563189
SPARCL1	0.0021382846389533913
PLAUR	0.0021246796395171393
ATP5F1E	0.002100512649573695
ARHGDIB	0.0020500309154680594
IFITM2	0.002031028145443901
TOB1	0.002022833853059316
PKM	0.002013347582586711
LCP1	0.002002632991808733
TFEB	0.001998222394318049
IFI6	0.00199663013290348
IFITM3	0.001989121252452438
H3F3A	0.0019194270994218707
ITPK1	0.0019089051290804985
CXCL8	0.0018909699391011264
PADI4	0.001865229828501067
LSP1	0.0018300292783360057
NDE1	0.0018211225306854436
GJB6	0.0017843113050284305
SHC4	0.0017589871352970312
SCAF11	0.001703710297494361
TSPO	0.0016746150115132534
RGS2	0.0016533093235090533
S100A8	0.0016473751918922009
FPR1	0.0016313389146822574
YPEL3	0.0016201486410342331
FCN1	0.001611248895917585
AL137139.2	0.0016101264364652501
IQGAP1	0.001609102333095121
HIST1H2AC	0.0016080595517109668
LAMTOR4	0.0015983850606552693
TAGLN2	0.001594224997348643
IGFBP5	0.0015848060307265546
MYOCOS	0.0015832242782272941
TALDO1	0.0015821472582211154
S100A12	0.0015695322104193115
AC011446.2	0.0015548820160392132
ZYX	0.0015296612546397495
SPI1	0.0015150340333494733
LITAF	0.001513884862466675
CD44	0.0015025373401742034
PRODH	0.001493218056268466
ANP32A	0.0014922517207192126
PLEK	0.0014811916355222511
GMFG	0.0014712344857264231
NEFM	0.0014622120167311372
C5AR1	0.0014306023138055438
EVI2B	0.0014177181585417606
RAB7A	0.0013998985768973
ZNF106	0.0013969745875451241
PSME1	0.0013873411204361988
WIF1	0.001375835013921834
FOXO3	0.001375089281305133
SERPINB1	0.0013741890880280816
SIPA1	0.0013650471516680875
AKIRIN1	0.0013649335812790575
HIST1H2BC	0.0013613027217924058
GRK2	0.001356836108774554
SDCBP	0.0013440405817796508
MAST3	0.001340933950375259
SERPINA1	0.0013388301284491752
SNAP23	0.0013346192051784584
BASP1	0.0013340125317173961
SH3BP5	0.0013251022538559067
MYH9	0.0013155023841373605
REPS2	0.0013058895262741104
MDM2	0.001291689906531807
JAK1	0.0012913704086043374
PAFAH1B2	0.0012889434560276437
GPSM3	0.0012830876025094538
UBE2B	0.0012774664983723329
PRR13	0.0012750612495648693
TKT	0.0012696116356061644
BCL6	0.001262063001392888
EP300	0.0012438935375597398
LST1	0.001243302021129177
LYZ	0.0012383395493779001
PSMB9	0.0012370271329825346
SEC61G	0.0012341591390768716
PSMB3	0.0012328159045335975
FGL1	0.0012226549193691482
GNG10	0.0012197184882083685
PHACTR1	0.0012062029075120247
TXN	0.0012004610752253538
GLT1D1	0.001199579636551351
LYN	0.001192228528300798
FABP7	0.0011853014516697321
ACAP2	0.0011842051264658142
PHOSPHO1	0.0011807993376692202
ADGRE5	0.0011798637761838522
MOSPD2	0.0011767851541619582
BIN2	0.0011761694283467647
CDA	0.0011732210035301153
EFHD2	0.0011729418770037787
C4orf3	0.0011712528139043003
CSK	0.00117047092984651
JPT1	0.0011668318333104028
CFLAR	0.001166509575696758
PTEN	0.0011660314332819354
LRRFIP1	0.0011638007992071388
NDUFA1	0.0011627342584864036
RNF149	0.001159777169015174
SPCS3	0.0011596231346534054
DAPK2	0.0011564245487847037
PCBP1-AS1	0.0011541135392384718
NCF1	0.0011490856399035457
GCA	0.0011449367992394579
LINC02473	0.001144696066365791
ADAMTS1	0.0011435405231255494
VMP1	0.0011426372252098158
KDM6B	0.0011380649813307112
SH3GLB1	0.0011365697603283242
TYMP	0.001134495287375947
AL133415.1	0.0011289356947260295
STX11	0.0011277355261096152
CPD	0.0011231451525933998
TNFRSF1B	0.0011148639173003843
YPEL5	0.0011144953879236679
PPM1A	0.0011136152725889842
WAS	0.0011115797084694172
AL354936.1	0.0011092837608625288
KIF6	0.0011088084530007007
NOP10	0.0011062259885189292
PILRA	0.0011059430685054915
HCK	0.0010839810562899162
MAN2A2	0.0010760284390406046
PTPRJ	0.0010725455968427498
FKBP1A	0.001068747232962836
CPNE2	0.0010679888546547462
AZIN1-AS1	0.0010619941843942036
S100P	0.001061865009400348
OS9	0.00105227757012319
THSD4	0.0010517252985064245
EMP3	0.0010375161342530152
UBALD2	0.0010317051285713222
TLR4	0.0010275373385216049
CHMP2A	0.0010272806426262372
TRAPPC5	0.0010266240871894248
AC018755.5	0.001025245985858641
UBE2R2	0.0010228014337847302
PPP1R18	0.0010205491907987509
TRIM22	0.0010203518499796427
SLK	0.0010194397142052965
UBE2I	0.0010154461881598084
G0S2	0.0010115720609010007
CFP	0.0010074875722434389
PGLS	0.0010068624152217718
AL591043.2	0.0010041941573028022
ADM	0.0009951186663282358
ANXA11	0.0009947238554926603
USP32	0.000994100168818613
PSMD4	0.000991966535671928
MNDA	0.0009883662006070246
SMCHD1	0.0009830085087658166
AC087190.1	0.0009816206672971415
ATP6V0D1	0.000978118736152895
MSL1	0.0009750812324113029
AC084871.1	0.0009731974831504204
FOSL2	0.0009728591972514073
HSPA6	0.0009714232918236736
PHF20L1	0.0009607269427352381
STK17A	0.0009572009556653965
ESAM	0.0009514051109963842
ACSS2	0.0009499811853370375
ATG16L2	0.0009493618755887785
TAPBP	0.0009493417755586669
KLHL2	0.000938389167999468
AL031846.2	0.0009367617737524501
UBQLN1	0.0009348712585352797
AL117350.1	0.000928779489307824
RIOK3	0.0009267032364051902
RPS6KA1	0.0009265238715933325
IFITM1	0.0009263808507507586
AC006205.2	0.0009215279750685787
SP110	0.0009202221011030206
ERF	0.0009197731866520425
PRELID1	0.0009189490779254538
NABP1	0.0009176469944185788
MGRN1	0.0009169678844111719
STXBP2	0.0009160539796282646
PPP1CB	0.0009135400285463285
HMGB2	0.0009084737457006855
SLU7	0.0009054564803227695
RALBP1	0.0009050985561828786
PTBP3	0.0009005248928716897
CIR1	0.0008992330031535155
PRELP	0.0008954696818673783
METRNL	0.0008929222896915778
CYTH4	0.0008925376844984239
CCL2	0.0008890036393180069
MCTP2	0.0008866772359113789
USP10	0.0008835685504575555
OAZ2	0.0008831415123193547
MLX	0.0008730601365216737
MAP3K3	0.0008722963711834984
CPSF6	0.0008712954189583857
NUP58	0.000867411571673822
MARCH8	0.0008671747175088275
MARK2	0.0008560137496731069
NCF4	0.0008515704135224445
SERTAD3	0.000851320259551933
AREG	0.000849445666655672
AL499604.1	0.0008417240387851208
STK10	0.0008403115041502704
SLC25A11	0.0008367194782142598
RNF34	0.0008365159164130701
NFIL3	0.0008362463445289331
ADNP	0.0008358951868901534
RERG	0.0008336160767674443
AC010240.3	0.000831755536912591
ALAS2	0.0008309703407446348
FBRS	0.0008308980702285971
PIM3	0.0008297397878511368
MMP25	0.0008269793526964272
PGD	0.0008268279673006036
EMB	0.0008261291771002567
XIAP	0.0008242763889545209
OSBPL11	0.0008232576905127582
ABTB1	0.0008222683660883346
MINDY1	0.0008209527354951924
MAX	0.0008206432288166513
KDM2A	0.0008199068096541675
CCPG1	0.0008180971962489577
AC009019.1	0.0008177999726503482
TCP11L2	0.000816982144638295
SERPINB2	0.0008131143358396662
SYF2	0.0008115721964447014
ANKRD13A	0.0008115498688997467
PTPN12	0.0008105668107245134
GRAMD1A	0.0008065851961453036
AC055854.1	0.0008042443396329782
ACSL4	0.000803685958025079
LY96	0.0008030837568894216
MBD6	0.0008019917442808786
HPSE	0.0008018611320139009
VPS37B	0.0008015103252196559
AL021396.1	0.0008006513870991935
VOPP1	0.0007993267293495236
SF3A1	0.0007990881502810366
ARHGAP30	0.0007986128559698637
SERPINA3	0.0007982561709150583
GAP43	0.0007939893580701517
TCIRG1	0.0007933705727432398
POU2F1	0.0007929573960954021
WASHC5	0.0007926636680243303
PDCD10	0.0007917978473834475
PTGS2	0.0007913146720702093
SH3BP1	0.0007884681423017231
XPO6	0.0007880072135556426
ROMO1	0.000787505349066901
SMS	0.0007832203239318887
SP3	0.00078181395797243
FAM53C	0.0007807490155012088
PROK2	0.0007782619684058126
P2RX1	0.0007747925135827082
LRP10	0.0007741787698230154
TMX4	0.0007731771717789335
GNA11	0.0007715781262366289
RBMS1	0.0007715274811124544
IRF1	0.0007651576826245111
MSL3	0.0007642255932637218
STMP1	0.0007607995215154413
ITPRIP	0.0007607297286428146
ZFAND6	0.0007601951116092699
MAP3K5	0.0007601748063855322
PRKCB	0.0007598567659894486
CASC3	0.0007593688836159374
ASPRV1	0.0007592465020981091
PPP3CA	0.0007574363049062225
C16orf72	0.0007566928693564307
GSK3B	0.000755161711273932
MMRN2	0.0007546156107602903
CDK4	0.0007519550705783788
ARHGAP44	0.0007515887139627646
VASP	0.0007495387194881634
MEG3	0.0007453129887550205
DGUOK	0.0007443172213902182
SPOPL	0.0007441198920924986
TRAV21	0.0007437867221424955
NUP98	0.0007433347037684369
CHMP3	0.0007427887507399151
MAPKAPK2	0.0007413657888581837
AL442003.1	0.0007409615716724288
SNRK	0.0007407121304934751
AC103810.2	0.0007405548855699723
SHOC2	0.0007393379291602471
NRBF2	0.0007379946909034624
DECR1	0.0007364704870957464
SNX10	0.0007315843579294286
AKAP8L	0.0007308131764473158
ARHGAP9	0.0007307340140344257
DOCK11	0.0007290045044137012
KATNBL1	0.0007280026687186107
GK	0.00072637100960607
LRRK2	0.0007254971916878281
EGFR	0.0007246517117298819
TLE3	0.0007241397350817212
USP3	0.0007236625260401662
STXBP5	0.000723574307698526
JARID2	0.0007234256736484929
FLOT2	0.0007222526902542116
RAB1B	0.0007220149326564281
RUNX2	0.0007206384665006172
RSBN1	0.0007148449253434739
TREM1	0.0007148360717724519
RNF144B	0.0007147846480755166
CCNDBP1	0.0007146661431418586
PPP2R5A	0.000714318826180992
TXNDC12	0.0007084432997899481
ATP1B2	0.0007067575426026709
GMIP	0.0007060189571383444
NFE2	0.0007044259493147572
C5orf58	0.0007027947106269125
FRAT1	0.0007015330554367694
CLDN5	0.0007004368624769068
CSGALNACT2	0.0007003281188672918
LILRA2	0.0006991348521989754
RAC2	0.0006980655902809336
IGF2R	0.0006975089698382642
CYTIP	0.000695253552452445
MTMR14	0.0006948791406431328
ZC3HAV1	0.0006924657637123441
FLNA	0.0006910812244139776
ERGIC1	0.0006893381264243294
EGLN2	0.0006875043608637825
CXCL2	0.0006865361478156762
IGFBP7	0.0006832706562895926
DHTKD1	0.0006830108205616799
PDGFRA	0.0006818324977372508
UBE2G1	0.0006805956860708412
PYGL	0.0006802231561992873
SLC9A3R1	0.0006798167157312606
HACD4	0.0006782693401617116
RNF145	0.0006776195551209505
MAP2K3	0.0006771691628486119
PACSIN2	0.00067673915359752
TP53I11	0.0006765875123894863
TRAPPC3	0.0006753028936951788
MVP	0.0006751702992483078
FCAR	0.0006743805675986968
AC020911.2	0.0006742329190343722
ISG15	0.0006694329636603344
RIPOR2	0.0006672033797114235
EHBP1L1	0.0006670791143766656
CPE	0.0006657096043937022
GALNT7	0.0006653136122530302
UBE2D1	0.0006635807192307985
TBC1D1	0.0006617292773079267
AP000786.1	0.0006579581325412123
ADGRE2	0.00065694993523289
AHCTF1	0.0006567827341830575
ZNFX1	0.0006561816821636817
IGFL2	0.0006558651968126997
MT1X	0.0006528105897580011
OSER1	0.000652228327746399
AGO4	0.0006516934063004413
N4BP1	0.0006516241434610648
AC009950.1	0.0006505614489383247
ARHGEF40	0.0006493349321540806
MRPL55	0.0006491242754232122
RNPEP	0.0006468573405001151
RABGEF1	0.0006466800417778754
PACS1	0.0006466503506734798
AGTRAP	0.0006460340057156909
AC087501.4	0.0006448877178167013
RALGAPA2	0.0006415334145302156
PAGR1	0.0006402743821940188
SLC35F5	0.0006389006227359385
ISG20	0.0006374892878270717
KMT2E-AS1	0.0006368226659940885
GBP1	0.0006364251236028056
POLR3GL	0.0006356963522380066
LINC00877	0.0006344084562545758
LRCH4	0.0006326721463696888
EIF4EBP2	0.0006298628021180096
ATP1A2	0.0006292663422575992
TNIP1	0.0006285890713558646
IQGAP2	0.0006277326976056531
DAP	0.0006274384967996168
DUSP23	0.0006260248144175413
OSM	0.0006254458920546714
ABHD5	0.0006237743847580936
CHST15	0.0006225806114643228
TSR3	0.000621620809187884
NRBP1	0.0006214044027669308
IL10RB	0.0006212795977054066
IFIT2	0.0006207260955196662
HAUS4	0.0006152566805123634
GLIPR2	0.0006147161424744639
PPP1R11	0.0006127533973778229
PAK1	0.000611526488049028
VCAN	0.0006113452522329143
MOB3A	0.000610694264567653
WWP2	0.0006100859809989263
CYB5R4	0.000609912770530503
C19orf33	0.0006088505778114337
HTATIP2	0.0006079456508071132
SP1	0.0006078165611465406
UBN1	0.0006069119436305056
TESC	0.0006049918969012299
RETREG2	0.0006046408188915752
NUDT4	0.0006045632085873019
CDK5RAP2	0.0006033106080400823
SAP25	0.0006032169697999511
HIST1H2BK	0.0006029307059116883
RELB	0.0006014303723332934
PITPNA	0.0006012612637308118
NIBAN1	0.0006012146811743952
HPCAL1	0.0006008429929090279
EIF4EBP1	0.0006003234404610367
NBPF26	0.0006002285522810404
CCR1	0.0005998580058222687
UBLCP1	0.0005993580530787109
LSM10	0.0005982653023180754
TMOD3	0.000596582505316272
NRN1	0.0005953680848054726
YKT6	0.0005953436929167142
MRFAP1L1	0.0005950176347263964
NRCAM	0.0005949177365431354
PECAM1	0.0005937951787725615
SHKBP1	0.0005931388789832007
R3HDM4	0.0005929908000840917
ABHD2	0.0005928374339909562
NCF2	0.0005924967595720095
ORMDL2	0.0005916459197751856
SIPA1L1	0.0005914358289189742
IL4R	0.000590185987376147
MXD1	0.0005891910002585097
FGD3	0.000588941767666374
IQSEC1	0.0005870443231782677
ZFAND2B	0.0005869113273460303
GYG1	0.0005861808766330591
PPP4R1	0.0005858394076619805
SMIM3	0.0005851488437140851
AC008937.1	0.0005844204982568368
NQO2	0.0005838682443502722
TNFSF13B	0.0005829374851731321
TBC1D10B	0.0005827067153601769
BX004987.1	0.0005810134151613866
PGGHG	0.000580740854192689
AKAP12	0.0005796057845080591
UPP1	0.0005788409222479981
FAM200B	0.0005777037106211702
HEBP2	0.000577440292402155
AL132656.2	0.0005774266776026533
AC012358.1	0.0005773313447368196
KLRF1	0.0005770643267210746
PLP2	0.0005755570779143989
PPP2R2D	0.0005754448854420119
AC010331.1	0.0005749930216432886
SLC25A44	0.0005747628034576302
GBA	0.0005739890351226166
FN1	0.0005723520766726871
IGFLR1	0.0005719589597072583
SAMD9L	0.0005716692753243481
GPR155	0.0005713394972900799
STAT5A	0.0005711949863715138
RXRA	0.0005706630241611431
SAMD9	0.0005699721260397369
RASGRP2	0.0005692043148695427
IKBIP	0.0005688526429827146
UBXN2B	0.0005688480637037847
FOXC2	0.0005656634949373484
TST	0.0005655341339841184
ACBD6	0.000563736392689187
RCOR1	0.0005634623278437206
SEC24B	0.0005614792621942499
NUDT22	0.0005605306803546313
LUCAT1	0.0005593304939323447
CST7	0.000559087311226165
ZC3H4	0.0005588676242952233
THOC7	0.0005573670250585369
SCG5	0.0005563513541269781
FAM49A	0.0005559620564255738
GTDC1	0.0005559594660322144
UBE2J2	0.0005553420816788508
PLXNC1	0.0005548893178760882
METTL21A	0.0005547785719315127
ZFAND2A	0.0005539778396795623
PIK3CD	0.0005538740480219139
CSNK1G3	0.0005534915111794371
SLC35A5	0.0005529458928554246
SELL	0.0005527711990508247
SLC15A3	0.0005525275862571638
NOTCH2	0.0005525006516821262
CYSTM1	0.0005523431330149849
BTK	0.0005513667138321487
NFKB2	0.0005503664456600915
TMCC1	0.0005500544329212791
RAB8B	0.0005479234184418519
CNIH4	0.0005478366120196539
MTMR3	0.000545449627268208
CAMK1D	0.0005442954814864757
ECHDC3	0.0005433998493832588
POLE4	0.0005418377263348782
EXOSC4	0.0005414999428833074
STAT5B	0.0005396711100895449
G6PD	0.0005394071459986459
CEP295NL	0.0005386646841351907
TMEM120A	0.000538285382556278
CARHSP1	0.0005351631539726511
GNG2	0.0005337856571094837
SLBP	0.0005334668541776422
TSEN34	0.0005334470490111704
IL1R2	0.0005332414296154715
SLC6A6	0.0005327623782438049
CBLL1	0.0005320061676605307
GTPBP1	0.0005318238127816323
GRIPAP1	0.0005317775035383059
FNDC3B	0.0005316469309804312
ARFRP1	0.0005315163405121857
LILRA1	0.00053113741000083
DDX60L	0.0005301345706646695
CRNKL1	0.0005299597039881304
MMP19	0.0005296798494620815
NADK	0.0005289095295376153
IRF7	0.0005286751246333979
ALPK1	0.00052738697508205
AC008875.3	0.0005258047334891203
ARID3A	0.000525623654558272
SDE2	0.0005246058205698273
CARS2	0.0005242028295694372
CCDC186	0.0005222086874024827
RELL1	0.000521693599060334
TXK	0.0005213954534414026
DENND10	0.0005213229988049477
CARD16	0.0005205087243044537
HBA2	0.0005203770118773355
AC013565.3	0.0005195957528656334
FGFBP2	0.0005191045558007767
DGKD	0.0005176013332837346
NFYB	0.0005172705532761639
CLIP1	0.0005170014135559838
MBOAT7	0.0005169365798305156
PHF21A	0.000516208402702951
MAP3K1	0.000516084252531413
PGGT1B	0.0005158882086548
DYNLT3	0.0005158242983336246
MTHFS	0.0005156075779631475
MLLT1	0.0005147806915998402
MYL4	0.0005143956398945675
SP2	0.0005140434306211754
BTN2A1	0.0005137356107711491
PDIA2	0.0005136708991651106
TMEM260	0.0005129177812524415
CPPED1	0.0005121437535340175
CASP8	0.0005110038921132384
LIX1L	0.0005105649820554942
MEPCE	0.0005104539650874576
MAEA	0.0005082411246190262
AMPD2	0.0005077851813025119
LINC02362	0.0005076655724218333
C19orf38	0.0005070066097135727
RAB33B	0.0005064516092633053
DGCR2	0.0005040422398960764
ASAP1	0.0005038645433063397
POR	0.0005036809001898614
TSSC4	0.0005034090187777862
CASP4	0.0005026694643133241
RASA2	0.0005014332340821295
COP1	0.0004993899084095859
CD48	0.0004976559504612133
INAFM2	0.0004976019103466002
WWC3	0.000497257444022081
KDM3A	0.0004959607333910416
CMTM2	0.0004957161930888243
KIF21B	0.0004947401485892811
PAM16	0.0004932006552373206
JOSD1	0.0004925693960841761
MSRB1	0.0004915241689499193
ETNPPL	0.0004912250212349682
KIN	0.0004907811774216926
AMN1	0.0004904561822215811
TERF2	0.000490310009283627
ZNF445	0.0004896599786635015
CDKN2D	0.0004891814498139668
GPR27	0.0004888539937324737
ZBTB7B	0.00048730036327410256
LRRC25	0.00048568822097077837
CDC42EP3	0.0004847420838295394
HDAC7	0.0004840091190569988
AP3S2	0.0004838348052520706
PHRF1	0.00048379042269607975
ERMAP	0.00048296570692919836
MTX1	0.00048274542393610397
TAP1	0.00048270904816881773
STIMATE	0.0004819465296278083
DCAF11	0.000481678212900699
PISD	0.00048111198723900956
CCDC88B	0.00048073945144156674
PBXIP1	0.0004797456764985866
FOLR3	0.00047933298929932157
ARHGEF18	0.0004793144042230442
IL12RB2	0.000478798103933308
MAPK14	0.0004771591153345996
TUBA4A	0.00047622594411917215
PARP10	0.00047602729838696836
AC090559.1	0.00047592160736197275
TENT5C	0.000475822902755582
PAFAH1B3	0.0004755431302703581
FBXL15	0.00047487604308873104
TRAV16	0.0004741732287489647
ANAPC15	0.0004741703076717957
CRLF3	0.000473852318854233
SLC66A2	0.0004725869653291641
ZNF524	0.00047250613181663094
MIR22HG	0.000472193207242736
OSBPL2	0.00047218647606668757
ASB8	0.00047160008550961065
CNN2	0.0004710777196041233
EMP1	0.0004706019263375068
AC010761.4	0.0004702236902857257
MSRA	0.00046928838864520353
PXN	0.00046922559566846473
HSDL2	0.00046835869970122886
ZCCHC2	0.0004678637022661013
LINC00662	0.000466884364231314
IL2RG	0.00046685031131044464
EHD1	0.0004659552654364509
MKKS	0.0004659332729049507
SLMAP	0.0004658139779886505
TRPS1	0.00046484961991430075
TLK2	0.0004644304726410624
DLD	0.0004641606901342224
WAC-AS1	0.00046405743804752163
KLHL21	0.0004638346587320278
FAM126B	0.00046373889878598124
MEMO1	0.00046363067996806984
HIF1AN	0.00046355056416092915
NT5C3A	0.000462186828230493
TPST2	0.0004619310154760953
SH2D1B	0.000461332271595257
PARP9	0.0004611373868089671
IFNG	0.0004606169430573944
PSMB8-AS1	0.000460117117809355
ORAI1	0.00045965101464558666
PGS1	0.00045963766183688975
ACOX1	0.00045962024237836054
NKG7	0.00045779302411424685
AC135457.1	0.0004577400803287585
KDM1B	0.0004571494258775998
TNFRSF14	0.00045670164645032676
PTK2B	0.00045664384004034524
DIAPH1	0.00045642739991601217
RPS10-NUDT3	0.0004563976151258657
DPEP2	0.0004559932869623933
GRM7	0.0004547945454938812
RAB11FIP1	0.00045244274247912186
TM9SF1	0.0004522640600073368
RAP2C	0.00045204143825487
PDZD11	0.0004515397695996766
DOK3	0.00045095474777962034
CUL4B	0.0004504304094475434
UIMC1	0.00044943587825430385
KIR3DL1	0.0004485589035616218
TMEM43	0.0004482268817800351
HBA1	0.0004470220254878881
BRAP	0.0004465475577922457
FGR	0.0004458674795427676
GMCL1	0.0004450887334438472
BCL3	0.000444745536633972
CNTNAP5	0.00044431843806325616
SOX18	0.0004441902745344849
RGS18	0.0004439447805104367
PLBD1	0.00044388187325300894
CCDC93	0.00044367680731970295
CHD1L	0.00044294632498570084
RALB	0.0004427303126048772
PPME1	0.00044134294929543713
R3HDM1	0.00044128584125136715
DSC2	0.00044076056932469665
SLC39A12	0.0004406470740503928
NKRF	0.00044025105500232947
CAMK2G	0.0004398004307937893
OLFM2	0.0004395496395386199
CCDC88C	0.0004389564472900688
AC073263.2	0.00043868715648978895
ZNF746	0.0004382916479918398
HIST1H4E	0.0004382706272641533
TDP2	0.00043763590411144713
TNFSF10	0.0004376356272817989
HSPA12B	0.00043636212068366486
GRK6	0.00043596550809537227
CNOT3	0.00043550308699943045
SRPK1	0.0004352854532069662
SLC1A2	0.00043450447760780064
HRH2	0.00043384828907094966
C15orf39	0.0004332337466908195
PPM1M	0.000429675892301367
ICOS	0.0004286432229838539
TBX3	0.0004285149243360292
GNL2	0.0004281942591800143
FOXO4	0.00042762875804848693
IGLV3-10	0.00042699511471421035
ATP2A3	0.00042460464703340074
AC004817.3	0.00042434718440453656
HILPDA	0.0004237950577099001
TMLHE	0.0004229722489897532
IPO8	0.0004229329616927474
GPKOW	0.0004225350185687354
BTN3A2	0.0004222547570073042
ECE1	0.0004221625416298869
ISY1	0.00042175620883051155
ICAM3	0.0004212369511723584
EPG5	0.0004209835034536745
RNF19B	0.00042008467507504105
ZNF316	0.0004196392142426531
RAE1	0.0004195165520511765
FAR2	0.00041857217891295246
TRBV16	0.0004175226015178632
SCRN3	0.00041744653254993067
TMEM140	0.00041735913366617704
AC025423.4	0.0004169929122668976
MT1E	0.0004166815481902867
E2F3	0.0004151062350290191
TMED8	0.0004145032476163829
GADD45A	0.00041421165381973554
EIF4EBP3	0.00041392883819970744
AC018690.1	0.000413602239442785
IGF1R	0.00041268389273016855
AL021707.1	0.00041218974555778677
DEDD2	0.0004121879479881552
SNX11	0.00041145102342111066
FAM222B	0.0004110555599866249
RNF135	0.00041082996930499763
CYFIP2	0.00040962108435353787
ARC	0.00040942345100483896
MYD88	0.00040908791739499486
STK38	0.0004087473671591652
FAM210B	0.00040835154344680627
LPCAT3	0.0004082708839974262
PRF1	0.00040812561656514715
TRAV8-4	0.0004080294491250117
AC092125.1	0.00040784764220667724
EXOC6	0.0004077558276439739
AC020978.6	0.0004075850481242026
MRPS6	0.0004068342699093593
STK16	0.00040596938408873125
NLRC5	0.000405917565499365
ZNF107	0.00040547115197968434
CYP4F3	0.00040512397336201107
VKORC1L1	0.00040352258252399076
KBTBD7	0.0004032027072409557
ZNF467	0.0004024881347831609
CCDC28A	0.0004024399683352522
ODF3B	0.000402427438377888
TMEM185B	0.0004024027071349407
CRIP1	0.0004020214221706217
ISM1	0.00040171975794227625
STX3	0.00040171082308214584
CYTOR	0.0004011485653120362
AC005332.3	0.00039952662978158944
JAK3	0.00039930418081080417
PRSS57	0.0003988494766989683
HLX	0.00039880523293450335
HERC5	0.00039861303422455876
ZC3H12A	0.0003985500145024724
HIST1H4K	0.00039839780563987327
AC008507.4	0.00039832390863846055
FRAT2	0.0003980198381458824
STK11	0.00039735090619680383
ITGAL	0.00039727710835636156
TMEM11	0.00039709251495779633
LIVAR	0.00039704209244482926
ATG9A	0.0003967714367473045
IL7R	0.0003966419902236258
TMEM154	0.00039579226278777283
AC017028.2	0.0003953859150676078
FBXW2	0.00039293210830387707
SURF2	0.0003928917222527155
GEM	0.00039218131170856366
NTAN1	0.0003918634908474089
RRAGD	0.0003916715837076619
AL121757.2	0.0003912082972633138
CLEC4E	0.0003907042090625769
XCL1	0.0003902635374364773
MCTP1	0.00038984441748353963
APOBEC3A	0.0003882572501074209
TRIQK	0.00038760421922762796
PEX11B	0.0003864222123549874
GZMB	0.0003863198644460454
ZNF44	0.0003862131788019865
CAMKK2	0.0003859947144686749
CFAP58	0.0003854735522116323
CDH2	0.0003853370365861806
SYNE2	0.0003844917731146677
ZBTB34	0.000382667501234847
AL121985.1	0.0003822377132146074
KLRB1	0.00038178209720951913
AC103724.3	0.0003802051311289816
COMP	0.00038008404215420145
SRF	0.00037832631632010646
C5AR2	0.00037805695520492697
OSER1-DT	0.00037803670057766744
LIMK2	0.0003775956370353974
NMI	0.000377339472879909
AL121672.1	0.0003761929122543606
EXTL3	0.00037587827049836525
FBXO22	0.00037583761057934003
RNF24	0.00037582117092951943
ACVR1B	0.0003757935716169319
LYPLA2	0.0003756731581157628
IL10	0.0003756643910235694
AC118758.3	0.0003751643006836394
IFIT3	0.0003737502403519625
RASGRP4	0.00037368401997422767
CANT1	0.00037328120205391596
CASP10	0.0003729530988133686
LILRB2	0.0003723031412280394
TMEM91	0.0003716782300155605
SYTL1	0.0003715038220554817
LAMA2	0.0003714002590010822
MED25	0.00037048792819624043
PITPNC1	0.00037018653510885636
PPM1F	0.0003701021888911438
AP5B1	0.0003682593161970199
ZNF254	0.0003675463218879969
TMCO3	0.0003672215983734029
ORAI2	0.00036687309573627046
CHD3	0.0003659310363591201
ZNF138	0.00036534037259223524
DAPP1	0.0003640258543293035
TENT4B	0.00036387638098992533
SIRPB1	0.00036220609908500155
CTDP1	0.0003619039433253422
ULK1	0.000361694715205888
RMI1	0.0003614623648306257
NBPF14	0.00035997693401179816
LILRA5	0.00035914883546086894
DHX34	0.000358835390305428
ATG2A	0.000358601093065794
TP53INP1	0.0003576673398733515
PHTF1	0.0003571445717585057
STK40	0.0003559946926945293
MHENCR	0.0003551941815054366
EMILIN2	0.000354207581109678
TBL1X	0.0003526686831963732
FCGR3B	0.0003502536517870972
IFI27	0.0003501588197954898
SBNO2	0.00034969964818548437
PER2	0.0003477042740839408
TNFRSF10C	0.0003464465287115952
TNIP2	0.0003459321075688809
SOX6	0.0003452722235628466
TSTD1	0.00034487811165475224
ANKRD22	0.0003447756409786796
AC005632.3	0.0003446079289338111
CLEC4A	0.0003444122461954175
TTC9C	0.00034401064293961497
SNN	0.0003417259357040128
LINC02432	0.00034103713098933584
FUT10	0.00033938149437791505
APOBR	0.00033891260393508567
TRIM58	0.00033875602022363733
GCLM	0.00033816458086591956
BCHE	0.0003372139578586198
CCDC9	0.0003369841695986703
AC023157.3	0.00033695780308928396
FAM107A	0.0003366100894645848
B3GALT4	0.0003357901641982283
LINC01001	0.0003353834088846943
CD300LF	0.0003353689783254449
EFCAB5	0.0003351888038388814
WAKMAR2	0.0003347865672992243
PLAC8	0.00033474706613248413
BTN3A1	0.00033420137739825285
MRVI1	0.00033395990756408643
CNEP1R1	0.000333770571082812
ACAD10	0.00033340471726654307
TMEM131L	0.0003320055108035169
Z83847.1	0.0003317443606588239
ZNF619	0.000331194742613264
XIRP1	0.0003308131918600613
ZNF429	0.00033053595751158046
ZBTB21	0.00033009820014590915
ID3	0.00032997104850872414
MX2	0.00032953298670526274
BCR	0.00032934173367656604
IMPDH1	0.00032908909759288003
SMARCD3	0.00032864891067162054
USB1	0.00032805613708940804
NAPRT	0.0003275180668288234
ZNF250	0.00032746393004357314
PRKD2	0.0003267102515371901
THBD	0.0003266468135248873
RASSF3	0.00032432743201825864
SMIM27	0.00032388010363239305
BIN3	0.0003238120759485403
RAP1GAP2	0.0003235559254679123
ELF4	0.0003232210487413618
LINC01888	0.000323198505319541
HOTAIRM1	0.00032299176178957533
NRXN1	0.0003218013331197967
UNC13D	0.00032165507358757647
AC016831.5	0.0003216212061162767
AC005920.1	0.00032132754549700894
PELI2	0.00032064792179153294
NAA30	0.00032008207932383045
ZDHHC18	0.0003198340901421426
RTCA-AS1	0.00031905131487707753
TMEM71	0.000318049652178002
ARID3B	0.00031723853087348364
MARK4	0.0003171900991430749
SOX11	0.0003165432349075138
RHOF	0.0003153542566011152
ARNTL	0.00031500535656872386
PHKA2	0.00031378302990707875
STYXL1	0.0003128748912353684
KYAT3	0.00031265308469723596
AC016821.1	0.0003123557883153577
CXCR1	0.00031207401682819836
CFAP36	0.0003115950696307818
NBEAL2	0.00031131381923772954
FES	0.00031108386758635766
HCP5	0.0003104852169637627
PDK1	0.00030996888071145606
RPGR	0.0003093260814001546
AL138995.1	0.0003092974359902834
RALGPS2	0.00030870872660915103
MS4A1	0.0003072272140378364
ZBTB18	0.00030711507603610146
BBC3	0.0003069918113350625
PLPPR2	0.00030657929143749856
ABHD4	0.000306130265183121
IGHV1-3	0.00030527971378760025
SIRPB2	0.0003052610829008719
SEMA4B	0.0003050813137246297
STEAP4	0.0003050234383030668
MAFK	0.000304269015653011
ZNF346	0.0003041712325516334
SULT1A1	0.00030414136928653203
MAP2K6	0.0003033987922245214
ARL11	0.0003023765252458942
WDFY3-AS2	0.0003018439869181745
MIR155HG	0.00030065395163990713
C11orf96	0.0003003985933358263
RFTN1	0.00030004539642981566
TRIM21	0.00029944339159669467
ZFYVE1	0.00029935865034552196
ZNF319	0.00029899502792313893
PPCDC	0.0002986698103602935
AC008761.1	0.0002972245042825663
LINC00467	0.00029716465769886986
SMIM25	0.0002971216322858949
TRIM25	0.00029615037588243506
GABRA2	0.00029586026785533015
CSF2RB	0.0002957212520285191
TBX21	0.0002955919918209973
ACAP1	0.000295444788742009
JAML	0.0002952721879604692
RAB37	0.0002949331074619032
LHFPL3	0.00029457314041142946
DHRS12	0.0002942883028178577
AC007298.2	0.0002929117141632255
POLD3	0.00029250832282399266
KLRC1	0.0002923173796110492
ZNF438	0.0002917492351672167
IFIT1	0.0002917162638566124
B4GALT5	0.00029158169895135996
C16orf54	0.00029087248016624614
AC007032.1	0.00029062196732304894
CKAP4	0.00029053182899338643
SESN2	0.00028987968435529107
MMP16	0.0002895566398873179
AC020656.1	0.00028909984918276834
SLC19A1	0.0002871819872327249
GAPT	0.0002867757474776509
KIF3B	0.0002863482343022798
SNTB2	0.00028599048685949073
AC010210.1	0.0002855546345705543
FAM89B	0.00028482084788265306
LRRN1	0.00028445139222056697
TNFAIP6	0.00028440743653378235
AL391335.1	0.0002840208255670216
AC044849.1	0.0002836092303921573
HEMGN	0.00028345296113914615
GRB10	0.00028309978482272036
BPGM	0.00028248073049892534
AL157762.1	0.0002820851133134643
BCORL1	0.00028201684458640424
AP001033.2	0.000281952439940427
LTB	0.0002818294912054738
FLT1	0.00028149813260579736
INKA2	0.00028136461398586094
ACTN1	0.0002806071116010705
HBM	0.00028039931704381093
AC091965.1	0.0002803341924041338
RARA	0.0002797516586565371
EPB42	0.0002797112919541858
XKR8	0.0002792252345298174
LMNB1	0.0002789325276609666
SCG3	0.00027874865337347365
CTSW	0.00027865385703854546
LMTK2	0.00027835015666796085
GPR160	0.0002777195695863313
NGFR	0.0002774665536825064
RAB3D	0.0002773985043866203
MIR4435-2HG	0.0002773923126595841
HIGD1B	0.0002770176206310375
HIRA	0.0002769418038279616
KIF27	0.00027656364257905915
ARG1	0.0002765239161424013
AL606834.1	0.0002764229549507123
CCDC71L	0.00027608574846928587
VPS9D1	0.00027603049508441425
TBC1D8	0.000274790430025394
ANGPTL4	0.00027422975013570054
ZNF487	0.0002739751156851382
AL162377.1	0.0002737532089164034
CRADD	0.0002737010884275648
CNTNAP3C	0.000272766942164669
THBS1	0.0002721334720789174
P2RY8	0.0002719193611357989
TBC1D10C	0.00027183630592098637
HIST1H3D	0.00027182562232975913
FAM209A	0.0002712324733388473
GZMK	0.0002710805021444556
QPCT	0.00027074280235564593
CEP135	0.00027039741409393755
HIST1H2AK	0.0002699805783754011
IGHV3-48	0.00026987739198772826
TRGV10	0.00026967794766377505
KIAA0040	0.0002690705359649819
C3orf62	0.000268627274207051
CSTA	0.00026855883029248414
SLC25A51	0.00026850931149359025
GPR171	0.0002682527374655488
ZNF516	0.0002678310063801809
TPST1	0.00026777248600181203
EIF4E3	0.0002673797978885794
DACT1	0.00026692864675043304
AC002091.1	0.00026666113568206466
BX284668.6	0.0002652540114487044
RFX1	0.00026505322790339224
PGM1	0.0002648838928095147
RNASEL	0.0002644235897411599
PDLIM7	0.0002642225222867103
ERLIN1	0.00026419928710855753
LTB4R	0.0002637757162046415
SLC45A4	0.0002632958191441995
TRIM65	0.00026286982718610303
GRIN2C	0.00026281496078697894
PIM2	0.00026259718344177543
CCN1	0.000261879724181347
OLFM1	0.0002614219873012745
ING2	0.0002607975131210302
TUBB1	0.0002604272299631821
PITPNM1	0.00026001443140862614
CARD8-AS1	0.0002598764008854374
SLC25A53	0.0002598537914394476
RNF217-AS1	0.0002597429647763189
PGLYRP1	0.0002596759578979153
VAX1	0.0002594478432501056
AC125437.3	0.000259420709931066
AC009948.3	0.00025806031698989614
ZC3H3	0.0002579990757754103
RAB27A	0.0002579426666765915
FURIN	0.00025773925523670156
PSPH	0.0002576376828252471
AIFM1	0.0002576161838864813
TRBV20-1	0.000257574394004569
FAS	0.0002572723313160961
AC005392.2	0.0002571913593795643
LINC01381	0.0002569513423072957
ZNF667	0.0002565581651545656
CDH23	0.0002565538128280148
PSTPIP2	0.00025635885911604766
NUAK2	0.00025634434638018754
MPP7	0.000255999300427982
TRBV27	0.00025549314785787766
CCDC126	0.0002554417651711753
MYCBP	0.0002546778336596317
CLIC3	0.00025430453761185934
AC083862.3	0.00025394044919441254
HIST2H2AA4	0.00025353812043530554
BX842242.1	0.00025342136659996483
TAGLN	0.00025320716998924407
AC132192.2	0.0002531320142859141
IL1RN	0.0002528553650613015
SPATA2L	0.0002522095638043741
ZNF646	0.00025068923536341605
PM20D2	0.00025038229404620693
AQP4	0.0002497928689197856
CAMKK1	0.00024957237142592543
NFAM1	0.000249289222881531
METTL4	0.00024922959073850733
SH3BP5L	0.00024877922784701656
PSTPIP1	0.00024812323193426026
MUSTN1	0.0002474075663466783
CNNM4	0.0002471675828875634
XCL2	0.0002466425159182463
ADRA1A	0.0002461622156583972
PPP1R3B	0.00024589546274497574
TIMP3	0.00024525579208453907
LINC00906	0.0002450836610225067
KLC4	0.000244825966162209
HIST1H4H	0.0002438201395105077
TES	0.00024354001612881602
AC011816.2	0.00024321125914493827
AC073569.3	0.00024319435112320537
PPP1R3D	0.00024317023409975737
AL022315.1	0.00024311203776158756
CHL1	0.00024310724582719405
RFX2	0.0002421134575502965
AL356804.1	0.00024128741569296385
AC018552.3	0.00024078780351161297
PRDM16-DT	0.00023928911488642877
CEACAM3	0.0002392175539355185
TIFA	0.00023906444443184125
AL451165.2	0.00023886316338667509
PLEKHA8	0.0002379192579349429
CXCR2	0.00023785517872667116
AP000593.3	0.00023778092768376037
ZNF200	0.00023735696585234725
AC007686.4	0.00023649686584247375
FLT3	0.00023641440468462934
ORM1	0.0002359702969673969
ITIH2	0.00023577451431468381
AC015871.1	0.00023557288458613167
AC078846.1	0.00023541170936753757
GPX3	0.00023538799688326212
MGP	0.0002352807556023868
LILRB3	0.0002351982956119341
SLC6A13	0.00023400262074201476
DEPP1	0.00023328193154588086
C1RL	0.00023304378547132286
TRDV2	0.00023200966605780362
SCO2	0.00023174560725162247
MDM1	0.00023162159946546923
VNN2	0.00023137853388284607
MLKL	0.0002311985810135301
AC008567.3	0.00023053499383865524
NBPF9	0.0002304571774753925
C17orf107	0.00023042968244301493
HBQ1	0.00023023903268771219
AC099811.5	0.0002301048444433342
SH2D3C	0.0002294191833967239
FADS2	0.00022932690412816423
AP000879.1	0.0002282389521742793
LRWD1	0.00022810747013065735
ITPKC	0.00022802327620909818
AC009133.3	0.00022778337132169432
CRISPLD2	0.00022768840273864466
SNX20	0.0002276833863000636
GJA1	0.0002276450233767992
KPTN	0.00022754461264068183
SLC5A3	0.00022750863121381444
AC009495.3	0.0002273842726185976
COL3A1	0.00022692470931064566
FAR1-IT1	0.00022683197470159327
AC073140.1	0.00022652911187689257
ST8SIA6	0.00022636344344246397
AL359094.1	0.00022632484923803314
TACC3	0.00022626216037045506
SLC9A1	0.00022617084350062358
CRYBG1	0.00022606147199572303
NSUN7	0.00022564981740535856
ZNF273	0.00022564664941215938
MANSC1	0.0002251244437550506
FCER2	0.00022500777021967544
GP5	0.00022495683113813974
AL512303.1	0.00022492942583379164
VPS13A-AS1	0.00022482132541591573
ZNF574	0.00022449183834773512
TRBV9	0.0002244249757285447
IMPA2	0.0002244125352149983
MYO1G	0.00022418607977949312
AC090510.3	0.0002239830471548974
AL590491.2	0.00022388914739851308
OSGIN2	0.00022304867921337694
APOL2	0.00022288724708999962
AL590822.2	0.00022277547826623606
PDE4D	0.00022261913583299225
SCAANT1	0.00022260956331658622
CCL8	0.00022154163637969846
CCDC61	0.00022135271078014084
GRAPL	0.00022121376187283554
OASL	0.0002207816167015183
LINC00211	0.0002205150936566028
AC005280.2	0.00022031745480411487
FO393419.2	0.00022026831571316568
AC012508.2	0.00022004052127864806
AC022966.1	0.00021999279409126753
INHBE	0.00021953414814031508
TRIM74	0.00021950831615591754
RSF1-IT1	0.00021911562239716
AC003991.1	0.000218859783055046
AL163952.1	0.0002185606970334798
AC027290.1	0.00021827594791387186
AC026725.1	0.00021807216631034468
LINC00538	0.00021741082623402984
KIR2DL1	0.0002173762173956314
AC010132.4	0.0002173445492258115
TRBV6-1	0.0002167768986984858
RETN	0.00021667360898175371
AQP1	0.00021657208306345694
FAM174B	0.0002159011065462083
DNAJC3-DT	0.0002157113663472556
CXCR6	0.0002156921668171989
CATIP	0.00021537280811688807
AC215522.2	0.00021530175259962164
AC025262.4	0.00021502765137196002
IGKV1-27	0.00021490735638916598
ZNF408	0.000214094679067177
SLC30A3	0.00021408543235433537
INAFM1	0.00021380430647247162
PFKFB4	0.00021365041699965254
ADAM8	0.00021358733289189726
CLIC5	0.00021315248830820285
IL18R1	0.00021310026079806042
ARSG	0.00021276265568236872
LGALSL	0.00021257245562039892
AL050403.2	0.0002122696071349161
ZNF93	0.00021226632145203225
CCK	0.00021182734865105918
AOAH-IT1	0.00021115873385029255
SLFN12	0.00021114611293675836
GFOD2	0.00021037523896613717
KIF5A	0.00020988263480527933
RFLNB	0.00020969024356548587
CLNK	0.00020954145830156601
PEX11G	0.00020933938736613202
AC016831.1	0.0002089259807139029
SULF2	0.0002089174055838219
PDZD3	0.0002087311972549281
NRGN	0.0002085893156854595
EXT1	0.00020829282303602738
LINC02207	0.00020827339851438442
AQP9	0.0002079718543115643
LINC00482	0.00020741467265213275
AL358334.4	0.0002067621529092758
ROBO2	0.00020652986402350183
TTPAL	0.00020621695534551825
AC020703.1	0.00020583655803301328
TNFSF14	0.00020576581294919706
ARF4-AS1	0.00020575714898951353
CENPF	0.0002048823839452401
SLC37A3	0.00020350305059473956
GBP5	0.00020229563392983813
RGS14	0.00020226956774780833
PCDHGC3	0.000202163229429292
C11orf21	0.00020204572427860148
PLIN5	0.0002015994983778041
LINC00324	0.00020145875550238478
APTR	0.00020121631066177475
SH3BP5-AS1	0.00020115360474072
PHF13	0.0002010850534634211
OPLAH	0.00020106894699320463
AC016831.7	0.00020024533166773645
MIR34AHG	0.00019883228154943532
CCL20	0.00019828774389744097
PRAME	0.00019825795058812294
LATS2	0.00019738734416646642
TNR	0.00019716734849916292
LPAR2	0.0001957338378262197
IL6	0.0001953578689059267
SLC4A4	0.00019512295062770093
ANXA3	0.00019510885946348038
CYP1B1	0.00019510723812966822
CLEC12A	0.00019393368834561925
ZNF836	0.00019313989217245345
TAFA2	0.00019283176295466076
AL022328.4	0.0001917647592967644
NNAT	0.00019168643605591728
GPAT3	0.00019156665399816986
AP001372.2	0.00019071891822530033
CERNA2	0.00019068995562366773
AC003681.1	0.000190041076529903
RAB42	0.00019004049949682781
AC079209.1	0.00018802668656892535
AL356356.1	0.00018798416461717602
SEMA4A	0.00018779257915150824
S1PR4	0.00018732225029104377
AL391832.3	0.00018619237289054527
CHAF1A	0.00018618406432829623
DHRS13	0.00018519898879930274
FPR2	0.00018405416558336485
LINC00173	0.0001826192333110715
FOXP1-IT1	0.0001812229233226841
PDCD4-AS1	0.00018098459258429817
NCAN	0.0001800805024207869
MAP3K20	0.00018006308782701007
GPR141	0.00017861818617598575
RND3	0.00017850132996449466
SPON2	0.00017794121800436102
LINC00852	0.00017724777662125163
HAL	0.0001739290507711071
ST3GAL2	0.00017367591941434078
AL445524.1	0.00017292458247117153
AL139246.5	0.00017252402134072497
KLHDC8B	0.00017249464281817524
ADA	0.00017228848756326893
TCN1	0.00017209723502352185
MFSD13A	0.00017191971156712933
LINC02649	0.00017189295145959426
BST1	0.0001717686398093725
ALDH1A2	0.00017170083968810846
ABCA7	0.0001712085062197389
BATF	0.00017102137119499134
PDSS1	0.00017100185132836666
MMP25-AS1	0.00017081545946790792
MCEMP1	0.000170436313298589
CXCL3	0.00017043497196311502
DCX	0.00017002838585930866
PCDH15	0.00016975526067387962
LMO3	0.0001695025717194269
OPRL1	0.00016933985352065727
CLEC4D	0.00016784498308961563
CD24	0.00016698788264273207
MGAM	0.0001665907582942848
TMEM164	0.0001665094444732644
DGKH	0.00016618268113678572
SECTM1	0.0001658343278494834
LINC01002	0.00016538046612366296
F2RL1	0.00016520213294617524
AC007608.2	0.00016504042162282973
AC104695.3	0.0001649544231411547
AL627309.5	0.00016478712502577655
HIST3H2BB	0.00016464392598162692
KCNIP4	0.0001645111541315205
AC010186.3	0.00016407401530778496
ZNF486	0.00016386269339452149
AC116366.1	0.00016345853784217748
AC093157.1	0.00016204584281405326
SLPI	0.00016201862228522277
IL18RAP	0.00016167801219087858
LINC00309	0.00016123607255177919
CHST2	0.00016106849877180044
ZDHHC19	0.00016055438239756528
ALPL	0.00016026627137588414
ADGRV1	0.00015981264604491557
EEF1A2	0.0001595379763220464
TTC21A	0.0001594551742965091
CXCL14	0.0001593033065371929
F3	0.00015927793546697983
AC120193.1	0.0001590388207241588
LINC02762	0.00015859593868104975
VNN1	0.0001572026164610345
ELF3-AS1	0.00015693846435578773
AC092368.3	0.00015692159331734688
HK3	0.00015666637668065224
CSPG4	0.00015648973311246616
MIR3945HG	0.00015566115679129381
MICAL2	0.00015563979212149004
ACSL6	0.0001547748196317737
CRIPAK	0.00015450664170341328
MADCAM1	0.00015448631337099786
NDUFA6-DT	0.0001544559704290578
TBKBP1	0.00015425446375307573
NUP50-DT	0.000154185836160448
RAB7B	0.00015400609958019518
ARAP3	0.00015307030848641485
CD1D	0.00015305586936627635
DLL3	0.00015289283522606196
RGL4	0.00015263857681227034
CR1	0.00015260833655949052
TRBC1	0.00015259747625879643
UTS2	0.00015233051686576942
CCL22	0.0001515102601784571
C15orf48	0.00015106014194253664
AL139353.2	0.00015099838165277281
IL10RB-DT	0.0001507775403023306
RANBP3L	0.00015051247133906063
MPZL3	0.00015044768139964746
CXCL10	0.000150045997190134
TNNI2	0.00014993736846238552
MIAT	0.0001496678423906097
NATD1	0.00014957237073898725
MELTF	0.00014952161225706198
TRIM68	0.00014940920716527775
TIGD3	0.00014881123708322018
LUZP2	0.0001484447208109381
MT1G	0.00014840905579167172
AC017083.1	0.00014810870760331707
ITGA7	0.0001476792356673801
AC015912.3	0.00014658374354430278
CA12	0.00014656355128251595
CLSTN3	0.0001463093134358725
AC011445.2	0.00014587391277508905
BGN	0.00014536219187419438
SH2B2	0.00014513236985764117
ZNF419	0.0001448404601648925
GPR176-DT	0.00014476872492818436
TLR8	0.00014452899638485434
HIF1A-AS3	0.00014451801462537982
SEC24B-AS1	0.00014428357779628062
B9D2	0.00014387386882993392
IGLV1-40	0.00014360473695710578
PHYHIP	0.00014280462698214942
VAV3	0.00014130402292141764
SLC16A6	0.00014097632121403943
SENCR	0.00014080224577551115
FAM157C	0.00014055864378625834
KIAA1324	0.00013985283865100415
AC011472.2	0.00013915808960509457
PSMD6-AS2	0.00013913906410519287
CDK14	0.0001380641283212101
CEACAM4	0.00013727543712422038
MGST1	0.00013686412524899365
RASD1	0.00013686068724487845
AC004241.3	0.00013674950869274475
AC006504.5	0.00013674779390109907
APOL1	0.00013654988484128637
LRFN1	0.00013617664946663976
ANTXR2	0.0001361353019518623
IGFBP3	0.00013601997981918732
CXCL1	0.0001359213852932935
GLTPD2	0.00013578107120936064
COL4A2	0.00013574309283393324
FFAR2	0.00013544253563323093
AC083799.1	0.00013529741308436014
ANKRD34A	0.00013497528977819294
MKI67	0.00013491567406939155
VIM-AS1	0.00013479263268730422
SLC8A1-AS1	0.00013479174029586683
ST20-AS1	0.00013478331597409089
TNFRSF11B	0.00013409953778843717
CENPE	0.00013406461563711213
THBS4	0.00013374208326081115
AC145207.2	0.00013362630006277866
AC096667.1	0.0001336042483913369
PEAK3	0.00013322855559558814
IRF4	0.0001328243270353994
TMEM265	0.00013225909030758264
MROH8	0.0001319729780520684
GPC2	0.00013162985716216172
LONRF3	0.0001315471473219765
AC130650.2	0.00013148478720033358
ZNF674	0.00013124973065417212
AC005050.3	0.00013119771281716914
AC010680.3	0.0001311554028792545
LXN	0.00013112160166839175
MARC1	0.0001308940740187248
AL035071.1	0.00013070378893888053
GPR17	0.00013069891491018388
MEFV	0.00013045405504240703
KREMEN1	0.00013014914028176413
WFDC3	0.00012951299247061755
CCR7	0.0001295092984635349
EMILIN3	0.00012882533832289444
STS	0.0001281949270336139
UBE2C	0.0001279053219911727
TRAV13-2	0.0001278329930686729
TRBV4-2	0.0001275722437134333
TOP2A	0.0001275333291176385
LINC01004	0.0001275282294298537
SULT1B1	0.0001272211310939444
RORB	0.00012698289330644052
SDK2	0.00012695361413172886
HEY1	0.00012693421609858725
Z99496.2	0.0001268978627086453
AC116366.2	0.0001268349634446202
AC002467.1	0.00012678530807264324
AC005674.2	0.00012634659267156308
TNFRSF4	0.0001260091868605091
STX17-AS1	0.0001256601531633554
CRLF2	0.0001253321155462808
SPAG1	0.00012529140791291528
MCM8	0.00012494511486885944
AL583722.2	0.00012482697725380482
HELZ2	0.00012466447879175898
CTSK	0.0001245315494500732
MXD3	0.00012373407017538673
LILRA6	0.00012372493747910183
AL356020.1	0.0001235129029738864
LINC01506	0.00012347765888345554
LINC02384	0.00012335024618441402
EFEMP1	0.0001233130303793786
MT1M	0.00012307814897683251
EPB41L4B	0.00012192270937714267
KIR2DL4	0.00012177935759644986
SRXN1	0.00012132430974928852
EREG	0.00012126520825235241
IGKV4-1	0.00012118930854977454
MSC	0.0001210963360167447
LRG1	0.00012098981746499692
PPP1R1B	0.0001208247187241143
TIMM8A	0.00012058905417112976
ZNF185	0.00012037710210414814
MAGIX	0.00012035101995224129
RRAD	0.0001190481342417065
EPHB1	0.00011859126956823296
LHFPL5	0.0001184971296576269
ROPN1L	0.00011828994124392851
DGAT2	0.00011812281908091261
ZNF20	0.00011785556599191287
NPTN-IT1	0.00011778381546733761
MYO7B	0.00011774779964834855
TRBV2	0.00011757564572005914
FGFR3	0.00011754881442839886
ICAM4	0.00011724232962430203
MAK	0.00011689756419534535
COL11A1	0.00011665420085969757
SNTB1	0.00011660955422144735
TIAM2	0.00011560193805561216
LNX1	0.00011533203987696235
AC009962.1	0.00011530282028588802
MAPK13	0.00011527015731684442
NID2	0.00011495450423011704
U62317.4	0.00011483893078864176
CEP19	0.00011471610546764569
AC092117.1	0.00011453879225814134
ANPEP	0.00011431879683482592
PAPSS2	0.0001140727732807066
LINC00910	0.00011367344832712595
ASF1B	0.00011303136133055084
AC004846.1	0.00011302443971720512
ADAM19	0.00011290961670530744
LINC00937	0.00011242886544705102
KCNJ16	0.00011179016820204516
ZBP1	0.00011170056150291548
FOXP3	0.0001112685732236694
AC004974.1	0.0001109288156510991
AC106739.1	0.000110764850020898
ADGRG3	0.00011052906602745211
Z99774.1	0.00010973165714993215
PDGFRB	0.00010925498987632217
KIT	0.00010921044144072849
SIGLEC5	0.00010890673972434722
MPZ	0.00010821180378325457
NOD2	0.0001079598540426368
AC132872.5	0.00010731864158332804
AC112253.1	0.00010720435850450206
AC004846.2	0.00010701726097403461
AC020913.1	0.00010684432481598109
IGF2BP2	0.00010680842619477389
AC080112.4	0.00010644643986171878
AL160272.1	0.00010589344645579253
ATRNL1	0.00010574199586117718
LPP-AS2	0.00010569887621624816
GALNT3	0.00010561499538221633
NLRP12	0.00010527736757664492
DPP4	0.00010526167323532124
PF4	0.00010520356753792737
GPR174	0.00010499300000292185
AL135818.1	0.00010498286674503092
FBXO40	0.00010459639396593605
CT70	0.00010456878268211308
NCAPH	0.00010410276486283629
NANOS1	0.00010401113561500881
AC004241.1	0.0001039824891879314
CAVIN2	0.00010366475471430203
SLAMF1	0.00010340098978721778
AC015871.4	0.00010317294865544517
PAPLN	0.00010276335374801709
AC133919.2	0.00010270803756612052
LINC00243	0.00010270490781770916
PCDHGB6	0.00010267755897386674
TRDV1	0.00010246085346957986
TRAV4	0.00010143594135886195
CD36	0.00010125591028235888
SCN1A	0.00010107048948926717
AL390755.1	0.0001010356039380788
KIAA1257	0.00010092500163556653
HIST1H2AJ	0.00010085204119028033
CD28	0.00010078668563462655
IGKC	0.00010076447262747782
NR2F2	0.00010073647175346446
CRTAM	0.00010049386875880222
ZNF454	0.00010023550537094045
AC004540.2	9.990424145772341e-05
SNAP25	9.974980943213143e-05
NLRP6	9.933989225814715e-05
RASA2-IT1	9.928703093138724e-05
POU5F1	9.921241789771558e-05
CDKN3	9.906675487967751e-05
AC124283.1	9.899608720746998e-05
CD177	9.893159810083084e-05
STIM2-AS1	9.879040139338127e-05
AC135050.6	9.863342288788541e-05
CCDC36	9.806085856346245e-05
TRAV5	9.774284761776913e-05
AC130343.1	9.774201365281565e-05
AC011899.2	9.770727103156873e-05
LINC02259	9.748407598035591e-05
NHSL2	9.745369048625876e-05
RAI2	9.74500232532749e-05
AFAP1L2	9.726409585203628e-05
ZFHX4-AS1	9.706898551424883e-05
AC106795.2	9.695937259908225e-05
CD79B	9.673743470096312e-05
AL603783.1	9.65840082756552e-05
CFH	9.62935872740106e-05
TRAV12-2	9.626049949788346e-05
SVIL	9.610884289914051e-05
RARA-AS1	9.610040231737401e-05
ADORA2A	9.574945129092337e-05
BEND7	9.569441537652526e-05
AC007938.2	9.539080275986636e-05
VNN3	9.52078033923004e-05
AC025165.2	9.512128605046368e-05
DNAH7	9.502175538183806e-05
AC009509.1	9.499538103204663e-05
CRYGN	9.479242400284128e-05
CCDC78	9.472692479142234e-05
GNG11	9.411928328856486e-05
TM4SF1	9.409354088234715e-05
AC132872.3	9.405266711239218e-05
ST6GALNAC2	9.379738667987112e-05
AL161665.1	9.358535577125502e-05
SLC16A4	9.354736588285661e-05
AL356417.3	9.345493961166125e-05
AC025682.1	9.344702542274619e-05
AC005224.2	9.343975260362342e-05
AC103769.1	9.319084325607051e-05
AC010624.5	9.303486034962534e-05
ADIRF	9.297479914178213e-05
CCNT2-AS1	9.267966269690687e-05
ANGPTL7	9.24763682342871e-05
MARCO	9.243409366981151e-05
AC018607.1	9.237965954364888e-05
CDCA8	9.231662655090612e-05
LOX	9.222569480173622e-05
LINC02158	9.211902533145024e-05
TRAV3	9.163717970392607e-05
AL035661.2	9.162191050142474e-05
TRAV9-2	9.146944056274347e-05
COL20A1	9.145034260131525e-05
CHST13	9.122805476926764e-05
NSG2	9.11913325522344e-05
TRBV23-1	9.106472088832026e-05
ABCC11	9.09396526805039e-05
AC108134.2	9.090938777290941e-05
H19	9.090610804966821e-05
PTP4A3	9.09046125472584e-05
BAALC-AS1	9.073976240085172e-05
AC114271.1	9.058752346216278e-05
AC109322.1	9.055802026985355e-05
TEX22	9.046214693226062e-05
AC025048.4	9.01940241879866e-05
LEF1	9.005587073439606e-05
HAS1	8.977078212848373e-05
GSEC	8.953969499409802e-05
AC005476.2	8.953829489550019e-05
ASPM	8.929008047841882e-05
AL390957.1	8.908077844090842e-05
AC012020.1	8.895635500769615e-05
EMC1-AS1	8.887792563267725e-05
SCG2	8.861304922227593e-05
HSH2D	8.861100971203235e-05
TTC9	8.851774578184968e-05
MMP9	8.850405984320722e-05
TRAV1-2	8.84382200922116e-05
TUFT1	8.833818481018379e-05
MFSD2B	8.819889523098472e-05
CAPN10-DT	8.81216864462678e-05
CD79A	8.806894022192439e-05
FBXO43	8.783798082316741e-05
EMCN	8.766777548181616e-05
CNTNAP3	8.76339769965327e-05
CNTNAP3B	8.742687298891945e-05
TPD52L1	8.73803483510358e-05
CLEC3B	8.736601770065953e-05
SLC29A4	8.733861066161133e-05
MYL9	8.720632111766678e-05
SLC24A3	8.704399614283463e-05
CTLA4	8.700782741830212e-05
AC007298.1	8.647122537623565e-05
HPGD	8.642638988116147e-05
P4HA2	8.638168975828758e-05
MAPK4	8.63800606245689e-05
LINC02289	8.634458598613388e-05
RGS5	8.622441970058545e-05
CASZ1	8.596327756378285e-05
ADAM12	8.594976833814113e-05
DLX1	8.586991637653635e-05
VGF	8.548416068202632e-05
MMP1	8.502037378202231e-05
AC011447.3	8.491503143400046e-05
LINC01619	8.469530159668124e-05
TBX6	8.461552306740481e-05
CD70	8.449734154299973e-05
NPTX1	8.426145463043491e-05
HCG27	8.42452196026107e-05
MAP3K7CL	8.422720108531324e-05
GDF15	8.405528093094633e-05
AC136475.5	8.404153686580462e-05
KCNE1	8.402252990390167e-05
HCAR2	8.373587010401787e-05
C10orf55	8.341161729918863e-05
CHST9	8.336500739423481e-05
MYOZ2	8.331453461098959e-05
MME	8.316731516626562e-05
AC099489.1	8.294697872018678e-05
PGAM2	8.273764806961242e-05
RYR3	8.272734907221612e-05
AC092053.2	8.257082138850443e-05
EBLN2	8.251612557697474e-05
NEK10	8.247344560970684e-05
CNR1	8.245817698806104e-05
C1R	8.240166148206938e-05
CLEC12B	8.207446091470716e-05
TRGV2	8.199173585506233e-05
AC009053.2	8.192977477364245e-05
AIM2	8.192289274586017e-05
ZCCHC12	8.137445456328993e-05
SLC22A4	8.129440250889261e-05
IGF2	8.114772443415634e-05
AC144831.1	8.106133513127302e-05
CEACAM1	8.104085605760903e-05
PANX2	8.100305642203372e-05
AC027682.3	8.059460156312106e-05
AC254633.1	8.044192483057213e-05
FERMT1	8.01843988000229e-05
AC008440.2	8.01817227839924e-05
TRGV9	8.005936628422677e-05
AL358933.1	7.989286723232111e-05
CFAP58-DT	7.96498475949581e-05
KISS1R	7.95496930535278e-05
IGFBP6	7.93780958408745e-05
BX323046.2	7.895966948837485e-05
C1S	7.882305026285424e-05
CHI3L2	7.878137691448103e-05
CA4	7.847744375964526e-05
AC130456.3	7.816897665667151e-05
AL158151.1	7.774754861312373e-05
DPEP3	7.736705201777018e-05
FAM160A1	7.724431514648076e-05
TMC4	7.71696715634802e-05
SYNPO2	7.713464648379937e-05
COL6A3	7.69974093854032e-05
CCDC110	7.698654085205013e-05
AL031595.3	7.698216761437414e-05
KLF5	7.677897480751809e-05
CD1C	7.633875312055992e-05
AP001437.1	7.610867628547444e-05
LLPH-DT	7.554364513019534e-05
RRM2	7.524230952513614e-05
AC004069.1	7.523201847013776e-05
STMN2	7.506108588246059e-05
AL513314.2	7.486455730665741e-05
AP003068.2	7.48099303222422e-05
NPPA	7.477825711058287e-05
POU3F4	7.472650340553192e-05
TSHZ3	7.468835149301922e-05
STAP2	7.468187101952579e-05
ADGRE3	7.441749893787722e-05
AP000640.2	7.41082055698744e-05
B3GNT8	7.410380878465144e-05
BGLAP	7.406650952304254e-05
LIPN	7.40047726587339e-05
IGKV1-17	7.387322582504088e-05
ZNF683	7.37632082526367e-05
LTF	7.370306042415186e-05
IGKV3-20	7.368934512606861e-05
GNG3	7.322492392278317e-05
SHOX2	7.265309276103081e-05
LOXL1-AS1	7.263729822782742e-05
IGKV1-5	7.256499546115409e-05
AC093673.1	7.224383243243653e-05
CFAP45	7.207140809528259e-05
TRAV17	7.188832860900096e-05
TACSTD2	7.187665137906355e-05
CCR6	7.1813245678855e-05
ASAH2B	7.180439358214208e-05
FUT7	7.174704953231143e-05
IGHG1	7.164345288262397e-05
SLC7A10	7.163255620297876e-05
CITED1	7.15917721012018e-05
LIN7A	7.152994102619769e-05
AC104695.4	7.135808431648259e-05
AC092490.1	7.126352584004585e-05
AC098617.1	7.084251988778186e-05
SPATA41	7.062607405792289e-05
TRAV13-1	7.055460021998758e-05
TMEM40	7.042724854118097e-05
INKA2-AS1	7.005221026681068e-05
ASAP1-IT2	7.000274819246101e-05
CAMP	6.97707010094739e-05
TSACC	6.970793875686796e-05
NHLH1	6.970545942909265e-05
AP002449.1	6.962413343697325e-05
LINC02356	6.942906043878928e-05
PCDHB11	6.942302904418168e-05
ADCY4	6.936328604226247e-05
AC009093.6	6.928044938278665e-05
AP000919.2	6.927188381896624e-05
SLCO4C1	6.90368106648936e-05
MMP2-AS1	6.848412764880008e-05
JCHAIN	6.847398287040933e-05
CRABP1	6.844067278688535e-05
IGKV1-9	6.843124044109945e-05
ATP1A3	6.82375907106898e-05
SAA1	6.82126266798114e-05
AL022322.2	6.815382986388113e-05
FBN2	6.81136727374934e-05
LINC02422	6.80627233624616e-05
HOXA5	6.795099539689995e-05
AC090971.2	6.768833614392236e-05
BTNL8	6.768169610986191e-05
MEGF6	6.76636531801367e-05
CRABP2	6.764775715469007e-05
PPBP	6.759738395097629e-05
COL1A2	6.753354471696589e-05
AC108718.1	6.749670020094113e-05
LINC02576	6.706551864263944e-05
NDC80	6.70458186347571e-05
AL079343.1	6.701198468982105e-05
HPCA	6.692040979935751e-05
LAMB3	6.68468690544571e-05
NDUFA4L2	6.676359219901293e-05
HP	6.67186613634289e-05
AL008729.2	6.670009310848575e-05
MEG8	6.660284172729608e-05
HES5	6.649926084442654e-05
MPIG6B	6.64673468478492e-05
KDM4A-AS1	6.637982313156156e-05
OXER1	6.636069748093195e-05
AL157396.1	6.631871140873365e-05
TRIB3	6.631403443100547e-05
TNFRSF18	6.61781242484642e-05
TRBV19	6.602800275001618e-05
TRDC	6.596519182930271e-05
AC008569.1	6.568726438388735e-05
FGF11	6.563988011731636e-05
NME8	6.546136377193563e-05
CCDC153	6.535505801176252e-05
HIST2H2AA3	6.533899074110659e-05
AC035140.1	6.510965016821941e-05
NHS	6.491118721296452e-05
RNF182	6.473735155666162e-05
AC117528.1	6.46164937068114e-05
AC087893.2	6.458223244004188e-05
AC136475.1	6.446843787662138e-05
IGHA1	6.439466817857915e-05
CA1	6.43331824426465e-05
HMGA2	6.428736169285934e-05
IGHV3-74	6.408022519017754e-05
Z94721.3	6.407143612522775e-05
UNC13A	6.401526282295093e-05
AL049840.6	6.389254065992539e-05
HCAR3	6.388389196802635e-05
ATP10A	6.381059082720186e-05
AL138895.1	6.366124918777897e-05
AC020636.1	6.364380026340027e-05
DTL	6.330468479541596e-05
TSPAN2	6.324061557561344e-05
TRAV14DV4	6.320711941003653e-05
DCN	6.30768179669817e-05
TLR9	6.304519386306285e-05
JCAD	6.304291489691525e-05
PTX3	6.30305203230076e-05
AC067930.3	6.302688991177889e-05
BLK	6.281628988271576e-05
ARAP1-AS2	6.274089004275578e-05
TRBV5-1	6.272178015085003e-05
SCAT1	6.271488098241671e-05
SYNGR3	6.268502791310314e-05
KCNJ15	6.249107491918e-05
IL1R1	6.209039650980944e-05
IQGAP3	6.16969757279796e-05
LINC02345	6.155381224712882e-05
AC096734.2	6.152624409880572e-05
HIST1H2BM	6.15257713916928e-05
SSTR2	6.107881848800654e-05
AC080023.1	6.105922559447208e-05
AL109824.1	6.1027899028516865e-05
TGM2	6.098438818313104e-05
CHAC1	6.0961541789975894e-05
MT1H	6.094929503173653e-05
AC090116.1	6.085456526123012e-05
NECAB2	6.085016912511743e-05
TRBV12-3	6.079286800192261e-05
FOXD2-AS1	6.066736233050249e-05
LINC02446	6.064833561882981e-05
AC073283.1	6.062486969015411e-05
LMOD3	6.062014511907019e-05
ISLR	6.050756618315869e-05
ASS1	6.048400200918193e-05
TRBV28	6.0457434717363283e-05
TNXB	6.0425925230715534e-05
TRAV26-1	6.0410144161281016e-05
AC015802.6	6.019473562877237e-05
NT5DC3	6.01929868776283e-05
LINC01436	6.0137194761497156e-05
TMPRSS9	5.991357382552681e-05
ATP6V1FNB	5.949643984714833e-05
LINC01270	5.941507355465616e-05
TRAV19	5.9392688815616263e-05
AC005280.1	5.938104277233016e-05
AC010335.1	5.93667952923302e-05
C1RL-AS1	5.9225286045504255e-05
SLC6A16	5.91141259408101e-05
AC011379.1	5.9013576827899335e-05
AC010542.4	5.882004414099939e-05
DSP	5.868033188507363e-05
MAP3K14-AS1	5.86725834349257e-05
NMU	5.855595764937949e-05
ONECUT2	5.8501169766982205e-05
PCP4	5.8470633642439626e-05
AL132989.2	5.844453445688702e-05
AL109914.1	5.8368808270393135e-05
IGLV5-52	5.835195758868683e-05
HS3ST2	5.834850926862172e-05
APOBEC3B	5.8313473095847995e-05
PRDM5	5.821227116313358e-05
AC069148.1	5.821211981080753e-05
BCL2L15	5.819664987251577e-05
AC093010.2	5.813458404592081e-05
COL12A1	5.808528154274206e-05
GPR153	5.7960388291236994e-05
AC092338.2	5.7927688172465075e-05
ECRG4	5.790257149155919e-05
TRBV3-1	5.782606263169833e-05
LINC02698	5.7774407009526254e-05
KIF4A	5.771166555815205e-05
TAFA1	5.7662275749533726e-05
PRR29	5.7655273424850486e-05
EXOC3L1	5.751747482086215e-05
HBD	5.7487371665745184e-05
AP002784.1	5.7482609211082374e-05
AP001057.1	5.74573407506706e-05
CCNJL	5.7429469205392023e-05
MINAR1	5.739139226451763e-05
PACSIN1	5.72037458198763e-05
DNASE1L3	5.716495339287448e-05
GPR3	5.7139400997527694e-05
SCN7A	5.711779674586123e-05
SLC17A6	5.694206484496779e-05
AC073575.2	5.6934061195441544e-05
AL138963.1	5.692816903912992e-05
DACH1	5.680881372526514e-05
TMEM221	5.664596596803374e-05
ESR2	5.6580901170820364e-05
MORF4L2-AS1	5.6567643095972886e-05
AL627095.2	5.656421519006573e-05
MMP7	5.655409627362893e-05
NMNAT2	5.6517005560151976e-05
FLJ45513	5.632493125897076e-05
AL137127.1	5.631637570615975e-05
AURKB	5.6220825501050574e-05
CEMIP	5.621762478796409e-05
LINC01635	5.621733315632138e-05
IGHM	5.61893686666742e-05
KRT23	5.614864959695688e-05
TRAV2	5.614719086266238e-05
AC234775.4	5.5982413539464554e-05
AL021707.6	5.5932498140070764e-05
TRBV6-5	5.581586934692186e-05
KIAA1522	5.577539641643363e-05
AC146507.3	5.572384635938479e-05
XK	5.565512069990526e-05
KRT1	5.549956454964066e-05
SLC4A1	5.53823613139252e-05
TRBV7-2	5.533389290103898e-05
AL021707.7	5.530661740702793e-05
SAMD12-AS1	5.526187402281509e-05
CCR4	5.519753603179069e-05
NIBAN3	5.517055450713656e-05
CDC6	5.5133706336242935e-05
REM2	5.513276008600736e-05
FOXC1	5.493792376531032e-05
ZIC4	5.484277110512248e-05
HBG2	5.4768139104407824e-05
CAVIN3	5.474559122852443e-05
IFNG-AS1	5.470694704145478e-05
C5orf66	5.452212424954697e-05
SAMD15	5.442969658367608e-05
AC097382.1	5.4418444075938314e-05
IGHV4-59	5.441431461555805e-05
CMTM8	5.435611946761887e-05
AC026954.3	5.4346861978454886e-05
LRRC61	5.418539390152951e-05
AL139106.1	5.409728605518273e-05
AL355483.1	5.404601081463819e-05
SYN2	5.4017510534066216e-05
FSD2	5.388214727440712e-05
LINC00664	5.3878963714958294e-05
AL031432.5	5.383827813641665e-05
UPK3B	5.379770575607261e-05
TRBV7-6	5.372399353994816e-05
FST	5.372106787687908e-05
TRBV24-1	5.362872946192672e-05
BAAT	5.355326089268099e-05
DLX6-AS1	5.352765083241869e-05
SLC47A2	5.340937511274523e-05
TRAV27	5.327194401820348e-05
IL19	5.3214583309341695e-05
AC073964.1	5.3185904528371806e-05
AC008269.1	5.313862574819375e-05
CCL18	5.312619682595729e-05
LINC02601	5.31180109657203e-05
BMX	5.308735947606965e-05
GNB3	5.304997651183758e-05
TRBV6-2	5.304002014392566e-05
FAM27E3	5.2979741697583886e-05
LINC02680	5.294413317451003e-05
TRAV29DV5	5.29181885503707e-05
AC007342.4	5.2861929732332146e-05
TCAP	5.281887083949753e-05
NKAIN3-IT1	5.279081300051444e-05
AC108073.3	5.2776185301560694e-05
CARD17	5.2766114130119895e-05
AC073611.1	5.266858919694735e-05
LINC00402	5.263938390447788e-05
F5	5.2515097917825264e-05
NOTCH3	5.2504701316889596e-05
TRBV18	5.242310145715419e-05
VCAM1	5.241146639889336e-05
AC002064.2	5.2350437831025347e-05
FNDC7	5.231756256323616e-05
LINC01765	5.214466915638262e-05
AC024028.1	5.2117889779565026e-05
DRC1	5.203577520256469e-05
TRAV22	5.20288851365103e-05
IFNB1	5.1928943577372264e-05
APLNR	5.190820747688509e-05
TRAV26-2	5.187428903314085e-05
AC080013.1	5.185469641322641e-05
C22orf31	5.179413093454924e-05
IGLC2	5.175192106296848e-05
SLFNL1-AS1	5.170354654922675e-05
NRSN1	5.166783994038486e-05
TRBV29-1	5.164159370666726e-05
PI3	5.163648314249682e-05
LDHAL6A	5.157489927628192e-05
TRAV20	5.156360862057622e-05
MZB1	5.155811244811256e-05
CEMP1	5.1497935947232774e-05
LINC01197	5.148791725430941e-05
TRBV12-4	5.139311169823744e-05
AL132657.1	5.1332227240504594e-05
AL138778.1	5.127506641815548e-05
C7	5.1182207286339154e-05
C1orf115	5.113662801174321e-05
AC090589.3	5.10549209226545e-05
TREML2	5.1016514124687085e-05
FAM180A	5.088317861999939e-05
TRBV7-9	5.084829372462883e-05
IRF6	5.0843617243661545e-05
DNAJC5G	5.0794616324944045e-05
SH3GL2	5.075710866122744e-05
IGHV4-61	5.071306436268258e-05
AP003900.1	5.068465525403629e-05
AC034199.1	5.068117025348336e-05
AL035425.3	5.060575045228141e-05
LRIT3	5.056996344754654e-05
ITLN1	5.044929387183397e-05
NAV2-IT1	5.0443965184546366e-05
NFE4	5.033400202575067e-05
AC079174.2	5.024263831744238e-05
MSRB3	5.023899760371135e-05
FAM162B	5.018142687343092e-05
AC115622.1	5.015294080581631e-05
IGKV1D-16	5.0124414453665835e-05
KCNG3	5.010943557930475e-05
AC015936.1	5.005334741464155e-05
EFCC1	5.000422699216513e-05
TRBV4-1	5.0003238900884625e-05
LINC01226	4.9995546980427353e-05
RRH	4.999014382534906e-05
LHX1	4.9977679927710217e-05
TRAV8-6	4.9891441889818194e-05
AC092794.1	4.988723410311125e-05
TNFRSF9	4.986795882772864e-05
TRAV38-2DV8	4.98214655791416e-05
AC007608.1	4.9809900325032426e-05
LINC00404	4.980045505201618e-05
AL449106.1	4.978357511501321e-05
SAA2	4.977647335875202e-05
MSMP	4.97531203457735e-05
CYP1B1-AS1	4.9717452759900763e-05
IL2	4.9573666099543234e-05
AC007877.1	4.955115798589695e-05
AC005696.1	4.952515227988891e-05
ARHGAP26-IT1	4.951819199861904e-05
Z98200.1	4.940701095677135e-05
AC136604.2	4.93734193264331e-05
AC107398.5	4.9334052876503413e-05
C22orf24	4.931009644905116e-05
IGHG4	4.928978814730774e-05
FHL2	4.928255595978645e-05
WNK2	4.925566434422659e-05
LINC00449	4.923883840344713e-05
AL161431.1	4.920559646399742e-05
AC074051.5	4.915771122817408e-05
AL590434.1	4.912223376511073e-05
STAP1	4.9021472572795624e-05
ITPRIP-AS1	4.8933889203786836e-05
KCND1	4.893291661160396e-05
AC135178.5	4.89326443020495e-05
OLAH	4.889836106868128e-05
AC124248.1	4.888448297598072e-05
GABRA5	4.8880354088391704e-05
NAA11	4.886388577059942e-05
GRIN1	4.886265097927914e-05
TRBV11-2	4.881269042047497e-05
AL096794.1	4.877057211906942e-05
TRBV14	4.8761368172984216e-05
ARMC4	4.874972713424116e-05
AC002511.1	4.871161477200226e-05
AC073365.1	4.86860505947847e-05
IGHV3-21	4.866127755795025e-05
AC007780.1	4.86265308793327e-05
SFRP2	4.857264032372975e-05
VSNL1	4.840700396340735e-05
HEATR9	4.839488976126774e-05
CLCN1	4.8380129494039373e-05
TRBV15	4.836965200581976e-05
AC092447.5	4.834614196577896e-05
TRAV12-1	4.83311910931132e-05
AC136475.3	4.831701877386267e-05
IGLV1-51	4.825688137771561e-05
FAM153A	4.82437929120297e-05
Z97192.2	4.822136715097126e-05
ERP27	4.819112371802855e-05
PLIN1	4.8159778055319375e-05
AC016747.2	4.815804202266464e-05
SGCG	4.8068501954194235e-05
SUSD2	4.805568640870928e-05
TRAV10	4.805232558701627e-05
TRAV6	4.799864362157682e-05
TCL1A	4.79979359079322e-05
KIAA1549L	4.798675856244478e-05
MGAM2	4.7976164533056324e-05
AC123912.2	4.792433733007925e-05
TEX54	4.7900716062183424e-05
HRC	4.787323844902574e-05
AC018521.2	4.779889785558627e-05
LCN2	4.7763820190409035e-05
TRAV24	4.773842006264979e-05
CXCL5	4.772926744055226e-05
RNASE10	4.772099115586592e-05
AP003471.1	4.7573399457840124e-05
WNT4	4.757209041383837e-05
CRISP3	4.7503077912282294e-05
TEX46	4.749245649928805e-05
SCRT2	4.746752404009464e-05
AC027228.1	4.746018225554805e-05
IGLC3	4.740234895103155e-05
CCDC60	4.739609056462943e-05
PCDH11X	4.737553016404988e-05
KRT5	4.734430840661744e-05
GRK7	4.730554390413398e-05
AC139887.5	4.7277220491664655e-05
ZNF695	4.726718523283679e-05
LINC01093	4.7216710743074505e-05
IGHV3-73	4.7146331695917395e-05
IGHV3-23	4.7096881378852495e-05
RNF222	4.708541144549646e-05
AC073320.1	4.7071839363380935e-05
TMEM155	4.70638273805223e-05
IGKV1-8	4.702605012153468e-05
PCDHGA3	4.697307393256879e-05
OR52K2	4.6884945759964254e-05
AC083805.1	4.686183134972139e-05
IGKV1-16	4.678481252387458e-05
AC020910.2	4.664702074887986e-05
IGKV1-12	4.6642037068248426e-05
AL157902.1	4.6619400502141036e-05
AC104072.1	4.654091963374986e-05
SEMA3F	4.653583969366535e-05
LINC02669	4.652475840718368e-05
AC022217.3	4.6450394840889934e-05
AL163636.1	4.643106585808543e-05
ARHGEF35	4.641565488504774e-05
COL1A1	4.641469485972967e-05
CRB3	4.64125302514562e-05
ST7-AS2	4.6387894615637946e-05
AC104938.1	4.633625448895788e-05
AL353622.2	4.630513733508224e-05
GPR156	4.626732784969129e-05
COL19A1	4.625303917175223e-05
LINC02145	4.620094418811051e-05
AC089984.1	4.619546425503999e-05
CCL24	4.6183889283968995e-05
HBG1	4.615916615633677e-05
AL354760.1	4.604036624865746e-05
UNC13C	4.6040038578336285e-05
CR786580.1	4.6005117243536e-05
PIK3CD-AS1	4.598548848283473e-05
SCAT8	4.5952114042405514e-05
ADCYAP1	4.593145458181695e-05
GALNT17	4.593041025318025e-05
SLC26A8	4.591942955453889e-05
GP1BB	4.590809192987281e-05
UBXN7-AS1	4.5836282655938626e-05
TMEM272	4.5835428175864824e-05
FAM166A	4.5785207853866784e-05
C6orf47-AS1	4.578253147879649e-05
AC109446.3	4.574855648380601e-05
AL133243.1	4.5744510000974e-05
IGHV3-72	4.574351903693504e-05
TRBV5-4	4.5646523123718175e-05
PRSS35	4.562925242032535e-05
AL606834.2	4.5604184464906274e-05
AC009570.1	4.5601099155790965e-05
AC138904.1	4.5590439927471434e-05
REV3L-IT1	4.55759091779259e-05
LINC00618	4.542877248111859e-05
IGHV3-7	4.5426400675509734e-05
NEFL	4.541487854909271e-05
AC009646.2	4.53300738943077e-05
AC067752.1	4.531908262502352e-05
PAGE2B	4.5308858144720655e-05
EDN2	4.528179392692635e-05
KCNA1	4.52573246069149e-05
C6orf15	4.522476643264533e-05
AC005342.1	4.519211522605945e-05
MEDAG	4.5144788261592853e-05
RPH3A	4.51286217447685e-05
LINC01127	4.508365592391268e-05
AC009120.5	4.491047451371295e-05
LY6G6C	4.481156176177763e-05
PPDPFL	4.4801340037973704e-05
CCDC85A	4.4777835056697694e-05
SCN9A	4.4742110739739894e-05
AC122129.1	4.466048559349869e-05
TNS4	4.4648216671054034e-05
PTGDR2	4.462751848188347e-05
IGKV1D-12	4.455076388310227e-05
AP003096.1	4.445078708682841e-05
CCL7	4.4337541743388165e-05
LOXHD1	4.4299286115457265e-05
LINC01224	4.429018323525877e-05
RGS4	4.4248548189527416e-05
IGLV3-27	4.423555366893227e-05
AL136309.4	4.420828949104107e-05
TRBV7-3	4.4192973386354e-05
AC087683.2	4.417461035370383e-05
AC011228.2	4.4174163126163925e-05
CLEC20A	4.415988122195542e-05
AL589990.1	4.415450059113583e-05
AC112219.1	4.414845640318098e-05
TRBV11-3	4.404822628166483e-05
AKR1C2	4.403733730403632e-05
AC110792.3	4.403123454105864e-05
IGBP1-AS2	4.400492407231272e-05
AC015802.1	4.397997423027171e-05
ANGPTL3	4.378898674028683e-05
TPSAB1	4.3742736333948136e-05
LINC01446	4.3672944027840394e-05
AC099681.1	4.3568085542962125e-05
RBP5	4.34490939844493e-05
AC020907.3	4.342436645327892e-05
AC090607.4	4.34216401153093e-05
JSRP1	4.342092931795321e-05
IGHV3-15	4.341436354935681e-05
AC073172.1	4.337380276858312e-05
TPSD1	4.33363305634422e-05
SLC22A1	4.3308950779167866e-05
AC092746.1	4.327063269935262e-05
IGHG3	4.3177241366562706e-05
AL138999.2	4.314779467937181e-05
SULT1A4	4.311208431612314e-05
AC092723.1	4.308696135081387e-05
PLIN4	4.30059816769441e-05
GPR42	4.296691706126432e-05
AC096708.3	4.295873085242067e-05
AC007342.5	4.291235820960977e-05
SRRM4	4.29021083714447e-05
IGKV1D-17	4.282680645890424e-05
TRAV25	4.28061402453387e-05
AC011479.2	4.276422313765908e-05
IGLV2-14	4.2755952351564166e-05
AC012370.1	4.275434740139181e-05
LINC01238	4.273519664355627e-05
AL035661.1	4.2709573044057377e-05
TPSB2	4.268932706668386e-05
TRAV30	4.2680589914795606e-05
TRIM71	4.264044443945691e-05
CALHM5	4.2610746326792176e-05
AC063965.2	4.259289407950274e-05
LINC01471	4.2585725389384024e-05
AC090948.4	4.253969848196112e-05
AC093525.3	4.250679177348266e-05
LINC02506	4.249610031091217e-05
RORC	4.248281351886866e-05
LINC01297	4.247430716411676e-05
PAGE5	4.245515893372893e-05
C10orf105	4.240820693782074e-05
AL158058.1	4.2318477880398465e-05
IGLV3-1	4.2315416752998075e-05
AC035139.1	4.231330967266173e-05
ELAVL2	4.229621495336597e-05
LINC00659	4.228563870972123e-05
AC078962.1	4.22765395541036e-05
AL031005.2	4.2270191946706705e-05
SELP	4.219187249777001e-05
RBM20	4.217066866711301e-05
AC039056.2	4.213268464576347e-05
ISL1	4.2115444943197615e-05
IGHV4-31	4.211377666829491e-05
AC055822.1	4.208156135521652e-05
AC005046.1	4.2077451175656606e-05
AL031727.2	4.20671766260894e-05
AC007620.3	4.2058850173968324e-05
AL096712.2	4.204870131803926e-05
CALB2	4.2043876903651225e-05
AC007278.2	4.1994104224922094e-05
ZNF474	4.1911706508455965e-05
XXYLT1-AS2	4.1845578998814934e-05
LINC02440	4.181738118894435e-05
AL445223.1	4.179860604469364e-05
ANO1	4.1787974769900585e-05
AL445685.1	4.161517100573464e-05
AC083806.2	4.160665801241131e-05
CCDC178	4.16029990030313e-05
IGHV5-51	4.160277883497282e-05
CFAP44-AS1	4.158001960694135e-05
GPR151	4.1554945382157516e-05
TRAV1-1	4.150506078771188e-05
AL442125.2	4.148289155951701e-05
AC106037.3	4.1412324012753215e-05
IGHV3-30	4.141137450810881e-05
AC002511.2	4.13781544375388e-05
LINC02195	4.13530672393915e-05
AC009163.4	4.1331677743881085e-05
AL137100.3	4.132879175638641e-05
AC131182.1	4.130310047493436e-05
NPPB	4.1300921220639364e-05
KRTAP5-10	4.1285819227301036e-05
AL118505.1	4.128066586483472e-05
AC108449.1	4.1227004104427725e-05
AC104623.1	4.119808506600704e-05
AC008649.1	4.119326927075675e-05
AC010536.3	4.111635777981741e-05
IGHV1-24	4.106473118389738e-05
RNF212B	4.1037201739995044e-05
AL356309.2	4.101592983042454e-05
AL132780.2	4.101418418266082e-05
UNCX	4.1008297639017393e-05
AC116563.1	4.096888966250468e-05
AC012065.4	4.09628005372603e-05
IGKV3-11	4.094821481078066e-05
INHBC	4.094467355357332e-05
LEMD1	4.090074731849306e-05
PRR33	4.084439905323046e-05
CXCL11	4.07842467444114e-05
CPA3	4.071682462921213e-05
TRBV10-3	4.065282765986096e-05
ENTHD1	4.062413004561808e-05
TUBA4B	4.054261111781989e-05
LINC02218	4.0538567324095034e-05
DEFA3	4.048990538152616e-05
AC012464.2	4.038337939863676e-05
RRM1-AS1	4.0314603982445994e-05
AP006287.2	4.027329216000432e-05
SLN	4.025127127946347e-05
RNF185-AS1	4.020368816703031e-05
AC104129.1	4.0186993467729284e-05
TRAV8-1	4.014944233598625e-05
AL022323.4	4.014836923802925e-05
TMEM200B	4.014363645230148e-05
AC007599.2	4.010718584462455e-05
TRBV30	4.009156435969095e-05
AL161725.2	4.0059382258129254e-05
LINC00345	3.994085105317513e-05
PLA2G2A	3.992174370307361e-05
AC007271.1	3.988015414744187e-05
AC106801.1	3.983028793735963e-05
CXCL13	3.981280876441864e-05
ABCG8	3.979469276906348e-05
ZNRF3-IT1	3.978304424731254e-05
AC005670.1	3.97532082367095e-05
C2CD4B	3.9748399109629114e-05
N4BP3	3.969067315996995e-05
AC007375.3	3.969013384450275e-05
AC100801.2	3.952275250536866e-05
AC093382.1	3.9507510825576486e-05
TRBV13	3.945098689960037e-05
IGLV2-8	3.9376178796206e-05
IGLV6-57	3.935534558829554e-05
AL360268.1	3.932975370154511e-05
KRT72	3.930541555818622e-05
ATP2C2-AS1	3.92880417541672e-05
LINC01348	3.926197507559754e-05
PATE2	3.918442370211195e-05
AC092652.1	3.914123735263496e-05
IGLV1-44	3.913328162888061e-05
AP001189.1	3.910358694467222e-05
SLC6A3	3.9093138487211506e-05
AC005498.1	3.905153853077592e-05
SH2D4B	3.904239442268648e-05
AC136475.9	3.903772764933463e-05
AC104971.3	3.8998523655265256e-05
AC090970.2	3.897457611717454e-05
PGLYRP2	3.8869134811561345e-05
IGKV3-15	3.8804352553017504e-05
AC104667.1	3.8673061100633946e-05
LINC02539	3.8573671114387104e-05
PRG4	3.8543730025933964e-05
CNNM1	3.852296625982968e-05
ROR1-AS1	3.847037935834012e-05
AC138470.2	3.8356584271118313e-05
AC019254.1	3.828631871478233e-05
AP006284.1	3.8270191194282924e-05
LINC00622	3.81910138023486e-05
SLC52A3	3.813612608763367e-05
AL354733.2	3.8062087934893866e-05
AC025287.2	3.804987786749506e-05
TRAV38-1	3.80169250933639e-05
AC009879.4	3.7994571433769006e-05
AC015908.2	3.7914848309666195e-05
AC141424.1	3.789629946045375e-05
NKX6-1	3.7841971502325546e-05
BTNL3	3.7825627403691925e-05
SYT7	3.782245555024649e-05
AL662873.1	3.7696948586057833e-05
PCSK9	3.759625069834449e-05
LEMD1-DT	3.7595747384206764e-05
AC130352.1	3.757197185764527e-05
PLSCR2	3.754115521987901e-05
BTNL9	3.749483326243975e-05
USHBP1	3.746204321987875e-05
TRBV5-5	3.743835099629754e-05
AC008781.3	3.7328160907451906e-05
SLC9A4	3.713686393243546e-05
IGLV3-19	3.710067113818779e-05
ITCH-IT1	3.7080202965162856e-05
RRS1-AS1	3.699964940089798e-05
RHOXF1-AS1	3.685329259857611e-05
LINC01867	3.684158139749775e-05
IGHGP	3.6830094183635315e-05
AC046158.2	3.677395927326279e-05
IGHA2	3.675460157537094e-05
AL355377.4	3.668782178157159e-05
AP001360.2	3.662895425666154e-05
GOLGA8K	3.651968238498977e-05
IGLC1	3.6323135102693557e-05
TRH	3.613796864545287e-05
AL359881.2	3.598760335762018e-05
TRAV39	3.5791942737261706e-05
AL022313.2	3.575242594589378e-05
TRBV10-2	3.568100450522819e-05
DHRSX-IT1	3.5655335892154846e-05
HDC	3.560576307043582e-05
EIPR1-IT1	3.5329766488512655e-05
LINC01574	3.5292648534104234e-05
TRBV10-1	3.5105976121066954e-05
AC026368.1	3.5099176619808355e-05
AC019080.4	3.50526673247997e-05
AC002128.1	3.477826958598109e-05
AC068792.1	3.473564810186952e-05
ECSCR	3.4641717372853506e-05
AC013470.2	3.464109642570084e-05
KCNE2	3.463811634233317e-05
IGHV4-28	3.4182396834851274e-05
TRBV5-6	3.403426627742941e-05
TRBV6-6	3.384870743449359e-05
KLK1	3.381322859331739e-05
PRSS3	3.2958114689518684e-05
AC007278.1	3.2821312341157214e-05
LPAR3	3.26268955131848e-05
AC009145.2	3.255223264286813e-05
AL031963.1	3.209314915499109e-05
AL136040.2	3.1831118584090824e-05
TFPI2	3.169586710650035e-05
AC018653.1	3.1010219508063435e-05
DMP1	3.0552918922362e-05
SPATA32	3.0233950650488342e-05
