patient_id,tp_in,tp_out,dt_days,in_primary,is_gbm,v_in,v_out,dice_persistence,has_prior_scan,day_in,prior_growth_c,growth_stratum,rt_end_day,rt_rel_days,rt_stratum,horizon,log_obs_growth,log_v_in,geometric_train_rate,gompertz,last_rate,linear,oracle_volume_matched,persistence
PatientID_0003,1,2,56.0,True,True,5215,5148,0.6353372575509022,False,90.0,,no_history,65.0,25.0,early_1_84,short_lt60,-0.012928303560347517,8.559486103606488,0.6535206194849631,0.6353372575509022,0.6353372575509022,0.6353372575509022,0.6361693861693861,0.6353372575509022
PatientID_0003,2,5,140.0,True,True,5148,5977,0.7618876404494382,True,146.0,-0.005659112909230808,stable,65.0,81.0,early_1_84,long_gt120,0.14928354279774175,8.546557800046141,0.7590819273445812,0.7618876404494382,0.7490192500684244,0.7487450944601625,0.7604149238748537,0.7618876404494382
PatientID_0005,3,4,43.0,True,True,5907,4909,0.8300665680473372,False,133.0,,no_history,51.0,82.0,early_1_84,short_lt60,-0.18503342286270422,8.68406264365127,0.8086145261138722,0.8300665680473372,0.8300665680473372,0.8300665680473372,0.8368303116724384,0.8300665680473372
PatientID_0006,2,4,42.0,True,True,344,127,0.0679405520169851,False,175.0,,no_history,59.0,116.0,late_gt84,short_lt60,-0.9915141531117426,5.84354441703136,0.0839694656488549,0.0679405520169851,0.0679405520169851,0.0679405520169851,0.0629921259842519,0.0679405520169851
PatientID_0006,4,5,42.0,True,True,127,1003,0.0601769911504424,True,217.0,-0.6291441788743254,shrink,59.0,158.0,late_gt84,short_lt60,2.0597170363320574,4.852030263919617,0.0748476936466492,0.0601769911504424,0.0228789323164918,0.0,0.1246261216350947,0.0601769911504424
PatientID_0006,5,6,191.0,True,True,1003,2496,0.3869677050585882,True,259.0,6.9355509355509355,growth,59.0,200.0,late_gt84,long_gt120,0.9110979900280987,6.911747300251674,0.5,0.405853119823302,0.0284460653028662,0.4762795670185754,0.5228365384615384,0.3869677050585882
PatientID_0007,4,5,86.0,True,True,452,564,0.4862204724409449,True,178.0,-0.5809682804674458,shrink,,,unknown_rt,medium_60_120,0.22093360566340686,6.115892125483034,0.5283687943262412,0.4862204724409449,0.4862204724409449,0.4862204724409449,0.5283687943262412,0.4862204724409449
PatientID_0007,5,6,102.0,True,True,564,89,0.1868300153139356,True,264.0,0.2485442844008581,growth,,,unknown_rt,medium_60_120,-1.8370160608161759,6.336825731146441,0.1919805589307412,0.1868300153139356,0.1922141119221411,0.1959287531806615,0.2359550561797752,0.1868300153139356
PatientID_0008,4,6,113.0,True,True,939,1182,0.0744931636020744,False,181.0,,no_history,51.0,130.0,late_gt84,medium_60_120,0.2299289887143372,6.84587987526405,0.1242672919109027,0.0744931636020744,0.0744931636020744,0.0744931636020744,0.098984771573604,0.0744931636020744
PatientID_0010,1,4,133.0,True,True,590,1027,0.030921459492888,False,84.0,,no_history,59.0,25.0,early_1_84,long_gt120,0.5535544286090123,6.3818160174060985,0.0401519262072707,0.030921459492888,0.030921459492888,0.030921459492888,0.059396299902629,0.030921459492888
PatientID_0010,4,5,42.0,True,True,1027,2696,0.3765780284716626,True,217.0,0.759447004608295,growth,59.0,158.0,late_gt84,short_lt60,0.9645248771246195,6.93537044601511,0.3959311424100156,0.3765780284716626,0.4016330696606277,0.3998963998963999,0.5048219584569733,0.3765780284716626
PatientID_0011,1,2,70.0,True,True,1996,4820,0.1499413145539906,False,92.0,,no_history,,,unknown_rt,medium_60_120,0.881335320989807,7.599401333415815,0.1857707509881423,0.1499413145539906,0.1499413145539906,0.1499413145539906,0.2526970954356846,0.1499413145539906
PatientID_0012,2,3,77.0,True,True,12693,13079,0.785658854570852,False,99.0,,no_history,,,unknown_rt,medium_60_120,0.029954905144774228,9.448884719866415,0.7835888818875586,0.785658854570852,0.785658854570852,0.785658854570852,0.7848459362336571,0.785658854570852
PatientID_0013,1,2,98.0,True,True,2473,1902,0.6747428571428571,False,70.0,,no_history,63.0,7.0,early_1_84,medium_60_120,-0.2624046856562837,7.813591552952433,0.6494671901289961,0.6747428571428571,0.6747428571428571,0.6747428571428571,0.6535226077812829,0.6747428571428571
PatientID_0013,2,4,85.0,True,True,1902,2357,0.5738436252641466,True,168.0,-0.22873067620149332,shrink,63.0,105.0,late_gt84,medium_60_120,0.2143822138011668,7.551186867296149,0.5827543931344503,0.5738436252641466,0.5495867768595041,0.5430393198724761,0.5854900296987696,0.5738436252641466
PatientID_0013,4,5,55.0,True,True,2357,378,0.1791590493601462,True,253.0,0.24256885737660214,growth,63.0,190.0,late_gt84,short_lt60,-1.8280328760148898,7.765569081097317,0.1883157240522063,0.1822525597269624,0.1885936487362281,0.1881809177946517,0.0899470899470899,0.1791590493601462
PatientID_0013,5,6,3.0,False,True,378,4143,0.1672196416721964,True,308.0,-0.8445627126083617,shrink,63.0,245.0,late_gt84,short_lt60,2.3918805788568926,5.937536205082426,0.1688397790055248,0.6284348864994026,0.1525083612040133,0.1223657375934738,0.6823557808351436,0.1672196416721964
PatientID_0014,1,2,42.0,True,True,16,478,0.0445344129554655,False,84.0,,no_history,61.0,23.0,early_1_84,short_lt60,3.338487253354699,2.833213344056216,0.0483870967741935,0.0445344129554655,0.0445344129554655,0.0445344129554655,0.3765690376569037,0.0445344129554655
PatientID_0014,2,3,120.0,True,True,478,771,0.3410728582866293,True,126.0,29.336206896551722,growth,61.0,65.0,early_1_84,medium_60_120,0.4772839526138609,6.171700597410915,0.4728005372733378,0.3410728582866293,0.008266855378281,0.5145971195017517,0.4669260700389105,0.3410728582866293
PatientID_0014,3,4,70.0,True,True,771,532,0.4804297774366846,True,246.0,0.6467746518897414,growth,61.0,185.0,late_gt84,medium_60_120,-0.3704631258589316,6.648984550024776,0.5460569913850232,0.2128547579298831,0.5415860735009671,0.5413839891451832,0.4511278195488721,0.4804297774366846
PatientID_0014,4,5,35.0,True,True,532,454,0.7119675456389453,True,316.0,-0.2919758412424504,shrink,61.0,255.0,late_gt84,short_lt60,-0.15822400521489416,6.278521424165844,0.7198480531813866,0.3381750465549348,0.7433035714285714,0.7274826789838337,0.7444933920704846,0.7119675456389453
PatientID_0014,5,6,91.0,True,True,454,386,0.6452380952380953,True,351.0,-0.15037777236168656,shrink,61.0,290.0,late_gt84,medium_60_120,-0.16187272592116864,6.12029741895095,0.6254980079681275,0.2497308934337997,0.6171761280931587,0.5682888540031397,0.6243523316062176,0.6452380952380953
PatientID_0018,1,2,92.0,True,True,75,421,0.032258064516129,False,102.0,,no_history,53.0,49.0,early_1_84,medium_60_120,1.7142719737496808,4.330733340286331,0.0311284046692607,0.032258064516129,0.032258064516129,0.032258064516129,0.0736342042755344,0.032258064516129
PatientID_0018,2,4,126.0,True,True,421,342,0.1913499344692005,True,194.0,4.249584026622296,growth,53.0,141.0,late_gt84,long_gt120,-0.20727486687007188,6.045005314036012,0.1736263736263736,0.1913499344692005,0.1438183347350715,0.2295877122069523,0.087719298245614,0.1913499344692005
PatientID_0018,4,5,4.0,False,True,342,4872,0.1070195627157652,True,320.0,-0.16259904912836767,shrink,53.0,267.0,late_gt84,short_lt60,2.6537345956775664,5.8377304471659395,0.1069580218516388,0.1587008673186934,0.1070606293169608,0.1070811744386874,0.4193349753694581,0.1070195627157652
PatientID_0018,5,6,58.0,True,True,4872,17591,0.4219382985353693,True,324.0,13.256245268735807,growth,53.0,271.0,late_gt84,short_lt60,1.283734489391091,8.491465042843506,0.4608549368071432,0.2075077675342535,0.1870171772565111,0.391909062032037,0.8037064407935877,0.4219382985353693
PatientID_0019,4,5,49.0,True,True,1287,1065,0.6590136054421769,False,268.0,,no_history,84.0,184.0,late_gt84,short_lt60,-0.1891773019385091,7.160845906664299,0.6642771804062126,0.6590136054421769,0.6590136054421769,0.6590136054421769,0.6394366197183099,0.6590136054421769
PatientID_0019,5,6,62.0,True,True,1065,951,0.8541666666666666,True,317.0,-0.16463226997640784,shrink,84.0,233.0,late_gt84,medium_60_120,-0.11310356993442455,6.97166860472579,0.8082379862700229,0.8541666666666666,0.8317495807713806,0.8161383285302594,0.8370136698212408,0.8541666666666666
PatientID_0020,1,2,76.0,True,True,3399,706,0.3376370280146163,False,97.0,,no_history,,,unknown_rt,medium_60_120,-1.57050004470768,8.131530710604252,0.2942653830054416,0.3376370280146163,0.3376370280146163,0.3376370280146163,0.4560906515580736,0.3376370280146163
PatientID_0020,2,3,131.0,True,True,706,1051,0.6033010813887308,True,173.0,-0.80795978532013,shrink,,,unknown_rt,long_gt120,0.39741772740108244,6.561030665896573,0.6580645161290323,0.6033010813887308,0.0820419325432999,0.0,0.6489058039961941,0.6033010813887308
PatientID_0020,3,4,97.0,True,True,1051,2190,0.3066954643628509,True,304.0,0.5550088565243062,growth,,,unknown_rt,medium_60_120,0.7336649462978113,6.9584483932976555,0.3426294820717131,0.4978843441466855,0.349347403499028,0.3369565217391304,0.4534246575342466,0.3066954643628509
PatientID_0021,2,3,92.0,True,True,1709,2369,0.1765571358509073,False,83.0,,no_history,69.0,14.0,early_1_84,medium_60_120,0.3263965846324714,7.444248649496705,0.1988597491448118,0.1765571358509073,0.1765571358509073,0.1765571358509073,0.219501899535669,0.1765571358509073
PatientID_0021,3,4,92.0,True,True,2369,16,0.0134171907756813,True,175.0,0.37441474097568345,growth,69.0,106.0,late_gt84,medium_60_120,-4.93743189007296,7.7706452341291765,0.0113838491639985,0.0134171907756813,0.0096969696969696,0.0105090311986863,0.0,0.0134171907756813
PatientID_0021,4,5,63.0,True,True,16,783,0.0400500625782227,True,267.0,-0.9930769230769231,shrink,69.0,198.0,late_gt84,medium_60_120,3.831195676294192,2.833213344056216,0.0448877805486284,0.1681000781860828,0.0,0.0,0.1673052362707535,0.0400500625782227
PatientID_0021,5,6,126.0,True,True,783,2388,0.3853673919899085,True,330.0,45.523809523809526,growth,69.0,261.0,late_gt84,long_gt120,1.1142211269754017,6.664409020350408,0.4172106824925816,0.5066730219256435,0.0227973536740207,0.5419766206163655,0.5385259631490787,0.3853673919899085
PatientID_0022,1,2,52.0,True,True,2836,7553,0.423717393396862,False,95.0,,no_history,67.0,28.0,early_1_84,short_lt60,0.9793300684635508,7.950502434808851,0.4756876910252848,0.423717393396862,0.423717393396862,0.423717393396862,0.6279623990467363,0.423717393396862
PatientID_0022,2,3,9.0,False,True,7553,256,0.0489179152260212,True,147.0,1.7137684523256893,growth,67.0,80.0,early_1_84,short_lt60,-3.3807564183771825,8.929832503272403,0.0520846375359959,0.0489179152260212,0.0512820512820512,0.0540289855072463,0.0,0.0489179152260212
PatientID_0024,2,3,123.0,True,True,3142,8439,0.4087729902426388,False,92.0,,no_history,73.0,19.0,early_1_84,long_gt120,0.9878045507924352,8.052933036797567,0.4689699813900801,0.4087729902426388,0.4087729902426388,0.4087729902426388,0.6565943832207608,0.4087729902426388
PatientID_0025,1,2,114.0,True,True,5995,7398,0.6794594190995296,False,99.0,,no_history,79.0,20.0,early_1_84,medium_60_120,0.21025227570306265,8.698847859222488,0.6967691198636871,0.6794594190995296,0.6794594190995296,0.6794594190995296,0.7028926736955934,0.6794594190995296
PatientID_0025,2,3,78.0,True,True,7398,64,0.0128651835968909,True,213.0,0.23937475778323214,growth,79.0,134.0,late_gt84,medium_60_120,-4.7347128650299135,8.90910013492555,0.0131564276953952,0.0128651835968909,0.0134774021145579,0.0135359772025647,0.0,0.0128651835968909
PatientID_0026,1,2,111.0,True,True,2695,1357,0.1451135241855873,False,71.0,,no_history,44.0,27.0,early_1_84,medium_60_120,-0.6857561639135561,7.899524472032198,0.1359333585762968,0.1451135241855873,0.1451135241855873,0.1451135241855873,0.1252763448784082,0.1451135241855873
PatientID_0029,1,3,183.0,True,True,364,0,0.0,False,88.0,,no_history,56.0,32.0,early_1_84,long_gt120,-5.8998973535824915,5.8998973535824915,0.0,0.0,0.0,0.0,1.0,0.0
PatientID_0030,3,4,3.0,False,True,1115,1844,0.3622845555931058,True,509.0,,no_history,63.0,446.0,late_gt84,short_lt60,0.5027284135333714,7.017506142941256,0.3667003707448601,0.3622845555931058,0.3947281713344316,0.3683501683501683,0.4506507592190889,0.3622845555931058
PatientID_0031,2,3,78.0,True,True,1666,2082,0.3724653148345784,False,510.0,,no_history,,,unknown_rt,medium_60_120,0.22278355851017798,7.418780882750794,0.4125117591721542,0.3724653148345784,0.3724653148345784,0.3724653148345784,0.4101825168107589,0.3724653148345784
PatientID_0031,3,4,85.0,True,True,2082,6609,0.4770452191922679,True,588.0,0.24677032567494392,growth,,,unknown_rt,medium_60_120,1.15477449158476,7.641564441260972,0.5849137012571916,0.4770452191922679,0.5676346755910612,0.5492125984251969,0.8036011499470419,0.4770452191922679
PatientID_0031,4,5,143.0,True,True,6609,4842,0.6511221727360056,True,673.0,2.212508531364398,growth,,,unknown_rt,long_gt120,-0.3110492904425028,8.796338932845732,0.5938342967244702,0.6438238821312318,0.1900164822227454,0.5059002464991871,0.627633209417596,0.6511221727360056
PatientID_0032,1,2,63.0,True,True,69,351,0.0333333333333333,False,91.0,,no_history,56.0,35.0,early_1_84,medium_60_120,1.615135933548738,4.248495242049359,0.0327102803738317,0.0333333333333333,0.0333333333333333,0.0333333333333333,0.0512820512820512,0.0333333333333333
PatientID_0032,2,3,4.0,False,True,351,1169,0.3947368421052631,True,154.0,3.2099173553719007,growth,56.0,98.0,late_gt84,short_lt60,1.2011278521937048,5.863631175598097,0.3978988837820092,0.3947368421052631,0.4313222079589217,0.4135240572171652,0.6082121471343028,0.3947368421052631
PatientID_0032,3,4,132.0,True,True,1169,139,0.1834862385321101,True,158.0,2.5331762858264626,growth,56.0,102.0,late_gt84,long_gt120,-2.1231166051824975,7.064759027791802,0.1529919802590993,0.0686419753086419,0.0016424435779274,0.0098226273761571,0.1294964028776978,0.1834862385321101
PatientID_0032,4,5,76.0,True,True,139,4872,0.0447016563560167,True,290.0,-0.8776530725636181,shrink,56.0,234.0,late_gt84,medium_60_120,3.549822620234202,4.941642422609304,0.0492943748757702,0.2171664943123061,0.0142508143322475,0.0,0.3957307060755337,0.0447016563560167
PatientID_0032,5,6,114.0,True,True,4872,18124,0.4133762393459732,True,366.0,33.20980926430518,growth,56.0,310.0,late_gt84,medium_60_120,1.3135824368793694,8.491465042843506,0.473365416528377,0.3087422814429639,0.1916179947531497,0.7240829346092504,0.8124034429485765,0.4133762393459732
PatientID_0033,1,2,71.0,True,True,211,968,0.0305343511450381,False,89.0,,no_history,61.0,28.0,early_1_84,medium_60_120,1.519678337218754,5.356586274672012,0.0380794701986755,0.0305343511450381,0.0305343511450381,0.0305343511450381,0.0950413223140495,0.0305343511450381
PatientID_0033,2,3,181.0,True,True,968,525,0.5184192900200938,True,160.0,3.5794044665012406,growth,61.0,99.0,late_gt84,long_gt120,-0.6109633991530564,6.876264611890766,0.4890080428954423,0.5184192900200938,0.0222594390621356,0.3067484662576687,0.5695238095238095,0.5184192900200938
PatientID_0033,3,4,110.0,True,True,525,628,0.5915004336513443,True,341.0,-0.45868328366296396,shrink,61.0,280.0,late_gt84,medium_60_120,0.17883004396273072,6.26530121273771,0.6293375394321766,0.5737527114967462,0.5515151515151515,0.4457013574660634,0.6257961783439491,0.5915004336513443
PatientID_0033,4,5,160.0,True,True,628,888,0.741424802110818,True,451.0,0.21146146146146147,growth,61.0,390.0,late_gt84,long_gt120,0.345965978813464,6.444131256700441,0.7628985507246376,0.7574906367041199,0.7527891955372872,0.751500600240096,0.7759009009009009,0.741424802110818
PatientID_0034,1,2,62.0,True,True,145,127,0.0220588235294117,False,113.0,,no_history,,,unknown_rt,medium_60_120,-0.13157635778871932,4.983606621708336,0.0202020202020202,0.0220588235294117,0.0220588235294117,0.0220588235294117,0.0236220472440944,0.0220588235294117
PatientID_0034,2,3,42.0,True,True,127,3,0.0,True,175.0,-0.19340849956634865,shrink,,,unknown_rt,short_lt60,-3.4657359027997265,4.852030263919617,0.0,0.0,0.0,0.0,0.0,0.0
PatientID_0034,3,4,78.0,True,True,3,0,0.0,True,217.0,-0.953763440860215,shrink,,,unknown_rt,medium_60_120,-1.3862943611198906,1.3862943611198906,0.0,0.0,1.0,1.0,1.0,0.0
PatientID_0034,5,6,263.0,True,True,2,13,0.0,True,377.0,2.5,growth,,,unknown_rt,long_gt120,1.540445040947149,1.0986122886681098,0.0,0.0,0.0,0.0,0.0,0.0
PatientID_0035,1,2,91.0,True,True,3225,1194,0.424530436750396,False,64.0,,no_history,46.0,18.0,early_1_84,medium_60_120,-0.9930967943195432,8.078998258685154,0.3917330299582859,0.424530436750396,0.424530436750396,0.424530436750396,0.4430485762144053,0.424530436750396
PatientID_0035,2,3,105.0,True,True,1194,2833,0.5383660293022101,True,155.0,-0.632824427480916,shrink,46.0,109.0,late_gt84,medium_60_120,0.8635429558850147,7.085901464365611,0.6469652193680382,0.5383660293022101,0.2359900373599003,0.0,0.7342040240028238,0.5383660293022101
PatientID_0036,1,2,78.0,True,True,3704,6798,0.4501999619120168,False,78.0,,no_history,59.0,19.0,early_1_84,medium_60_120,0.6070922837962723,8.217438537730187,0.5103716126754347,0.4501999619120168,0.4501999619120168,0.4501999619120168,0.5553103854074728,0.4501999619120168
PatientID_0036,2,3,63.0,True,True,6798,8241,0.796329543187712,True,156.0,0.8280144902535794,growth,59.0,97.0,late_gt84,medium_60_120,0.19246749037230293,8.82453082152646,0.8195308170679145,0.796329543187712,0.8013649053872403,0.8224426958604174,0.8245358572988715,0.796329543187712
PatientID_0036,3,4,98.0,True,True,8241,154,0.0366885050625372,True,219.0,0.21460790789846182,growth,59.0,160.0,late_gt84,medium_60_120,-3.973573194979516,9.016998311898762,0.028597957288765,0.0407623080995235,0.0273243435060326,0.0289473684210526,0.0129870129870129,0.0366885050625372
PatientID_0036,4,5,91.0,True,True,154,3178,0.0900360144057623,True,317.0,-0.9809963328982535,shrink,59.0,258.0,late_gt84,medium_60_120,3.020896843991556,5.043425116919247,0.1132522976578713,0.5581061692969871,0.0018861993083935,0.0,0.5437382001258654,0.0900360144057623
PatientID_0036,5,6,76.0,True,True,3178,4328,0.770050626165734,True,408.0,19.23221586263287,growth,59.0,349.0,late_gt84,medium_60_120,0.3087698865311778,8.064321960910803,0.8040507564665691,0.8034398034398035,0.1969331573918187,0.7655502392344498,0.8082255083179297,0.770050626165734
PatientID_0037,1,2,105.0,True,True,810,540,0.3777777777777777,False,77.0,,no_history,78.0,-1.0,pre_or_during,medium_60_120,-0.4048487752689314,6.698268054115413,0.4469339622641509,0.3777777777777777,0.3777777777777777,0.3777777777777777,0.35,0.3777777777777777
PatientID_0037,2,3,98.0,True,True,540,552,0.5622710622710623,True,182.0,-0.3336627140974967,shrink,78.0,104.0,late_gt84,medium_60_120,0.021938722675853336,6.293419278846481,0.6314176245210728,0.5622710622710623,0.5466377440347071,0.4952380952380952,0.5778985507246377,0.5622710622710623
PatientID_0037,3,4,91.0,True,True,552,1604,0.422077922077922,True,280.0,0.04127533366287692,stable,78.0,202.0,late_gt84,medium_60_120,1.0655210340417813,6.315358001522335,0.50276008492569,0.5236363636363637,0.4300876788186433,0.4300876788186433,0.6066084788029925,0.422077922077922
PatientID_0038,1,2,92.0,True,True,2563,2689,0.3324447829398324,False,102.0,,no_history,53.0,49.0,early_1_84,medium_60_120,0.04797265455532415,7.849323818040561,0.3343252231752144,0.3324447829398324,0.3324447829398324,0.3324447829398324,0.3302342878393455,0.3324447829398324
PatientID_0038,2,3,61.0,True,True,2689,5648,0.6038143216984527,True,194.0,0.013589290224804243,stable,53.0,141.0,late_gt84,medium_60_120,0.7419373447293773,7.897296472595885,0.6437738466874783,0.6038143216984527,0.6179962013295347,0.6175038593991212,0.7662889518413598,0.6038143216984527
PatientID_0038,3,4,65.0,True,True,5648,15948,0.5107427301352102,True,255.0,1.151415470494418,growth,53.0,202.0,late_gt84,medium_60_120,1.037917592997492,8.639233817325263,0.5574991029781127,0.473611442193087,0.7960987289179958,0.6805123439330882,0.8471281665412591,0.5107427301352102
PatientID_0038,4,5,4.0,False,True,15948,6215,0.5476695393222939,True,320.0,1.911434925635917,growth,53.0,267.0,late_gt84,short_lt60,-0.9422695182752707,9.677151410322754,0.5453810934554268,0.5929742388758782,0.5262976523799268,0.5347194806334167,0.5797264682220434,0.5476695393222939
PatientID_0038,5,6,58.0,True,True,6215,16974,0.5322351114752685,True,324.0,-0.6162721304953253,shrink,53.0,271.0,late_gt84,short_lt60,1.0046150603794135,8.734881892047483,0.5731400804289544,0.574525064858984,0.0,0.0,0.8242017202780724,0.5322351114752685
PatientID_0039,1,2,98.0,True,True,36,152,0.0212765957446808,False,99.0,,no_history,57.0,42.0,early_1_84,medium_60_120,1.419520008748211,3.6109179126442243,0.0204081632653061,0.0212765957446808,0.0212765957446808,0.0212765957446808,0.0394736842105263,0.0212765957446808
PatientID_0039,2,3,62.0,True,True,152,313,0.3784946236559139,True,197.0,3.1340579710144927,growth,57.0,140.0,late_gt84,medium_60_120,0.7189550645158178,5.030437921392435,0.4057971014492754,0.3784946236559139,0.5290697674418605,0.4609665427509293,0.5111821086261981,0.3784946236559139
PatientID_0039,3,4,92.0,True,True,313,56,0.3035230352303523,True,259.0,1.1148115687992988,growth,57.0,202.0,late_gt84,medium_60_120,-1.7063417180737033,5.749392985908253,0.2635294117647059,0.1481481481481481,0.1157024793388429,0.1842105263157894,0.25,0.3035230352303523
PatientID_0039,4,6,63.0,True,True,56,89,0.2620689655172414,True,351.0,-0.8151678408619976,shrink,57.0,294.0,late_gt84,medium_60_120,0.4567584024957149,4.04305126783455,0.25,0.1389728096676737,0.2075471698113207,0.0,0.2122905027932961,0.2620689655172414
PatientID_0041,1,2,91.0,True,True,127,233,0.05,False,91.0,,no_history,59.0,32.0,early_1_84,medium_60_120,0.6032908514380843,4.852030263919617,0.0562659846547314,0.05,0.05,0.05,0.0858369098712446,0.05
PatientID_0044,2,3,98.0,True,True,230,22,0.0238095238095238,True,86.0,,no_history,,,unknown_rt,medium_60_120,-2.306923494592644,5.442417710521793,0.0291545189504373,0.0238095238095238,0.0002540195710533,0.030050083472454,0.0,0.0238095238095238
PatientID_0044,3,4,85.0,True,True,22,377,0.0050125313283208,True,184.0,-0.8966725043782837,shrink,,,unknown_rt,medium_60_120,2.799399979690438,3.1354942159291497,0.0098522167487684,0.0050125313283208,0.0,0.0,0.1114058355437665,0.0050125313283208
PatientID_0044,4,5,88.0,True,True,377,2557,0.0967961826857532,True,269.0,15.265536723163843,growth,,,unknown_rt,medium_60_120,1.9120867865192004,5.934894195619588,0.1187601957585644,0.0967961826857532,0.3110591734834803,0.1659600242277407,0.3046538912788424,0.0967961826857532
PatientID_0044,5,6,120.0,True,True,2557,324,0.1443943075321069,True,357.0,5.737408822507815,growth,,,unknown_rt,medium_60_120,-2.0631557998090506,7.846980982138788,0.1311239193083573,0.1443943075321069,0.0185042405551272,0.1014690809702767,0.1141975308641975,0.1443943075321069
PatientID_0045,1,2,70.0,True,True,491,2228,0.3015814637734461,False,98.0,,no_history,59.0,39.0,early_1_84,medium_60_120,1.5108296168935607,6.198478716492308,0.3317773788150808,0.3015814637734461,0.3015814637734461,0.3015814637734461,0.5062836624775583,0.3015814637734461
PatientID_0045,2,3,30.0,True,True,2228,808,0.3326745718050066,True,168.0,3.5255704169944924,growth,59.0,109.0,late_gt84,short_lt60,-1.0135094163273772,7.709308333385869,0.3298512187401076,0.3326745718050066,0.2866166600868535,0.3333333333333333,0.3032178217821782,0.3326745718050066
PatientID_0045,3,4,51.0,True,True,808,754,0.4443021766965428,True,198.0,-0.6394877144181734,shrink,59.0,139.0,late_gt84,short_lt60,-0.06908116780946703,6.695798917058491,0.4329268292682927,0.426506873457878,0.2073578595317725,0.0,0.4588859416445623,0.4443021766965428
PatientID_0051,1,3,90.0,True,True,3628,2950,0.500456065673457,False,99.0,,no_history,38.0,61.0,early_1_84,medium_60_120,-0.20681303227013093,8.19671240721307,0.5420460632029994,0.500456065673457,0.500456065673457,0.500456065673457,0.4264406779661017,0.500456065673457
PatientID_0051,3,4,87.0,True,True,2950,2024,0.6369119420989143,True,189.0,-0.19927161066876137,shrink,38.0,151.0,late_gt84,medium_60_120,-0.3765743954022999,7.989899374942939,0.5871980250396756,0.6369119420989143,0.6041901329128182,0.6075480435285946,0.6017786561264822,0.6369119420989143
PatientID_0052,1,2,70.0,True,True,538,1705,0.016941596076683,False,104.0,,no_history,66.0,38.0,early_1_84,medium_60_120,1.1521911571426273,6.289715570908998,0.0241900647948164,0.016941596076683,0.016941596076683,0.016941596076683,0.0557184750733137,0.016941596076683
PatientID_0053,4,5,69.0,True,True,8,146,0.0,True,491.0,,no_history,86.0,405.0,late_gt84,medium_60_120,2.793208009442517,2.1972245773362196,0.0,0.0,0.0,0.0,0.0,0.0
PatientID_0053,5,6,91.0,True,True,146,1772,0.1522419186652763,True,560.0,13.21951219512195,growth,86.0,474.0,late_gt84,medium_60_120,2.4899957192954716,4.990432586778736,0.1798671435871231,0.1522419186652763,0.2283164938984385,0.28,0.3843115124153499,0.1522419186652763
PatientID_0054,1,2,77.0,True,True,5018,7102,0.449009900990099,False,98.0,,no_history,71.0,27.0,early_1_84,medium_60_120,0.3472865193428763,8.520985989654934,0.535047258979206,0.449009900990099,0.449009900990099,0.449009900990099,0.5404111517882286,0.449009900990099
PatientID_0055,1,4,182.0,True,True,4367,1772,0.2003583645544877,False,93.0,,no_history,62.0,31.0,early_1_84,long_gt120,-0.9016322113505331,8.38206051742474,0.2140485312899106,0.2003583645544877,0.2003583645544877,0.2003583645544877,0.1478555304740406,0.2003583645544877
PatientID_0055,4,5,64.0,True,True,1772,2389,0.7498197548666186,True,275.0,-0.6036126442548921,shrink,62.0,213.0,late_gt84,medium_60_120,0.2986203388513485,7.480428306074208,0.7507425177061915,0.7498197548666186,0.6289752650176679,0.4876847290640394,0.7626622017580578,0.7498197548666186
PatientID_0055,5,6,42.0,True,True,2389,3479,0.7385821404226313,True,339.0,0.3526433358153388,growth,62.0,277.0,late_gt84,short_lt60,0.3757389278429637,7.779048644925556,0.7679603633360859,0.7789287518948964,0.7899765074393109,0.7859078590785907,0.7933314170738718,0.7385821404226313
PatientID_0059,1,2,1109.0,False,True,965,259,0.0490196078431372,False,46.0,,no_history,9.0,37.0,early_1_84,long_gt120,-1.3124822031969903,6.873163834212518,0.0705049680141554,0.0490196078431372,0.0490196078431372,0.0490196078431372,0.054054054054054,0.0490196078431372
PatientID_0059,2,3,177.0,True,True,259,908,0.0,True,1155.0,-0.7197591680350302,shrink,9.0,1146.0,late_gt84,long_gt120,1.2516634631619512,5.560681631015528,0.0,0.0,0.0,0.0,0.0,0.0
PatientID_0060,1,2,3.0,False,True,4474,13689,0.4835104332984639,False,8.0,,no_history,,,unknown_rt,short_lt60,1.1181592875735389,8.406261630708956,0.48626071664102,0.4835104332984639,0.4835104332984639,0.4835104332984639,0.8796113667908539,0.4835104332984639
PatientID_0062,1,2,3.0,False,True,4542,13689,0.4891668037957325,False,8.0,,no_history,,,unknown_rt,short_lt60,1.1030780525230912,8.421342865759403,0.492061754078616,0.4891668037957325,0.4891668037957325,0.4891668037957325,0.8792461100153408,0.4891668037957325
PatientID_0064,1,2,84.0,True,True,5509,3566,0.6939944903581268,False,56.0,,no_history,107.0,-51.0,pre_or_during,medium_60_120,-0.43483971678806865,8.61431990214696,0.6518834124140602,0.6939944903581268,0.6939944903581268,0.6939944903581268,0.7277061132922041,0.6939944903581268
PatientID_0065,1,2,14.0,True,True,339,3731,0.1646191646191646,False,62.0,,no_history,41.0,21.0,early_1_84,short_lt60,2.3957539443570273,5.8289456176102075,0.170014698677119,0.1646191646191646,0.1646191646191646,0.1646191646191646,0.7866523720182257,0.1646191646191646
PatientID_0065,2,3,63.0,True,True,3731,2945,0.823247453565009,True,76.0,10.050860420650096,growth,41.0,35.0,early_1_84,medium_60_120,-0.23649596494465888,8.224699561967235,0.7813522355507089,0.823247453565009,0.0344989494195396,0.2679124886052871,0.8264855687606112,0.823247453565009
PatientID_0065,3,4,80.0,True,True,2945,6431,0.5373293515358362,True,139.0,-0.20918402657623364,shrink,41.0,98.0,late_gt84,medium_60_120,0.7808372138362267,7.988203597022576,0.5951054516514127,0.737351835790691,0.4563399907106363,0.4230126521842922,0.7233711708909968,0.5373293515358362
PatientID_0065,4,5,127.0,True,True,6431,5241,0.8029472241261137,True,219.0,1.1947665514374481,growth,41.0,178.0,late_gt84,long_gt120,-0.2045824269754506,8.769040810858803,0.7285815102328864,0.7804839474932785,0.3817605710747714,0.6090898523770778,0.8048082427017744,0.8029472241261137
PatientID_0066,1,2,63.0,True,True,42,14,0.0,False,44.0,,no_history,,,unknown_rt,medium_60_120,-1.0531499145913523,3.7612001156935624,0.0,0.0,0.0,0.0,0.0,0.0
PatientID_0066,2,3,108.0,True,True,14,21,0.0,True,107.0,-0.6437125748502994,shrink,,,unknown_rt,medium_60_120,0.3829922522561057,2.70805020110221,0.0,0.0,0.0,0.0,0.0,0.0
PatientID_0066,3,5,170.0,True,True,21,0,0.0,True,215.0,0.3949579831932773,growth,,,unknown_rt,long_gt120,-3.0910424533583156,3.091042453358316,0.0,0.0,0.0,0.0,1.0,0.0
PatientID_0067,1,2,103.0,True,True,554,945,0.1801200800533689,False,100.0,,no_history,64.0,36.0,early_1_84,medium_60_120,0.5332744553054437,6.318968113746434,0.2613430127041742,0.1801200800533689,0.1801200800533689,0.1801200800533689,0.3164021164021164,0.1801200800533689
PatientID_0068,1,2,77.0,True,True,317,223,0.0777777777777777,False,13.0,,no_history,61.0,-48.0,pre_or_during,medium_60_120,-0.35040533092513704,5.762051382780177,0.0914826498422713,0.0777777777777777,0.0777777777777777,0.0777777777777777,0.0672645739910313,0.0777777777777777
PatientID_0068,2,3,21.0,True,True,223,664,0.0992108229988726,True,90.0,-0.310683585755219,shrink,61.0,29.0,early_1_84,short_lt60,1.0881409888008142,5.4116460518550396,0.1018826135105204,0.0992108229988726,0.0945790080738177,0.0859465737514518,0.2093373493975903,0.0992108229988726
PatientID_0068,3,4,48.0,True,True,664,524,0.6111111111111112,True,111.0,2.017814726840855,growth,61.0,50.0,early_1_84,short_lt60,-0.2363887780642304,6.499787040655854,0.5941807044410413,0.5954045954045954,0.1194695458279544,0.4553734061930783,0.601145038167939,0.6111111111111112
PatientID_0068,4,5,189.0,True,True,524,1293,0.5250412768299395,True,159.0,-0.18811491538764266,shrink,61.0,98.0,late_gt84,long_gt120,0.9020952124692221,6.263398262591624,0.6620026235242676,0.659444182760245,0.2748498999332888,0.0,0.6488785769528229,0.5250412768299395
PatientID_0069,2,3,51.0,True,True,354,214,0.6584507042253521,False,125.0,,no_history,55.0,70.0,early_1_84,short_lt60,-0.5014797613477531,5.872117789475416,0.6181229773462783,0.6584507042253521,0.6584507042253521,0.6584507042253521,0.6962616822429907,0.6584507042253521
PatientID_0069,3,4,50.0,True,True,214,177,0.690537084398977,True,176.0,-0.43043640432674374,shrink,55.0,121.0,late_gt84,short_lt60,-0.1888544778355777,5.3706380281276624,0.665083135391924,0.690537084398977,0.5732899022801303,0.4173228346456692,0.6610169491525424,0.690537084398977
PatientID_0069,4,5,102.0,True,True,177,36,0.3098591549295774,True,226.0,-0.10674525212835625,shrink,55.0,171.0,late_gt84,medium_60_120,-1.5708656376478607,5.181783550292085,0.2631578947368421,0.1694915254237288,0.3974358974358974,0.4057971014492754,0.25,0.3098591549295774
PatientID_0069,5,6,142.0,True,True,36,24,0.3333333333333333,True,328.0,-0.7653958944281525,shrink,55.0,273.0,late_gt84,long_gt120,-0.39204208777602373,3.6109179126442243,0.5263157894736842,0.1052631578947368,0.2222222222222222,0.0,0.4166666666666667,0.3333333333333333
PatientID_0070,1,2,3.0,False,True,129,3525,0.0465243568691844,False,169.0,,no_history,85.0,84.0,early_1_84,short_lt60,3.300384912502233,4.867534450455582,0.0470588235294117,0.0465243568691844,0.0465243568691844,0.0465243568691844,0.5971631205673759,0.0465243568691844
PatientID_0070,2,3,102.0,True,True,3525,1907,0.5975699558173785,True,172.0,26.98780487804878,growth,85.0,87.0,late_gt84,medium_60_120,-0.6141085109495837,8.167919362957816,0.5578996718237225,0.5975699558173785,0.0248115004304834,0.0314650608787718,0.5448348190875721,0.5975699558173785
PatientID_0070,3,4,146.0,True,True,1907,3186,0.4574906734733948,True,274.0,-0.4632534495279593,shrink,85.0,189.0,late_gt84,long_gt120,0.5130244624091045,7.553810852008231,0.5305914343983684,0.51304016752332,0.2796077445310536,0.0,0.5464532328939109,0.4574906734733948
PatientID_0072,1,2,103.0,True,True,1802,50,0.0345572354211663,False,44.0,,no_history,43.0,1.0,early_1_84,medium_60_120,-3.5653815904789914,7.497207223203318,0.0316534777176176,0.0345572354211663,0.0345572354211663,0.0345572354211663,0.0,0.0345572354211663
PatientID_0072,2,3,86.0,True,True,50,310,0.0055555555555555,True,147.0,-0.9669616098187527,shrink,43.0,104.0,late_gt84,medium_60_120,1.8079672794549082,3.9318256327243257,0.010752688172043,0.0055555555555555,0.0,0.0,0.0290322580645161,0.0055555555555555
PatientID_0073,1,2,43.0,True,True,1334,1142,0.5088852988691438,False,92.0,,no_history,53.0,39.0,early_1_84,short_lt60,-0.1552749070395393,7.19668657083435,0.5206106870229008,0.5088852988691438,0.5088852988691438,0.5088852988691438,0.4772329246935201,0.5088852988691438
PatientID_0073,2,3,55.0,True,True,1142,1026,0.6226937269372693,True,135.0,-0.1610926986039972,shrink,53.0,82.0,early_1_84,short_lt60,-0.10701445386625244,7.04141166379481,0.6443298969072165,0.6226937269372693,0.5708460754332314,0.5619146722164412,0.5886939571150097,0.6226937269372693
PatientID_0073,3,4,42.0,True,True,1026,4665,0.1563872781584958,True,190.0,-0.08643601101400694,stable,53.0,137.0,late_gt84,short_lt60,1.513660242652817,6.934397209928558,0.1614071391619244,0.1783523951599535,0.1536541889483066,0.1535166012138522,0.1809217577706323,0.1563872781584958
PatientID_0074,1,2,81.0,True,True,354,151,0.0396039603960396,False,34.0,,no_history,,,unknown_rt,medium_60_120,-0.8482372686291394,5.872117789475416,0.0464285714285714,0.0396039603960396,0.0396039603960396,0.0396039603960396,0.0463576158940397,0.0396039603960396
PatientID_0074,2,3,83.0,True,True,151,12,0.0,True,115.0,-0.5563037785260008,shrink,,,unknown_rt,medium_60_120,-2.4589311633847397,5.0238805208462765,0.0,0.0,0.0,0.0,0.0,0.0
PatientID_0074,3,4,146.0,True,True,12,544,0.0,True,198.0,-0.9232715008431703,shrink,,,unknown_rt,long_gt120,3.735836437201707,2.5649493574615367,0.0,0.0,0.0,0.0,0.0,0.0
PatientID_0074,4,5,240.0,True,True,544,11,0.0,True,344.0,45.27472527472528,growth,,,unknown_rt,long_gt120,-3.8158791448752436,6.300785794663244,0.0,0.0,0.0001086865233651,0.0,0.0,0.0
PatientID_0074,5,6,103.0,True,True,11,0,0.0,True,584.0,-0.9805271906910472,shrink,,,unknown_rt,medium_60_120,-2.4849066497880004,2.4849066497880004,0.0,0.0,0.0,1.0,1.0,0.0
PatientID_0076,1,2,41.0,True,True,898,12038,0.0,False,36.0,,no_history,56.0,-20.0,pre_or_during,short_lt60,2.594623624463406,6.80128303447162,0.0,0.0,0.0,0.0,0.0,0.0
PatientID_0078,1,2,103.0,True,True,427,2058,0.1770623742454728,False,-1.0,,no_history,,,unknown_rt,medium_60_120,1.5708525114459926,6.059123195581797,0.2373263236950807,0.1770623742454728,0.1770623742454728,0.1770623742454728,0.5082604470359572,0.1770623742454728
PatientID_0078,2,3,166.0,True,True,2058,660,0.2634289919058131,True,102.0,3.8025107164727494,growth,,,unknown_rt,long_gt120,-1.1362218671761033,7.629975707027789,0.2500585343011004,0.2634289919058131,0.0497175141242937,0.228165326351225,0.2,0.2634289919058131
PatientID_0079,1,2,25.0,True,True,4609,1357,0.4485417365068723,False,68.0,,no_history,57.0,11.0,early_1_84,short_lt60,-1.2222148278720528,8.435983135990694,0.4286171574903969,0.4485417365068723,0.4485417365068723,0.4485417365068723,0.522476050110538,0.4485417365068723
PatientID_0079,2,3,12.0,False,True,1357,2386,0.5818861875500935,True,93.0,-0.718995464100011,shrink,57.0,36.0,early_1_84,short_lt60,0.5640243182201886,7.213768308118642,0.5795875198307774,0.5818861875500935,0.3910828025477707,0.0,0.6923721709974854,0.5818861875500935
PatientID_0079,3,4,51.0,True,True,2386,830,0.2810945273631841,True,105.0,0.8040354330708661,growth,57.0,48.0,early_1_84,short_lt60,-1.055162831483382,7.77779262633883,0.3098751418842225,0.2553581241985712,0.0613338259745058,0.2103043879298985,0.2289156626506024,0.2810945273631841
PatientID_0079,4,5,54.0,True,True,830,3420,0.2677647058823529,True,156.0,-0.6619564624365759,shrink,57.0,99.0,late_gt84,short_lt60,1.4150583901221565,6.7226297948554485,0.3029330889092576,0.544101228135467,0.1154158764562449,0.0,0.5435672514619883,0.2677647058823529
PatientID_0079,5,6,219.0,True,True,3420,10001,0.4758214738097012,True,210.0,3.224983860555197,growth,57.0,153.0,late_gt84,long_gt120,1.0728521670012443,8.137688184977605,0.644792790505807,0.5821647379169503,0.1009868154978565,0.7333751306165099,0.7392260773922608,0.4758214738097012
PatientID_0080,1,2,31.0,True,True,1225,5098,0.2090779693183615,False,71.0,,no_history,44.0,27.0,early_1_84,short_lt60,1.425287604558999,7.111512116496157,0.2156099080853715,0.2090779693183615,0.2090779693183615,0.2090779693183615,0.5237347979599843,0.2090779693183615
PatientID_0082,1,2,128.0,True,True,1316,870,0.4693504117108875,False,79.0,,no_history,73.0,6.0,early_1_84,long_gt120,-0.41346972489077816,7.183111701743281,0.4745127436281859,0.4693504117108875,0.4693504117108875,0.4693504117108875,0.4712643678160919,0.4693504117108875
PatientID_0083,1,2,39.0,True,True,1260,3751,0.1804031131510676,False,36.0,,no_history,29.0,7.0,early_1_84,short_lt60,1.0903839741611958,7.13966033596492,0.1970021413276231,0.1804031131510676,0.1804031131510676,0.1804031131510676,0.3263129832044788,0.1804031131510676
PatientID_0083,2,3,38.0,True,True,3751,3570,0.6064745253380686,True,75.0,2.0225453013063635,growth,29.0,46.0,early_1_84,short_lt60,-0.0494433625316668,8.230044310126114,0.6209499024072869,0.6064745253380686,0.4745927209705373,0.6021748050882232,0.6201680672268908,0.6064745253380686
PatientID_0083,3,4,80.0,True,True,3570,4931,0.3768968356663922,True,113.0,-0.03834088532589752,stable,29.0,84.0,early_1_84,medium_60_120,0.32289891668978654,8.18060094759445,0.4381877022653722,0.4570086402147471,0.3686794305351006,0.3672413793103448,0.4477793551003853,0.3768968356663922
PatientID_0083,4,5,14.0,True,True,4931,1963,0.3582825645488831,True,193.0,0.38872779992750994,growth,29.0,164.0,late_gt84,short_lt60,-0.9207613753698238,8.503499864284235,0.3592356687898089,0.3459572490706319,0.3584458988998746,0.3586651710600112,0.3560876209882832,0.3582825645488831
PatientID_0083,5,6,18.0,True,True,1963,1461,0.4649532710280374,True,207.0,-0.6040976119013441,shrink,29.0,178.0,late_gt84,short_lt60,-0.2951778486046874,7.582738488914411,0.4652619589977221,0.4226686264902825,0.3609898107714702,0.0,0.4428473648186173,0.4649532710280374
PatientID_0084,1,2,101.0,True,True,3797,6091,0.6229773462783171,False,-4.0,,no_history,69.0,-73.0,pre_or_during,medium_60_120,0.47250182264282126,8.242229891372231,0.676105224698575,0.6229773462783171,0.6229773462783171,0.6229773462783171,0.7087506156624528,0.6229773462783171
PatientID_0084,2,3,91.0,True,True,6091,1133,0.2751937984496124,True,97.0,0.622543529172182,growth,69.0,28.0,early_1_84,medium_60_120,-1.681225229727355,8.714731714015052,0.2495135630078974,0.2751937984496124,0.2144018360906569,0.2376493380690991,0.1032656663724624,0.2751937984496124
PatientID_0084,3,4,89.0,True,True,1133,3849,0.2360497792051385,True,188.0,-0.8189101558414392,shrink,69.0,119.0,late_gt84,medium_60_120,1.2223219429941325,7.033506484287697,0.2572298325722983,0.3479384774460385,0.0796656011802311,0.0,0.3463237204468693,0.2360497792051385
PatientID_0084,4,5,95.0,True,True,3849,663,0.1276595744680851,True,277.0,2.2685687882638326,growth,69.0,208.0,late_gt84,medium_60_120,-1.757546277805396,8.25582842728183,0.1515865820489574,0.1283562540929927,0.0892568659127625,0.1254891377681824,0.1523378582202111,0.1276595744680851
PatientID_0084,5,6,91.0,True,True,663,236,0.353726362625139,True,372.0,-0.8211054566016398,shrink,69.0,303.0,late_gt84,medium_60_120,-1.0302220083413027,6.498282149476434,0.3007518796992481,0.1118546845124283,0.2458100558659217,0.0,0.288135593220339,0.353726362625139
PatientID_0085,1,2,73.0,True,True,186,332,0.166023166023166,False,68.0,,no_history,39.0,29.0,early_1_84,medium_60_120,0.5770338731258572,5.231108616854587,0.2527075812274368,0.166023166023166,0.166023166023166,0.166023166023166,0.3283132530120481,0.166023166023166
PatientID_0085,2,3,61.0,True,True,332,129,0.2429501084598698,True,141.0,0.7905500705218618,growth,39.0,102.0,late_gt84,medium_60_120,-0.9406080395248615,5.808142489980444,0.2373540856031128,0.2429501084598698,0.2068965517241379,0.2195540308747856,0.2248062015503876,0.2429501084598698
PatientID_0085,3,4,133.0,True,True,129,226,0.028169014084507,True,202.0,-0.6089011421819615,shrink,39.0,163.0,late_gt84,long_gt120,0.5574155670258203,4.867534450455582,0.0247524752475247,0.023094688221709,0.0,0.0,0.0221238938053097,0.028169014084507
PatientID_0087,1,2,129.0,True,True,1066,1183,0.0097821253890618,False,129.0,,no_history,,,unknown_rt,long_gt120,0.10404756414219771,6.9726062513017535,0.0282386163078009,0.0097821253890618,0.0097821253890618,0.0097821253890618,0.0109890109890109,0.0097821253890618
PatientID_0087,2,3,51.0,True,True,1183,233,0.1751412429378531,True,258.0,0.13047796399751707,growth,,,unknown_rt,short_lt60,-1.6213327000862496,7.076653815443951,0.1659548505186089,0.1751412429378531,0.1705320600272851,0.1709986320109439,0.0042918454935622,0.1751412429378531
PatientID_0088,1,2,11.0,False,True,906,1073,0.8216270843860536,False,0.0,,no_history,,,unknown_rt,short_lt60,0.1690028249536734,6.810142450115136,0.8169576059850374,0.8216270843860536,0.8216270843860536,0.8216270843860536,0.8219944082013048,0.8216270843860536
PatientID_0089,1,2,89.0,True,True,450,1528,0.0788675429726997,False,114.0,,no_history,91.0,23.0,early_1_84,medium_60_120,1.220901866426384,6.111467339502679,0.1088825214899713,0.0788675429726997,0.0788675429726997,0.0788675429726997,0.168848167539267,0.0788675429726997
PatientID_0089,2,3,91.0,True,True,1528,415,0.3674729799279465,True,203.0,2.2481389578163773,growth,91.0,112.0,late_gt84,medium_60_120,-1.301683945667799,7.332369205929062,0.3320561941251596,0.3674729799279465,0.1445489376523859,0.2660098522167488,0.3686746987951807,0.3674729799279465
PatientID_0089,3,4,77.0,True,True,415,0,0.0,True,294.0,-0.739665563194975,shrink,91.0,203.0,late_gt84,medium_60_120,-6.030685260261263,6.030685260261263,0.0,0.0,0.0,1.0,1.0,0.0
PatientID_0089,5,6,99.0,True,True,648,166,0.0491400491400491,True,469.0,,no_history,91.0,378.0,late_gt84,medium_60_120,-1.357438904287335,6.47543271670409,0.0398803589232303,0.0412371134020618,0.0017300082819545,0.046289993192648,0.0421686746987951,0.0491400491400491
PatientID_0090,1,2,91.0,True,True,1129,953,0.2843419788664745,False,70.0,,no_history,45.0,25.0,early_1_84,medium_60_120,-0.16930924025809974,7.029972911706386,0.3235668789808917,0.2843419788664745,0.2843419788664745,0.2843419788664745,0.2885624344176285,0.2843419788664745
PatientID_0091,1,2,33.0,True,True,1067,12560,0.0774932120055771,False,24.0,,no_history,,,unknown_rt,short_lt60,2.464809035167113,6.97354301952014,0.0908030899285818,0.0774932120055771,0.0774932120055771,0.0774932120055771,0.4370222929936305,0.0774932120055771
PatientID_0092,1,2,35.0,True,True,77,572,0.0400616332819722,False,53.0,,no_history,26.0,27.0,early_1_84,short_lt60,1.9941768900251478,4.356708826689592,0.0397553516819571,0.0400616332819722,0.0400616332819722,0.0400616332819722,0.0227272727272727,0.0400616332819722
PatientID_0093,1,2,63.0,True,True,1663,1963,0.8896856039713182,False,109.0,,no_history,21.0,88.0,late_gt84,medium_60_120,0.16575886753325722,7.416979621381154,0.8969387755102041,0.8896856039713182,0.8896856039713182,0.8896856039713182,0.8970962812022415,0.8896856039713182
PatientID_0093,2,3,57.0,True,True,1963,2203,0.7402784445511282,True,172.0,0.18885712077891972,growth,21.0,151.0,late_gt84,short_lt60,0.11529068135839386,7.582738488914411,0.7297900848593122,0.7402784445511282,0.7292595896520964,0.7311246337615506,0.7335451656831593,0.7402784445511282
PatientID_0093,3,4,36.0,True,True,2203,9324,0.2927040860588184,True,229.0,0.11179720506987326,growth,21.0,208.0,late_gt84,short_lt60,1.442425074239211,7.698029170272805,0.28921819110884,0.28917926381416,0.289403916873343,0.2895795872934326,0.4025096525096525,0.2927040860588184
PatientID_0094,1,2,91.0,True,True,599,558,0.2592912705272255,False,179.0,,no_history,48.0,131.0,late_gt84,medium_60_120,-0.07078018206104723,6.396929655216146,0.3689627870150435,0.2592912705272255,0.2592912705272255,0.2592912705272255,0.2508960573476702,0.2592912705272255
PatientID_0094,2,3,43.0,True,True,558,396,0.4276729559748428,True,270.0,0.005409219190968956,stable,48.0,222.0,late_gt84,short_lt60,-0.34221319246790877,6.326149473155099,0.4444444444444444,0.4276729559748428,0.4316239316239316,0.4320855614973262,0.3964646464646464,0.4276729559748428
PatientID_0094,3,4,37.0,True,True,396,271,0.5487256371814093,True,313.0,-0.2790643274853801,shrink,48.0,265.0,late_gt84,short_lt60,-0.37813421439119305,5.983936280687191,0.5273775216138329,0.4124860646599777,0.5865724381625441,0.5946969696969697,0.5904059040590406,0.5487256371814093
PatientID_0094,4,5,47.0,True,True,271,969,0.2161290322580645,True,350.0,-0.31829980532122,shrink,48.0,302.0,late_gt84,short_lt60,1.2714940052014312,5.605802066295998,0.235759493670886,0.314410480349345,0.1725352112676056,0.1332099907493062,0.3446852425180599,0.2161290322580645
PatientID_0094,5,6,254.0,True,True,969,7241,0.2194884287454324,True,397.0,2.5254640647310804,growth,48.0,349.0,late_gt84,long_gt120,2.010356618828158,6.877296071497429,0.3317751681678257,0.1697398332912351,0.0711596818461323,0.6244366549824737,0.6982460986051651,0.2194884287454324
PatientID_0095,1,2,80.0,True,True,1820,10831,0.2584775907042921,False,70.0,,no_history,44.0,26.0,early_1_84,medium_60_120,1.7831189154244482,7.507141079727608,0.333182024512029,0.2584775907042921,0.2584775907042921,0.2584775907042921,0.6495245129720247,0.2584775907042921
PatientID_0095,2,3,7.0,False,True,10831,3960,0.4689338111013454,True,150.0,5.198046504847292,growth,44.0,106.0,late_gt84,short_lt60,-1.0060081975301396,9.290259995152056,0.4656169025313932,0.4689338111013454,0.4406738868832732,0.4568971050773477,0.4656565656565656,0.4689338111013454
PatientID_0095,3,4,110.0,True,True,3960,459,0.1507128309572301,True,157.0,-0.6396020274958545,shrink,44.0,113.0,late_gt84,medium_60_120,-2.153025308138776,8.284251797621916,0.1185758015144192,0.0870427501101807,0.0,0.0,0.3485838779956427,0.1507128309572301
PatientID_0095,4,6,121.0,True,True,459,1450,0.4410686223153483,True,267.0,-0.8838309675314081,shrink,44.0,223.0,late_gt84,long_gt120,1.148781763401047,6.131226489483141,0.4995331465919701,0.5743985743985744,0.0563002680965147,0.0,0.6006896551724138,0.4410686223153483
PatientID_0097,1,2,69.0,True,True,783,1331,0.0047303689687795,False,85.0,,no_history,59.0,26.0,early_1_84,medium_60_120,0.5300278307499267,6.664409020350408,0.0044111160123511,0.0047303689687795,0.0047303689687795,0.0047303689687795,0.0075131480090157,0.0047303689687795
PatientID_0097,2,3,42.0,True,True,1331,1393,0.5954478707782672,True,154.0,0.6774462410401734,growth,59.0,95.0,late_gt84,short_lt60,0.045495740220134646,7.194436851100335,0.6082725060827251,0.5954478707782672,0.620860414732281,0.6200130804447351,0.5994256999282125,0.5954478707782672
PatientID_0097,3,4,58.0,True,True,1393,2838,0.5880406523280548,True,196.0,0.065984298916824,stable,59.0,137.0,late_gt84,short_lt60,0.711274565152502,7.2399325913204695,0.6027827648114902,0.6509098514955031,0.5841240453598704,0.5837387074357192,0.6983791402396053,0.5880406523280548
PatientID_0097,4,5,21.0,True,True,2838,6556,0.4954226101767085,True,254.0,1.0083900438146733,growth,59.0,195.0,late_gt84,short_lt60,0.8370813037906482,7.951207156472972,0.5159128978224455,0.4645048203330412,0.5793899100508408,0.551578098215186,0.7194935936546675,0.4954226101767085
PatientID_0097,5,6,36.0,True,True,6556,2095,0.3199630100566408,True,275.0,1.3329929446713702,growth,59.0,216.0,late_gt84,short_lt60,-1.1405024148226868,8.788288460263619,0.3009687836383208,0.3421183490800596,0.1391110661131922,0.2229617304492512,0.3107398568019093,0.3199630100566408
PatientID_0099,1,2,49.0,True,True,1156,1746,0.2508614748449345,False,0.0,,no_history,,,unknown_rt,short_lt60,0.41206958294038004,7.053585727193677,0.297653487624558,0.2508614748449345,0.2508614748449345,0.2508614748449345,0.3356242840778923,0.2508614748449345
PatientID_0103,1,2,68.0,True,True,153,888,0.042267050912584,False,70.0,,no_history,40.0,30.0,early_1_84,medium_60_120,1.7531446331002754,5.0369526024136295,0.0542563143124415,0.042267050912584,0.042267050912584,0.042267050912584,0.1565315315315315,0.042267050912584
PatientID_0103,2,3,44.0,True,True,888,1989,0.4045881126173097,True,138.0,4.3032311516155755,growth,40.0,98.0,late_gt84,short_lt60,0.8057926822046335,6.790097235513905,0.4586971121558093,0.4045881126173097,0.6077441077441077,0.5648672830301222,0.5867269984917044,0.4045881126173097
PatientID_0103,3,4,8.0,False,True,1989,91,0.0,True,182.0,1.4163411966880175,growth,40.0,142.0,late_gt84,short_lt60,-3.0741013406694977,7.595889917718538,0.0,0.0,0.0,0.0,0.0,0.0
PatientID_0103,4,5,115.0,True,True,91,467,0.017921146953405,True,190.0,-0.9528027413202301,shrink,40.0,150.0,late_gt84,medium_60_120,1.6266797188686064,4.5217885770490405,0.0238500851788756,0.1733547351524879,0.0,0.0,0.1284796573875803,0.017921146953405
PatientID_0103,5,6,73.0,True,True,467,1075,0.2944228274967574,True,305.0,3.8808219178082193,growth,40.0,265.0,late_gt84,medium_60_120,0.8325374448040829,6.148468295917647,0.3270055113288426,0.3684913217623498,0.3793969849246231,0.3773161145423919,0.3758139534883721,0.2944228274967574
PatientID_0105,1,2,91.0,True,True,62,35,0.0,False,82.0,,no_history,43.0,39.0,early_1_84,medium_60_120,-0.5596157879354228,4.143134726391533,0.0,0.0,0.0,0.0,0.0,0.0
PatientID_0105,2,3,101.0,True,True,35,27,0.2580645161290322,True,173.0,-0.5331991951710262,shrink,43.0,130.0,late_gt84,medium_60_120,-0.25131442828090605,3.58351893845611,0.2318840579710145,0.2580645161290322,0.1333333333333333,0.0,0.1851851851851851,0.2580645161290322
PatientID_0105,3,4,98.0,True,True,27,823,0.0635294117647058,True,274.0,-0.16379310344827586,shrink,43.0,231.0,late_gt84,medium_60_120,3.381966019734268,3.332204510175204,0.0748538011695906,0.1608938547486033,0.0497630331753554,0.0451306413301662,0.5297691373025516,0.0635294117647058
PatientID_0105,4,5,95.0,True,True,823,1580,0.5110278818143986,True,372.0,31.49484536082474,growth,43.0,329.0,late_gt84,medium_60_120,0.6516423073000003,6.714170529909472,0.5860719874804382,0.2358078602620087,0.1315531288657595,0.6677165354330709,0.6683544303797468,0.5110278818143986
PatientID_0105,5,6,32.0,True,True,1580,6777,0.3747756371903793,True,467.0,0.9467005076142132,growth,43.0,424.0,late_gt84,short_lt60,1.4556245149575247,7.365812837209472,0.3923796000473317,0.1651550020305943,0.4411663807890223,0.4194147700882489,0.7804338202744577,0.3747756371903793
PatientID_0109,1,2,31.0,True,True,1908,7908,0.2004889975550122,False,99.0,,no_history,47.0,52.0,early_1_84,short_lt60,1.4214218067936697,7.554334823725748,0.2055415617128463,0.2004889975550122,0.2004889975550122,0.2004889975550122,0.4207132018209408,0.2004889975550122
PatientID_0109,2,3,46.0,True,True,7908,8812,0.7720095693779905,True,130.0,3.0849452743167896,growth,47.0,83.0,early_1_84,short_lt60,0.1082265525802433,8.975756630519417,0.7486495805079876,0.7720095693779905,0.2381782552875194,0.6788432267884322,0.7453472537448933,0.7720095693779905
PatientID_0109,3,4,23.0,True,True,8812,12275,0.586143121354389,True,176.0,0.12111152303596104,growth,47.0,129.0,late_gt84,short_lt60,0.33141823263996634,9.08398318309966,0.6101868679808006,0.5417046721394547,0.6166751633684016,0.614606063419843,0.665091649694501,0.586143121354389
PatientID_0110,1,2,80.0,True,True,990,1780,0.0288808664259927,False,70.0,,no_history,44.0,26.0,early_1_84,medium_60_120,0.5862157489596738,6.898714534329988,0.0342114266164899,0.0288808664259927,0.0288808664259927,0.0288808664259927,0.0511235955056179,0.0288808664259927
PatientID_0110,2,3,7.0,False,True,1780,9477,0.2494447899085013,True,150.0,0.7866419294990723,growth,44.0,106.0,late_gt84,short_lt60,1.6717983192378718,7.484930283289661,0.2530141843971631,0.2494447899085013,0.2639415029512818,0.2601094826063924,0.5807745067004326,0.2494447899085013
PatientID_0113,1,2,42.0,True,True,96,990,0.1233885819521178,False,79.0,,no_history,40.0,39.0,early_1_84,short_lt60,2.324003555826605,4.574710978503383,0.1313868613138686,0.1233885819521178,0.1233885819521178,0.1233885819521178,0.4896516910651186,0.1233885819521178
PatientID_0113,2,3,65.0,True,True,990,806,0.5590200445434298,True,121.0,9.19889502762431,growth,40.0,81.0,early_1_84,medium_60_120,-0.20539086606003923,6.898714534329988,0.595116988809766,0.5590200445434298,0.0436229805428517,0.5,0.5583126550868487,0.5590200445434298
PatientID_0114,1,2,8.0,False,True,1226,1838,0.2911227154046997,False,29.0,,no_history,4.0,25.0,early_1_84,short_lt60,0.4046497798934097,7.112327444710911,0.288860103626943,0.2911227154046997,0.2911227154046997,0.2911227154046997,0.3520130576713819,0.2911227154046997
PatientID_0116,1,2,49.0,True,True,664,3647,0.0398979355138019,False,84.0,,no_history,46.0,38.0,early_1_84,short_lt60,1.702147310538368,6.499787040655854,0.0578192579103118,0.0398979355138019,0.0398979355138019,0.0398979355138019,0.2289553057307375,0.0398979355138019
PatientID_0117,1,2,69.0,True,True,807,1145,0.0061475409836065,False,85.0,,no_history,59.0,26.0,early_1_84,medium_60_120,0.3494708387535894,6.694562058521095,0.0055427251732101,0.0061475409836065,0.0061475409836065,0.0061475409836065,0.005240174672489,0.0061475409836065
PatientID_0117,2,3,42.0,True,True,1145,1329,0.5206143896523848,True,154.0,0.4306642250707508,growth,59.0,95.0,late_gt84,short_lt60,0.1489013239411146,7.044032897274685,0.5481313703284258,0.5206143896523848,0.5579024034959942,0.5529850746268656,0.5492851768246803,0.5206143896523848
PatientID_0118,1,2,90.0,True,True,772,1797,0.0607240171272868,False,91.0,,no_history,50.0,41.0,early_1_84,medium_60_120,0.8441511664441436,6.650279048587422,0.0826686004350979,0.0607240171272868,0.0607240171272868,0.0607240171272868,0.1691708402893711,0.0607240171272868
PatientID_0118,2,3,99.0,True,True,1797,340,0.2040243331773514,True,181.0,1.2867413476007357,growth,50.0,131.0,late_gt84,medium_60_120,-1.6625477377480489,7.494430215031565,0.200228397411496,0.2040243331773514,0.121881390593047,0.1666666666666666,0.2029411764705882,0.2040243331773514
PatientID_0121,2,3,43.0,True,True,219,228,0.2595078299776286,True,270.0,97.47058823529412,growth,48.0,222.0,late_gt84,short_lt60,0.0400944572018782,5.393627546352362,0.3451143451143451,0.2595078299776286,0.1196974679381782,0.3890909090909091,0.2850877192982456,0.2595078299776286
PatientID_0123,1,2,12.0,False,True,1988,6104,0.2296094908551656,False,91.0,,no_history,42.0,49.0,early_1_84,short_lt60,1.1214761076908328,7.5953872788539725,0.2384757221880762,0.2296094908551656,0.2296094908551656,0.2296094908551656,0.4344692005242463,0.2296094908551656
PatientID_0125,1,2,18.0,True,True,857,6870,0.1079332211725119,False,84.0,,no_history,30.0,54.0,early_1_84,short_lt60,2.080460835543114,6.754604099487962,0.1071841665595681,0.1079332211725119,0.1079332211725119,0.1079332211725119,0.4231441048034934,0.1079332211725119
PatientID_0132,1,2,42.0,True,True,96,1217,0.134044173648134,False,79.0,,no_history,40.0,39.0,early_1_84,short_lt60,2.5302544697664593,4.574710978503383,0.1481481481481481,0.134044173648134,0.134044173648134,0.134044173648134,0.6351684470008216,0.134044173648134
PatientID_0132,2,3,65.0,True,True,1217,1368,0.7504835589941973,True,121.0,11.850828729281767,growth,40.0,81.0,early_1_84,medium_60_120,0.11687037701860647,7.1049654482698426,0.7351467430207588,0.7504835589941973,0.0436786022847268,0.6013888888888889,0.7478070175438597,0.7504835589941973
PatientID_0135,1,2,53.0,True,True,92,336,0.0186915887850467,False,64.0,,no_history,49.0,15.0,early_1_84,short_lt60,1.2874834371991057,4.532599493153256,0.0180995475113122,0.0186915887850467,0.0186915887850467,0.0186915887850467,0.0625,0.0186915887850467
PatientID_0135,2,3,65.0,True,True,336,1583,0.3491401771756123,True,117.0,2.3579088471849867,growth,49.0,68.0,early_1_84,medium_60_120,1.5476256420220094,5.820082930352362,0.3949494949494949,0.3491401771756123,0.7388059701492538,0.5536519386834986,0.7384712571067593,0.3491401771756123
PatientID_0136,1,2,54.0,True,True,141,3069,0.0299065420560747,False,15.0,,no_history,71.0,-56.0,pre_or_during,short_lt60,3.0736057829799823,4.955827057601261,0.0371517027863777,0.0299065420560747,0.0299065420560747,0.0299065420560747,0.4108830237862496,0.0299065420560747
PatientID_0136,2,3,21.0,True,True,3069,5296,0.675433353257621,True,69.0,20.177996422182467,growth,71.0,-2.0,pre_or_during,short_lt60,0.5454630609632838,8.029432840581244,0.6894205958245367,0.675433353257621,0.6551813471502591,0.7295875420875421,0.7545317220543807,0.675433353257621
PatientID_0138,1,2,68.0,True,True,876,347,0.0572363041700735,False,-29.0,,no_history,31.0,-60.0,pre_or_during,medium_60_120,-0.9243045125977086,6.776506992372183,0.0560747663551401,0.0572363041700735,0.0572363041700735,0.0572363041700735,0.0057636887608069,0.0572363041700735
PatientID_0138,2,3,58.0,True,True,347,589,0.4444444444444444,True,39.0,-0.6208807669263032,shrink,31.0,8.0,early_1_84,short_lt60,0.5279200571252909,5.8522024797744745,0.4858870967741935,0.4444444444444444,0.2761394101876676,0.0,0.5959252971137521,0.4444444444444444
PatientID_0140,1,2,109.0,True,True,145,82,0.0,False,464.0,,no_history,55.0,409.0,late_gt84,medium_60_120,-0.5647660139117384,4.983606621708336,0.0,0.0,0.0,0.0,0.0,0.0
PatientID_0140,2,3,101.0,True,True,82,2,0.0476190476190476,True,573.0,-0.47639484978540775,shrink,55.0,518.0,late_gt84,medium_60_120,-3.3202283191284883,4.418840607796598,0.0341880341880341,0.0476190476190476,0.0,0.0,0.0,0.0476190476190476
PatientID_0142,1,2,109.0,True,True,3408,4302,0.2153047989623865,False,19.0,,no_history,38.0,-19.0,pre_or_during,medium_60_120,0.23289346070069658,8.134174272137903,0.2360633172746042,0.2153047989623865,0.2153047989623865,0.2153047989623865,0.2326824732682473,0.2153047989623865
PatientID_0145,1,2,140.0,True,True,262,2847,0.0533933740752653,False,90.0,,no_history,69.0,21.0,early_1_84,long_gt120,2.382218240354102,5.572154032177765,0.068467336683417,0.0533933740752653,0.0533933740752653,0.0533933740752653,0.2648401826484018,0.0533933740752653
PatientID_0147,1,2,50.0,True,True,346,3572,0.0086778968861664,False,15.0,,no_history,43.0,-28.0,pre_or_during,short_lt60,2.3318360780765506,5.849324779946859,0.0085815244825845,0.0086778968861664,0.0086778968861664,0.0086778968861664,0.0772676371780515,0.0086778968861664
PatientID_0147,2,3,124.0,True,True,3572,2526,0.1459494916366021,True,65.0,9.362280030604438,growth,43.0,22.0,early_1_84,long_gt120,-0.34637275063521555,8.181160858023409,0.1548545678000819,0.1459494916366021,0.0299753570262165,0.203291246985388,0.1211401425178147,0.1459494916366021
PatientID_0148,1,2,10.0,False,True,1449,540,0.0593262946204122,False,10.0,,no_history,,,unknown_rt,short_lt60,-0.9858995565681385,7.27931883541462,0.0592885375494071,0.0593262946204122,0.0593262946204122,0.0593262946204122,0.037037037037037,0.0593262946204122
PatientID_0149,1,2,45.0,True,True,6595,3588,0.6648335461062556,False,52.0,,no_history,34.0,18.0,early_1_84,short_lt60,-0.6085897925318824,8.794218683679489,0.628425283156741,0.6648335461062556,0.6648335461062556,0.6648335461062556,0.6847826086956522,0.6648335461062556
PatientID_0149,2,3,72.0,True,True,3588,2737,0.6997628458498024,True,97.0,-0.4610788930837193,shrink,34.0,63.0,early_1_84,medium_60_120,-0.27064588529921313,8.185628891147607,0.6553543419364039,0.6997628458498024,0.6008310926423858,0.0,0.7084398976982097,0.6997628458498024
PatientID_0149,3,4,63.0,True,True,2737,7466,0.259923551896501,True,169.0,-0.23684685660636262,shrink,34.0,135.0,late_gt84,medium_60_120,1.0032655851873074,7.914983005848394,0.2901379375058647,0.4358192010217838,0.2140037398711822,0.2006766758299852,0.4571390302705598,0.259923551896501
PatientID_0150,1,2,91.0,True,True,428,98,0.2433460076045627,False,102.0,,no_history,56.0,46.0,early_1_84,medium_60_120,-1.466337068793427,6.061456918928017,0.2320117474302496,0.2433460076045627,0.2433460076045627,0.2433460076045627,0.2040816326530612,0.2433460076045627
PatientID_0150,2,3,42.0,True,True,98,93,0.5026178010471204,True,193.0,-0.7501567398119122,shrink,56.0,137.0,late_gt84,short_lt60,-0.05182506786458602,4.59511985013459,0.4660194174757281,0.5026178010471204,0.4195804195804196,0.0,0.5161290322580645,0.5026178010471204
PatientID_0150,3,4,93.0,True,True,93,91,0.5760869565217391,True,235.0,-0.07653701380175659,stable,56.0,179.0,late_gt84,medium_60_120,-0.02150620522096362,4.543294782270004,0.4954128440366973,0.3303085299455535,0.4942528735632184,0.4855491329479768,0.5604395604395604,0.5760869565217391
PatientID_0150,4,6,215.0,True,True,91,44,0.3851851851851852,True,328.0,-0.035326086956521736,stable,56.0,272.0,late_gt84,long_gt120,-0.7151260872787205,4.5217885770490405,0.2918454935622318,0.1345794392523364,0.3816793893129771,0.3846153846153846,0.5227272727272727,0.3851851851851852
PatientID_0151,1,2,59.0,True,True,161,66,0.1497797356828193,False,4.0,,no_history,18.0,-14.0,pre_or_during,short_lt60,-0.882903715841418,5.087596335232384,0.1417322834645669,0.1497797356828193,0.1497797356828193,0.1497797356828193,0.2424242424242424,0.1497797356828193
PatientID_0152,1,2,46.0,True,True,124,31,0.0387096774193548,False,104.0,,no_history,66.0,38.0,early_1_84,short_lt60,-1.3625778345025745,4.8283137373023015,0.0352941176470588,0.0387096774193548,0.0387096774193548,0.0387096774193548,0.0,0.0387096774193548
PatientID_0152,2,3,98.0,True,True,31,1020,0.0171265461465271,True,150.0,-0.7758444216990789,shrink,66.0,84.0,early_1_84,medium_60_120,3.462801915364939,3.4657359027997265,0.0169811320754716,0.0171265461465271,0.0,0.0,0.1705882352941176,0.0171265461465271
PatientID_0157,1,2,53.0,True,True,2069,3357,0.561002580169554,False,11.0,,no_history,34.0,-23.0,pre_or_during,short_lt60,0.4837969513780714,7.635303886259415,0.602696550516547,0.561002580169554,0.561002580169554,0.561002580169554,0.6547512660113196,0.561002580169554
PatientID_0157,2,3,26.0,True,True,3357,2101,0.7420300476364969,True,64.0,0.6301004588862706,growth,34.0,30.0,early_1_84,short_lt60,-0.46845628620058966,8.119100837637486,0.7150405072208524,0.7420300476364969,0.6474752241623407,0.6696223316912973,0.8110423607805807,0.7420300476364969
PatientID_0157,3,4,62.0,True,True,2101,1520,0.7009113504556752,True,90.0,-0.37425343325598204,shrink,34.0,56.0,early_1_84,medium_60_120,-0.32352125917760366,7.650644551436897,0.6735620585267407,0.6240242844752819,0.5618486633439057,0.0,0.7052631578947368,0.7009113504556752
PatientID_0157,4,5,98.0,True,True,1520,450,0.3015228426395939,True,152.0,-0.2826311629886315,shrink,34.0,118.0,late_gt84,medium_60_120,-1.2156559527566144,7.327123292259293,0.2798319327731092,0.2684149633629001,0.3585598824393828,0.3897338403041825,0.4044444444444444,0.3015228426395939
PatientID_0157,5,6,84.0,True,True,450,233,0.3513909224011713,True,250.0,-0.7116101694915254,shrink,34.0,216.0,late_gt84,medium_60_120,-0.656146224144977,6.111467339502679,0.3388535031847133,0.1898417985012489,0.3120204603580562,0.0,0.3390557939914163,0.3513909224011713
PatientID_0159,1,2,105.0,True,True,1168,736,0.0546218487394958,False,88.0,,no_history,55.0,33.0,early_1_84,medium_60_120,-0.4613160692827318,7.063903961472068,0.062421972534332,0.0546218487394958,0.0546218487394958,0.0546218487394958,0.0366847826086956,0.0546218487394958
PatientID_0159,2,3,98.0,True,True,736,55,0.1112515802781289,True,193.0,-0.3879523488424365,shrink,55.0,138.0,late_gt84,medium_60_120,-2.577236201454187,6.602587892189336,0.0851063829787234,0.1112515802781289,0.1163227016885553,0.0979381443298969,0.1454545454545454,0.1112515802781289
PatientID_0159,3,4,91.0,True,True,55,51,0.0754716981132075,True,291.0,-0.9274697025339699,shrink,55.0,236.0,late_gt84,medium_60_120,-0.07410797215372185,4.02535169073515,0.1428571428571428,0.0525908739365815,0.0,0.0,0.0784313725490196,0.0754716981132075
PatientID_0160,1,2,50.0,True,True,115,20,0.0444444444444444,False,40.0,,no_history,62.0,-22.0,pre_or_during,short_lt60,-1.7090677533829417,4.7535901911063645,0.0397350993377483,0.0444444444444444,0.0444444444444444,0.0444444444444444,0.0,0.0444444444444444
PatientID_0162,1,2,62.0,True,True,423,1885,0.1975736568457539,False,90.0,,no_history,62.0,28.0,early_1_84,medium_60_120,1.492480007961445,6.049733455231958,0.216238956668069,0.1975736568457539,0.1975736568457539,0.1975736568457539,0.4175066312997347,0.1975736568457539
PatientID_0162,2,3,56.0,True,True,1885,777,0.2441773102930127,True,152.0,3.295607077486272,growth,62.0,90.0,late_gt84,short_lt60,-0.8854869390150113,7.542213463193403,0.2838665759019741,0.2441773102930127,0.1826552196093069,0.2555862415264875,0.2767052767052767,0.2441773102930127
PatientID_0162,3,4,56.0,True,True,777,889,0.6110444177671068,True,208.0,-0.5836233222072296,shrink,62.0,146.0,late_gt84,short_lt60,0.13449493854779399,6.656726524178391,0.5910112359550562,0.597466572836031,0.3854425144747725,0.0,0.5905511811023622,0.6110444177671068
PatientID_0162,4,5,84.0,True,True,889,1428,0.6232196806214934,True,264.0,0.13320825515947468,growth,62.0,202.0,late_gt84,medium_60_120,0.4735087152036819,6.7912214627261855,0.647876141325923,0.7003367003367004,0.6470588235294118,0.6366197183098592,0.6925770308123249,0.6232196806214934
PatientID_0162,5,6,56.0,True,True,1428,1847,0.7212213740458016,True,348.0,0.6270319084888621,growth,62.0,286.0,late_gt84,short_lt60,0.2571290742717621,7.264730177929867,0.7319173363949484,0.7438231469440832,0.7442838370565046,0.7413318657127133,0.744450460205739,0.7212213740458016
PatientID_0164,1,2,21.0,True,True,788,1874,0.4522915101427498,False,8.0,,no_history,46.0,-38.0,pre_or_during,short_lt60,0.865597617558637,6.670766320845874,0.4779411764705882,0.4522915101427498,0.4522915101427498,0.4522915101427498,0.6435432230522946,0.4522915101427498
PatientID_0164,2,3,55.0,True,True,1874,4052,0.5821802227472157,True,29.0,1.3657696094519198,growth,46.0,-17.0,pre_or_during,short_lt60,0.7708486882237974,7.536363938404511,0.6266244057052298,0.5821802227472157,0.3659351575905355,0.7438996579247434,0.7430898321816387,0.5821802227472157
PatientID_0164,3,4,63.0,True,True,4052,4167,0.8103175568803991,True,84.0,1.1975445654435735,growth,46.0,38.0,early_1_84,medium_60_120,0.02797895680489422,8.307212626628308,0.813677447457258,0.7396057347670251,0.5965917227552627,0.7644203845435878,0.8070554355651548,0.8103175568803991
PatientID_0164,4,5,17.0,True,True,4167,5423,0.8127215849843588,True,147.0,0.020516381541569345,stable,46.0,101.0,late_gt84,short_lt60,0.2633972461870286,8.335191583433202,0.8360272440784792,0.8340368056728009,0.8166701309499065,0.8165471364723002,0.8482389821132215,0.8127215849843588
PatientID_0169,1,2,28.0,True,True,508,3256,0.2029755579171094,False,78.0,,no_history,58.0,20.0,early_1_84,short_lt60,1.8561137887257106,6.2324480165505225,0.2194736842105263,0.2029755579171094,0.2029755579171094,0.2029755579171094,0.5767813267813268,0.2029755579171094
PatientID_0169,2,3,41.0,True,True,3256,2719,0.8197489539748954,True,106.0,5.5843310775637685,growth,58.0,48.0,early_1_84,short_lt60,-0.18017464598619048,8.088561805276234,0.7984802912775052,0.8197489539748954,0.1044644229291532,0.5438543854385438,0.7944097094520044,0.8197489539748954
PatientID_0169,3,4,25.0,True,True,2719,3316,0.883844241922121,True,147.0,-0.16381389097521445,shrink,58.0,89.0,late_gt84,short_lt60,0.19842887965700942,7.908387159290043,0.8794714792136642,0.7052318162484049,0.8341446453407511,0.8255080588647512,0.8799758745476478,0.883844241922121
PatientID_0170,1,2,91.0,True,True,349,597,0.2494714587737843,False,87.0,,no_history,57.0,30.0,early_1_84,medium_60_120,0.5356575994671724,5.857933154483459,0.2951456310679611,0.2494714587737843,0.2494714587737843,0.2494714587737843,0.321608040201005,0.2494714587737843
PatientID_0171,1,2,34.0,True,True,6480,8864,0.6869134515119917,False,45.0,,no_history,29.0,16.0,early_1_84,short_lt60,0.31323612008059226,8.776630098427717,0.69431682295928,0.6869134515119917,0.6869134515119917,0.6869134515119917,0.7318366425992779,0.6869134515119917
PatientID_0171,2,3,74.0,True,True,8864,11334,0.7196752153678582,True,79.0,0.365546887438306,growth,29.0,50.0,early_1_84,medium_60_120,0.2457843444333211,9.089866218508309,0.7441902935670913,0.7196752153678582,0.7122860508627261,0.7452633237483751,0.7371625198517734,0.7196752153678582
PatientID_0173,1,2,25.0,True,True,397,552,0.1749209694415174,False,21.0,,no_history,,,unknown_rt,short_lt60,0.32890599623789707,5.986452005284438,0.217659137577002,0.1749209694415174,0.1749209694415174,0.1749209694415174,0.2554347826086957,0.1749209694415174
PatientID_0186,1,2,36.0,True,False,3,1117,0.0,False,1.0,,no_history,109.0,-108.0,pre_or_during,short_lt60,5.633002292595154,1.3862943611198906,0.0,0.0,0.0,0.0,0.0357941834451901,0.0
PatientID_0186,2,3,101.0,True,False,1117,86,0.0432252701579384,True,37.0,187.86363636363637,growth,109.0,-72.0,pre_or_during,medium_60_120,-2.553388535060461,7.0192966537150445,0.0424966799468791,0.0432252701579384,0.0009831605181027,0.0397412199630314,0.0,0.0432252701579384
PatientID_0186,3,4,84.0,True,False,86,29,0.1913043478260869,True,138.0,-0.9163658243080626,shrink,109.0,29.0,early_1_84,medium_60_120,-1.0647107369924282,4.465908118654584,0.1925925925925926,0.0131624523727052,0.0512820512820512,0.0,0.0689655172413793,0.1913043478260869
PatientID_0186,4,5,132.0,True,False,29,67,0.1666666666666666,True,222.0,-0.6776978417266187,shrink,109.0,113.0,late_gt84,long_gt120,0.8183103235139513,3.4011973816621555,0.1682242990654205,0.0520231213872832,0.0555555555555555,0.0,0.2238805970149253,0.1666666666666666
PatientID_0186,5,6,154.0,True,False,67,1,0.0,True,354.0,1.28125,growth,109.0,245.0,late_gt84,long_gt120,-3.5263605246161616,4.219507705176107,0.0204081632653061,0.0036363636363636,0.0112994350282485,0.0178571428571428,0.0,0.0
PatientID_0187,1,2,77.0,True,False,56,933,0.0,False,69.0,,no_history,,,unknown_rt,medium_60_120,2.7964251703942926,4.04305126783455,0.0,0.0,0.0,0.0,0.0064308681672025,0.0
PatientID_0188,1,2,26.0,True,False,950,2804,0.3233883857218966,False,19.0,,no_history,70.0,-51.0,pre_or_during,short_lt60,1.0816447554114064,6.85751406254539,0.3509502733663108,0.3233883857218966,0.3233883857218966,0.3233883857218966,0.5210413694721826,0.3233883857218966
PatientID_0189,1,2,182.0,True,False,6,17,0.4347826086956521,False,323.0,,no_history,615.0,-292.0,pre_or_during,long_gt120,0.9444616088408515,1.9459101490553132,0.5517241379310345,0.4347826086956521,0.4347826086956521,0.4347826086956521,0.6285714285714286,0.4347826086956521
PatientID_0189,2,3,24.0,True,False,17,215,0.0603448275862069,True,505.0,1.851063829787234,growth,615.0,-110.0,pre_or_during,short_lt60,2.4849066497880004,2.8903717578961645,0.0600858369098712,0.0603448275862069,0.0683760683760683,0.0600858369098712,0.2320185614849187,0.0603448275862069
PatientID_0189,3,4,144.0,True,False,215,185,0.24,True,529.0,10.686567164179104,growth,615.0,-86.0,pre_or_during,long_gt120,-0.1495317339709637,5.375278407684165,0.3252336448598131,0.2296650717703349,0.0022077331311599,0.2292191435768261,0.2486486486486486,0.24
PatientID_0189,4,5,80.0,True,False,185,75,0.3307692307692307,True,673.0,-0.09323116219667944,stable,615.0,58.0,early_1_84,medium_60_120,-0.8950133334268701,5.225746673713202,0.3018867924528302,0.2870588235294117,0.3346938775510204,0.3374485596707819,0.2933333333333333,0.3307692307692307
PatientID_0189,5,6,102.0,True,False,75,167,0.3305785123966942,True,753.0,-0.5985915492957746,shrink,615.0,138.0,late_gt84,medium_60_120,0.7932306391169279,4.330733340286331,0.3663003663003663,0.376984126984127,0.2105263157894736,0.0,0.3952095808383233,0.3305785123966942
PatientID_0191,3,4,133.0,True,False,270,741,0.1740850642927794,True,255.0,,no_history,84.0,171.0,late_gt84,long_gt120,1.0072304222876796,5.602118820879701,0.1998199819981998,0.1740850642927794,0.008927261165191,0.3074792243767313,0.2995951417004048,0.1740850642927794
PatientID_0196,1,2,103.0,True,False,73,0,0.0,False,79.0,,no_history,,,unknown_rt,medium_60_120,-4.304065093204169,4.30406509320417,0.0,0.0,0.0,0.0,1.0,0.0
PatientID_0197,1,2,56.0,True,False,39,0,0.0,False,6.0,,no_history,,,unknown_rt,short_lt60,-3.6888794541139363,3.6888794541139363,0.0,0.0,0.0,0.0,1.0,0.0
PatientID_0198,1,2,22.0,True,False,744,899,0.4613511868533171,False,88.0,,no_history,73.0,15.0,early_1_84,short_lt60,0.18901054494475125,6.61338421837956,0.4860699466508595,0.4613511868533171,0.4613511868533171,0.4613511868533171,0.4994438264738598,0.4613511868533171
PatientID_0198,2,3,76.0,True,False,899,1389,0.2447552447552447,True,110.0,0.21890636168691924,growth,73.0,37.0,early_1_84,medium_60_120,0.43466426280042675,6.802394763324311,0.2939991945227547,0.2447552447552447,0.4145011228745588,0.3627346794190577,0.3527717782577393,0.2447552447552447
PatientID_0198,3,4,51.0,True,False,1389,869,0.4720992028343667,True,186.0,0.5298343351414748,growth,73.0,113.0,late_gt84,short_lt60,-0.46856581447610807,7.237059026124737,0.4637326813365933,0.4686567164179104,0.4690362770245511,0.4700425202937766,0.4833141542002301,0.4720992028343667
PatientID_0199,1,2,29.0,True,False,98,80,0.3932584269662921,False,82.0,,no_history,75.0,7.0,early_1_84,short_lt60,-0.2006706954621511,4.59511985013459,0.4042553191489361,0.3932584269662921,0.3932584269662921,0.3932584269662921,0.3875,0.3932584269662921
PatientID_0199,2,3,35.0,True,False,80,118,0.2323232323232323,True,111.0,-0.12795549374130738,shrink,75.0,36.0,early_1_84,short_lt60,0.38467433843909066,4.394449154672439,0.2403846153846154,0.2323232323232323,0.2307692307692307,0.2159090909090909,0.270042194092827,0.2323232323232323
PatientID_0201,1,2,42.0,True,False,168,80,0.314516129032258,False,96.0,,no_history,,,unknown_rt,short_lt60,-0.7354495602506347,5.1298987149230735,0.3601532567049808,0.314516129032258,0.314516129032258,0.314516129032258,0.2875,0.314516129032258
PatientID_0201,2,3,31.0,True,False,80,90,0.3647058823529411,True,138.0,-0.5413819286256644,shrink,,,unknown_rt,short_lt60,0.11641035184441137,4.394449154672439,0.3771428571428571,0.3647058823529411,0.3529411764705882,0.2264150943396226,0.3777777777777777,0.3647058823529411
PatientID_0201,3,4,130.0,True,False,90,37,0.0787401574803149,True,169.0,0.1672185430463576,growth,,,unknown_rt,long_gt120,-0.8732733467904642,4.51085950651685,0.0662251655629139,0.045662100456621,0.0543478260869565,0.059171597633136,0.0,0.0787401574803149
PatientID_0201,4,5,49.0,True,False,37,53,0.4888888888888889,True,299.0,-0.5716312056737589,shrink,,,unknown_rt,short_lt60,0.3513978868378886,3.6375861597263857,0.4731182795698925,0.301255230125523,0.379746835443038,0.2285714285714285,0.4150943396226415,0.4888888888888889
PatientID_0201,5,6,95.0,True,False,53,8,0.0,True,348.0,0.13245033112582782,growth,,,unknown_rt,medium_60_120,-1.791759469228055,3.9889840465642745,0.0,0.03,0.0175438596491228,0.0,0.0,0.0
PatientID_0204,1,2,77.0,True,False,819,3794,0.1027530890960329,False,3.0,,no_history,54.0,-51.0,pre_or_during,medium_60_120,1.5321353495714314,6.709304340258298,0.1338352153910497,0.1027530890960329,0.1027530890960329,0.1027530890960329,0.3379019504480759,0.1027530890960329
PatientID_0204,2,3,56.0,True,False,3794,176,0.0785894206549118,True,80.0,3.636781609195402,growth,54.0,26.0,early_1_84,short_lt60,-3.065289957255901,8.24143968982973,0.0738121546961326,0.0785894206549118,0.0299829642248722,0.0573850668405608,0.0397727272727272,0.0785894206549118
PatientID_0204,3,4,91.0,True,False,176,1548,0.0232018561484918,True,136.0,-0.951377576315603,shrink,54.0,82.0,early_1_84,medium_60_120,2.1692151078430393,5.176149732573829,0.0260180995475113,0.03646912556983,0.0,0.0,0.047157622739018,0.0232018561484918
PatientID_0204,4,5,61.0,True,False,1548,1751,0.3679903000909366,True,227.0,7.639475600873999,growth,54.0,173.0,late_gt84,medium_60_120,0.12314843107946814,7.3453648404168685,0.3687623343670708,0.3069127759681506,0.3608161317265242,0.4086276368807774,0.3712164477441462,0.3679903000909366
PatientID_0204,5,6,52.0,True,False,1751,753,0.2476038338658147,True,288.0,0.10664306187826673,growth,54.0,234.0,late_gt84,short_lt60,-0.8431209034883806,7.468513271496337,0.2553812477198103,0.2119266055045871,0.257227575982209,0.2562570041090773,0.2071713147410358,0.2476038338658147
PatientID_0205,1,2,23.0,True,False,1909,1482,0.2996166322618696,False,21.0,,no_history,91.0,-70.0,pre_or_during,short_lt60,-0.2530361789027434,7.554858521040676,0.3266129032258064,0.2996166322618696,0.2996166322618696,0.2996166322618696,0.2753036437246963,0.2996166322618696
PatientID_0205,2,3,83.0,True,False,1482,1999,0.3964378052283826,True,44.0,-0.2202059833251594,shrink,91.0,-47.0,pre_or_during,medium_60_120,0.29908011740415025,7.301822342137932,0.432258064516129,0.3964378052283826,0.2653297338989587,0.0,0.44072036018009,0.3964378052283826
PatientID_0205,3,4,105.0,True,False,1999,155,0.0659238625812441,True,127.0,0.3238993710691824,growth,91.0,36.0,early_1_84,medium_60_120,-2.551046452292545,7.600902459542082,0.0918645387310237,0.0669180018850141,0.0793754066363044,0.0868945868945869,0.0903225806451612,0.0659238625812441
PatientID_0205,4,5,56.0,True,False,155,1568,0.1578641903656413,True,232.0,-0.9172039362063115,shrink,91.0,141.0,late_gt84,short_lt60,2.3083377454834957,5.049856007249537,0.1690626797009775,0.3273239436619718,0.0472930927193528,0.0,0.3443877551020408,0.1578641903656413
PatientID_0207,1,2,142.0,True,False,1194,4270,0.1453147877013177,False,-6.0,,no_history,74.0,-80.0,pre_or_during,long_gt120,1.2737018064758554,7.085901464365611,0.202903387285166,0.1453147877013177,0.1453147877013177,0.1453147877013177,0.3339578454332553,0.1453147877013177
PatientID_0207,2,3,64.0,True,False,4270,50,0.0111111111111111,True,136.0,2.6098649704274077,growth,74.0,62.0,early_1_84,medium_60_120,-4.42777763811714,8.359603270841466,0.0157232704402515,0.0111111111111111,0.0123165618448637,0.0140203294777427,0.0,0.0111111111111111
PatientID_0207,3,4,98.0,True,False,50,229,0.2150537634408602,True,200.0,-0.9885928032644986,shrink,74.0,126.0,late_gt84,medium_60_120,1.5062536761988696,3.9318256327243257,0.204778156996587,0.2518419290020093,0.0,0.0,0.388646288209607,0.2150537634408602
PatientID_0207,4,5,91.0,True,False,229,35,0.2424242424242424,True,298.0,3.6287262872628725,growth,74.0,224.0,late_gt84,medium_60_120,-1.8545603704670852,5.438079308923196,0.1969230769230769,0.0529901589704769,0.0725388601036269,0.1581395348837209,0.2571428571428571,0.2424242424242424
PatientID_0207,5,6,111.0,True,False,35,53,0.5,True,389.0,-0.8413348946135831,shrink,74.0,315.0,late_gt84,medium_60_120,0.4054651081081644,3.58351893845611,0.44,0.0659340659340659,0.1071428571428571,0.0,0.4339622641509434,0.5
PatientID_0208,1,2,371.0,False,False,414,135,0.0218579234972677,False,111.0,,no_history,,,unknown_rt,long_gt120,-1.1156236344946462,6.028278520230698,0.0378600823045267,0.0218579234972677,0.0218579234972677,0.0218579234972677,0.0074074074074074,0.0218579234972677
PatientID_0209,1,2,97.0,True,False,1602,2476,0.5394801373222168,False,11.0,,no_history,72.0,-61.0,pre_or_during,medium_60_120,0.43517127687980656,7.3796321526095525,0.6012351124834583,0.5394801373222168,0.5394801373222168,0.5394801373222168,0.6102584814216478,0.5394801373222168
PatientID_0209,2,3,84.0,True,False,2476,2028,0.7810834813499112,True,108.0,0.5678674948240165,growth,72.0,36.0,early_1_84,medium_60_120,-0.1995050896635448,7.814803429489359,0.7515673981191222,0.7810834813499112,0.7034409365023058,0.7356015966546284,0.8022682445759369,0.7810834813499112
PatientID_0209,3,4,49.0,True,False,2028,1771,0.6596472755988418,True,192.0,-0.1842911472638918,shrink,72.0,120.0,late_gt84,short_lt60,-0.13543420866078848,7.615298339825815,0.663393076356494,0.6705444392740809,0.6420581655480985,0.6382136800452233,0.6386222473178995,0.6596472755988418
PatientID_0209,4,5,14.0,True,False,1771,1281,0.6179554390563565,True,241.0,-0.14174706986984395,shrink,72.0,169.0,late_gt84,short_lt60,-0.3236874936844109,7.4798641311650265,0.6082771896053898,0.6075205640423031,0.629145728643216,0.6290701577710641,0.546448087431694,0.6179554390563565
PatientID_0209,5,6,63.0,True,False,1281,1586,0.3899546564352982,True,255.0,-0.2758412554700468,shrink,72.0,183.0,late_gt84,medium_60_120,0.21342408304579377,7.156176637480615,0.3789201422567086,0.4328490957604506,0.1093418259023354,0.0,0.3947036569987389,0.3899546564352982
PatientID_0210,1,2,24.0,True,False,1028,1287,0.7161987041036717,False,90.0,,no_history,69.0,21.0,early_1_84,short_lt60,0.22450317083024937,6.9363427358340495,0.7110169491525423,0.7161987041036717,0.7161987041036717,0.7161987041036717,0.721056721056721,0.7161987041036717
PatientID_0210,2,3,22.0,True,False,1287,930,0.6901217861975643,True,114.0,0.24782882315921964,growth,69.0,45.0,early_1_84,short_lt60,-0.3245866293872319,7.160845906664299,0.6910533274570295,0.6901217861975643,0.6610911987256073,0.6715566422167889,0.7129032258064516,0.6901217861975643
PatientID_0210,3,4,83.0,True,False,930,737,0.3935212957408518,True,136.0,-0.2766794432116199,shrink,69.0,67.0,early_1_84,medium_60_120,-0.23231545267659456,6.836259277277067,0.422674738580077,0.4221606648199446,0.2415841584158415,0.0,0.3989145183175034,0.3935212957408518
PatientID_0210,4,6,242.0,True,False,737,1399,0.3670411985018726,True,219.0,-0.2136382652349742,shrink,69.0,150.0,late_gt84,long_gt120,0.6402836910028775,6.6039438246004725,0.4405043341213554,0.4338118022328548,0.2628313592780598,0.1563890654799745,0.4588992137240886,0.3670411985018726
PatientID_0211,2,3,20.0,True,False,300,65,0.1315068493150684,True,11.0,,no_history,,,unknown_rt,short_lt60,-1.5174555227224502,5.707110264748875,0.1259842519685039,0.1315068493150684,0.0009269889260476,0.1305925030229746,0.0923076923076923,0.1315068493150684
PatientID_0212,1,2,54.0,True,False,12675,21572,0.6750956288142027,False,-2.0,,no_history,,,unknown_rt,short_lt60,0.5317320909597925,9.447465720810811,0.7179501431231415,0.6750956288142027,0.6750956288142027,0.6750956288142027,0.7973762284442796,0.6750956288142027
PatientID_0212,2,3,51.0,True,False,21572,21514,0.8661282086988813,True,52.0,0.7042448431122833,growth,,,unknown_rt,short_lt60,-0.002692166497903688,9.979197811770604,0.8535548433514292,0.8661282086988813,0.7095295578998932,0.7858377517528016,0.8667379380868272,0.8661282086988813
PatientID_0213,2,3,45.0,True,False,2174,508,0.0305741983594332,True,3.0,,no_history,161.0,-158.0,pre_or_during,short_lt60,-1.4523359269722618,7.684783943522785,0.0616949152542372,0.0305741983594332,0.0059952675152094,0.0287883939703048,0.0236220472440944,0.0305741983594332
PatientID_0213,3,4,51.0,True,False,508,268,0.3247422680412371,True,48.0,-0.761677379859198,shrink,161.0,-113.0,pre_or_during,short_lt60,-0.6377366369486837,6.2324480165505225,0.3985849056603773,0.3247422680412371,0.2356164383561644,0.0,0.332089552238806,0.3247422680412371
PatientID_0213,4,5,119.0,True,False,268,265,0.600375234521576,True,99.0,-0.4669920369894683,shrink,161.0,-62.0,pre_or_during,medium_60_120,-0.011215070820140068,5.594711379601839,0.6136724960254372,0.600375234521576,0.3384615384615385,0.0,0.6037735849056604,0.600375234521576
PatientID_0214,2,3,15.0,True,False,174,1992,0.1034164358264081,True,120.0,63.142857142857146,growth,197.0,-77.0,pre_or_during,short_lt60,2.4326103462892807,5.1647859739235145,0.1039080459770114,0.1034164358264081,0.2047838858581619,0.1103511171910624,0.3569277108433735,0.1034164358264081
PatientID_0214,3,4,98.0,True,False,1992,91,0.0748919827172347,True,135.0,10.37268002969562,growth,197.0,-62.0,pre_or_during,medium_60_120,-3.0756077431637543,7.597396320212795,0.0606906173700732,0.0748919827172347,0.0011018349790227,0.0130363154501826,0.1428571428571428,0.0748919827172347
PatientID_0214,4,5,91.0,True,False,91,7,0.0,True,233.0,-0.9490175598929435,shrink,197.0,36.0,early_1_84,medium_60_120,-2.4423470353692043,4.5217885770490405,0.0,0.0,0.0,0.0,0.0,0.0
PatientID_0214,5,6,99.0,True,False,7,18,0.0,True,324.0,-0.9334186939820742,shrink,197.0,127.0,late_gt84,medium_60_120,0.8649974374866045,2.0794415416798357,0.0,0.0,0.0,0.0,0.0,0.0
PatientID_0215,1,2,56.0,True,False,1436,844,0.3947368421052631,False,54.0,,no_history,46.0,8.0,early_1_84,short_lt60,-0.5309762587218511,7.270312886079025,0.3943775100401606,0.3947368421052631,0.3947368421052631,0.3947368421052631,0.433649289099526,0.3947368421052631
PatientID_0215,2,3,56.0,True,False,844,465,0.5546218487394958,True,110.0,-0.41738054445079004,shrink,46.0,64.0,early_1_84,short_lt60,-0.595150993231528,6.739336627357174,0.5223463687150838,0.5546218487394958,0.5161290322580645,0.4128312412831241,0.5053763440860215,0.5546218487394958
PatientID_0215,3,4,22.0,True,False,465,395,0.1348837209302325,True,166.0,-0.4484561346185264,shrink,46.0,120.0,late_gt84,short_lt60,-0.16277142287116536,6.144185634125646,0.1489841986455982,0.2088912694161757,0.0891218872870249,0.0618846694796061,0.1088607594936708,0.1348837209302325
PatientID_0215,4,5,48.0,True,False,395,539,0.5910064239828694,True,188.0,-0.11374407582938388,shrink,46.0,142.0,late_gt84,short_lt60,0.31015492830383945,5.981414211254481,0.5879959308240081,0.4871541501976285,0.5098039215686274,0.4763124199743918,0.5936920222634509,0.5910064239828694
PatientID_0215,5,6,56.0,True,False,539,388,0.3689320388349514,True,236.0,0.33455882352941174,growth,46.0,190.0,late_gt84,short_lt60,-0.3279897959398738,6.29156913955832,0.4035785288270377,0.363155108523028,0.4161650902837489,0.410958904109589,0.3865979381443299,0.3689320388349514
PatientID_0235,1,3,183.0,True,False,38,185,0.0,False,107.0,,no_history,,,unknown_rt,long_gt120,1.5621850275835547,3.6635616461296463,0.0,0.0,0.0,0.0,0.0054054054054054,0.0
PatientID_0235,3,6,404.0,False,False,185,10,0.0,True,290.0,3.6262626262626263,growth,,,unknown_rt,long_gt120,-2.8278514009148306,5.225746673713202,0.0,0.0,0.0030711482682136,0.0,0.0,0.0
PatientID_0236,1,3,126.0,True,False,844,0,0.0,False,105.0,,no_history,153.0,-48.0,pre_or_during,long_gt120,-6.739336627357174,6.739336627357174,0.0,0.0,0.0,0.0,1.0,0.0
PatientID_0237,1,3,11.0,False,False,182,1262,0.0692520775623268,False,-2.0,,no_history,,,unknown_rt,short_lt60,1.9317589695090702,5.209486152841421,0.0745341614906832,0.0692520775623268,0.0692520775623268,0.0692520775623268,0.1949286846275753,0.0692520775623268
PatientID_0238,1,3,92.0,True,True,1546,9537,0.2430749796986375,False,85.0,,no_history,84.0,1.0,early_1_84,medium_60_120,1.8189662482851037,7.344072850573066,0.3035310488780657,0.2430749796986375,0.2430749796986375,0.2430749796986375,0.66341616860648,0.2430749796986375
PatientID_0238,3,6,202.0,True,True,9537,7510,0.4318648442541209,True,177.0,5.507286848765163,growth,84.0,93.0,late_gt84,long_gt120,-0.23891520717215786,9.16303909885817,0.4377729720561421,0.4318648442541209,0.0810913521186582,0.3655180388529139,0.4149134487350199,0.4318648442541209
PatientID_0239,3,6,287.0,True,True,26,425,0.0,True,246.0,,no_history,37.0,209.0,late_gt84,long_gt120,2.7586024802650413,3.295836866004329,0.0,0.0,0.0027084542464693,0.0040650406504065,0.0164705882352941,0.0
PatientID_0250,1,2,70.0,True,True,271,1536,0.0830105146651909,False,104.0,,no_history,66.0,38.0,early_1_84,medium_60_120,1.7317856772425986,5.605802066295998,0.0945728103170338,0.0830105146651909,0.0830105146651909,0.0830105146651909,0.26953125,0.0830105146651909
PatientID_0250,2,3,14.0,True,True,1536,206,0.0757749712973593,True,174.0,4.846001974333662,growth,66.0,108.0,late_gt84,short_lt60,-2.004868950273227,7.337587743538596,0.0733740967204002,0.0757749712973593,0.0748528174936921,0.0771929824561403,0.0,0.0757749712973593
PatientID_0251,1,2,77.0,True,True,130,333,0.060475161987041,False,13.0,,no_history,61.0,-48.0,pre_or_during,medium_60_120,0.9359436697755489,4.875197323201151,0.0736196319018405,0.060475161987041,0.060475161987041,0.060475161987041,0.1291291291291291,0.060475161987041
PatientID_0251,2,3,21.0,True,True,333,1245,0.2230671736375158,True,90.0,1.3888888888888888,growth,61.0,29.0,early_1_84,short_lt60,1.316552706370698,5.811140992976701,0.2332288401253918,0.2230671736375158,0.2782089552238806,0.2608695652173913,0.4875502008032129,0.2230671736375158
PatientID_0252,1,2,43.0,True,True,1884,1330,0.685749844430616,False,92.0,,no_history,53.0,39.0,early_1_84,short_lt60,-0.3479972814869995,7.541683099882111,0.664576802507837,0.685749844430616,0.685749844430616,0.685749844430616,0.6842105263157895,0.685749844430616
PatientID_0252,2,3,55.0,True,True,1330,4856,0.1290009699321047,True,135.0,-0.2921633100424716,shrink,53.0,82.0,early_1_84,short_lt60,1.2944904239506332,7.193685818395112,0.1409104986063797,0.1290009699321047,0.0893482831114225,0.0668249041446047,0.16165568369028,0.1290009699321047
PatientID_0254,1,2,68.0,True,True,34,645,0.0117820324005891,False,70.0,,no_history,40.0,30.0,early_1_84,medium_60_120,2.915451442293188,3.5553480614894135,0.0116788321167883,0.0117820324005891,0.0117820324005891,0.0117820324005891,0.0619674670797831,0.0117820324005891
PatientID_0254,2,3,44.0,True,True,645,981,0.4514145141451414,True,138.0,14.187898089171975,growth,40.0,98.0,late_gt84,short_lt60,0.41879180457186405,6.470799503782602,0.4949911608721273,0.4514145141451414,0.3358137759969472,0.5838693715982187,0.583078491335372,0.4514145141451414
PatientID_0254,3,4,8.0,False,True,981,1070,0.0,True,182.0,0.522122038163137,growth,40.0,142.0,late_gt84,short_lt60,0.08675676209328292,6.889591308354466,0.0,0.0,0.0,0.0,0.0,0.0
PatientID_0256,1,2,22.0,True,False,247,943,0.1361344537815126,False,88.0,,no_history,73.0,15.0,early_1_84,short_lt60,1.3366974199805186,5.5134287461649825,0.1516666666666666,0.1361344537815126,0.1361344537815126,0.1361344537815126,0.3223753976670201,0.1361344537815126
PatientID_0256,2,3,76.0,True,False,943,1269,0.5298372513562387,True,110.0,2.582909460834181,growth,73.0,37.0,early_1_84,medium_60_120,0.2966460133071363,6.8501261661455,0.5642553191489361,0.5298372513562387,0.0262035784713546,0.5307625649913345,0.5776201733648542,0.5298372513562387
PatientID_0256,3,4,51.0,True,False,1269,770,0.1667484060814124,True,186.0,0.35491198182850653,growth,73.0,113.0,late_gt84,short_lt60,-0.4990838058893074,7.146772179452637,0.1897269782508098,0.203763440860215,0.2189655172413793,0.2116917626217891,0.1558441558441558,0.1667484060814124
PatientID_0256,4,5,23.0,True,False,770,1663,0.1438553226469379,True,237.0,-0.39951802179379714,shrink,73.0,164.0,late_gt84,short_lt60,0.7692912478178243,6.647688373563329,0.1467964314679643,0.2294188861985472,0.141352063213345,0.1431159420289855,0.2297053517739025,0.1438553226469379
PatientID_0259,1,2,133.0,True,False,447,4118,0.0867469879518072,False,43.0,,no_history,,,unknown_rt,long_gt120,2.2185724620210956,6.104793232414985,0.1127533783783783,0.0867469879518072,0.0867469879518072,0.0867469879518072,0.4485186983972802,0.0867469879518072
PatientID_0264,1,2,115.0,True,False,803,0,0.0,False,26.0,,no_history,220.0,-194.0,pre_or_during,medium_60_120,-6.6895992691789665,6.6895992691789665,0.0,0.0,0.0,0.0,1.0,0.0
PatientID_0265,1,2,371.0,False,False,807,85,0.0605381165919282,False,155.0,,no_history,103.0,52.0,early_1_84,long_gt120,-2.2402147622675876,6.694562058521095,0.0362889421431016,0.0605381165919282,0.0605381165919282,0.0605381165919282,0.0117647058823529,0.0605381165919282
PatientID_0267,1,2,62.0,True,True,4641,1833,0.4025332097621254,False,90.0,,no_history,62.0,28.0,early_1_84,medium_60_120,-0.9286459340179722,8.442900586834382,0.3754450932915539,0.4025332097621254,0.4025332097621254,0.4025332097621254,0.5270049099836334,0.4025332097621254
PatientID_0270,1,3,196.0,True,False,35,299,0.0,False,97.0,,no_history,,,unknown_rt,long_gt120,2.120263536200091,3.58351893845611,0.0,0.0,0.0,0.0,0.0,0.0
PatientID_0270,3,6,133.0,True,False,299,239,0.6505576208178439,True,293.0,5.959247648902822,growth,,,unknown_rt,long_gt120,-0.2231435513142097,5.703782474656201,0.5688350983358548,0.6505576208178439,0.2834331337325349,0.5383542538354253,0.5857740585774058,0.6505576208178439
PatientID_0271,1,3,150.0,True,False,532,0,0.0,False,42.0,,no_history,,,unknown_rt,long_gt120,-6.278521424165844,6.278521424165844,0.0,0.0,0.0,0.0,1.0,0.0
PatientID_0272,1,3,119.0,True,True,1034,424,0.2208504801097393,False,89.0,,no_history,62.0,27.0,early_1_84,medium_60_120,-0.8900675367750527,6.942156705699469,0.2141045154743784,0.2208504801097393,0.2208504801097393,0.2208504801097393,0.1698113207547169,0.2208504801097393
PatientID_0272,3,6,168.0,True,True,424,295,0.3560500695410292,True,208.0,-0.5830315571650284,shrink,62.0,146.0,late_gt84,long_gt120,-0.3617297146003565,6.052089168924417,0.396551724137931,0.3560500695410292,0.1542168674698795,0.0,0.3491525423728813,0.3560500695410292
PatientID_0274,1,3,145.0,True,True,369,716,0.2838709677419355,False,87.0,,no_history,57.0,30.0,early_1_84,long_gt120,0.6615728349613502,5.91350300563827,0.3514644351464435,0.2838709677419355,0.2838709677419355,0.2838709677419355,0.3798882681564245,0.2838709677419355
PatientID_0275,1,3,132.0,True,False,1580,0,0.0,False,104.0,,no_history,112.0,-8.0,pre_or_during,long_gt120,-7.365812837209472,7.365812837209472,0.0,0.0,0.0,0.0,1.0,0.0
