pid,plan_voxels,standard_enh,euclid@0.5,euclid@0.6,euclid@0.7,euclid@0.8,euclid@0.9,euclid@1,geodesic@0.5,geodesic@0.6,geodesic@0.7,geodesic@0.8,geodesic@0.9,geodesic@1,gliodil@0.5,gliodil@0.6,gliodil@0.7,gliodil@0.8,gliodil@0.9,gliodil@1,sbtc@0.5,sbtc@0.6,sbtc@0.7,sbtc@0.8,sbtc@0.9,sbtc@1,pinngbm@0.5,pinngbm@0.6,pinngbm@0.7,pinngbm@0.8,pinngbm@0.9,pinngbm@1,unet_raw@0.5,unet_raw@0.6,unet_raw@0.7,unet_raw@0.8,unet_raw@0.9,unet_raw@1
tum_gbm_001,291400,1.0,0.9798139718978824,0.997031466455571,1.0,1.0,1.0,1.0,0.9816940431426875,0.9982188798733426,0.9988125865822284,0.9988125865822284,0.9988125865822284,0.9988125865822284,0.9742727092816149,0.9877300613496932,0.9948545418563229,0.9967346131011281,0.997031466455571,0.9986146843459331,0.9222244211359588,0.9490401741539679,0.9613101128042747,0.9712052246190382,0.9854541856322977,0.9921828616663368,0.9927765683752227,0.998911537700376,0.9997031466455572,1.0,1.0,1.0,0.8971897882446072,0.9169800118741341,0.9401345735206807,0.9603206016227983,0.978032851771225,0.9902038393033842
tum_gbm_002,238349,0.9460179472798654,0.8024957936062815,0.854290521592821,0.887100392596747,0.9107964105440269,0.9299214806505889,0.9460179472798654,0.8103757711721817,0.8616937745372967,0.8968031407739765,0.9197980931015143,0.9398485698261357,0.9549635445877734,0.8483735277621985,0.8824453168816602,0.9116096466629277,0.9325574873808189,0.9464666292765003,0.9576836791923724,0.7989624228827819,0.8323331463825014,0.8528883903533371,0.865002804262479,0.8831183398766125,0.8973920358945597,0.8953449242849131,0.9324172742568705,0.9513740886146943,0.9663768928771733,0.9790802019068985,0.9879697139652271,0.6913628715647785,0.7472237801458217,0.784997195737521,0.8141895681435782,0.841054402692092,0.8627874369040942
tum_gbm_003,159100,0.9638680397975213,0.34857741316111013,0.5615290626636411,0.7399197067551057,0.8544248559958108,0.921103159364636,0.9638680397975213,0.3431663466573573,0.5220806423459592,0.6540408448245767,0.7369523477046604,0.7966486297783208,0.8399371618083435,0.4976435678128818,0.6245418048525048,0.850410193751091,0.96613719671845,0.9963344388200384,1.0,0.7495199860359574,0.9128992843428172,0.9621225344737302,0.9832431488916041,0.9947634840286262,1.0,0.5693838366207017,0.6577064060045383,0.7280502705533252,0.7807645313318206,0.8329551405131785,0.8992843428172456,0.836446151160761,0.9436201780415431,0.9766102286611974,0.994239832431489,0.9998254494676209,1.0
tum_gbm_004,105803,0.9753689115721735,0.952513036724731,0.9700432708310218,0.9742594030844336,0.9753689115721735,0.9753689115721735,0.9753689115721735,0.9501830689004771,0.9681571064018639,0.9723732386552757,0.9731498945966937,0.9731498945966937,0.9731498945966937,0.9637190724509043,0.9708199267724398,0.9751470098746255,0.9783645844890714,0.983024520137579,0.9882392100299567,0.9733717962942416,0.9752579607233995,0.9754798624209475,0.9774769776988794,0.9816931099522911,0.9861311439032509,0.9378675246865639,0.967713303006768,0.9750360590258516,0.9753689115721735,0.9765893709086875,0.9810274048596471,0.9738155996893376,0.9757017641184955,0.9794740929768113,0.984023077776545,0.9910129812493066,0.9958948185953622
tum_gbm_005,48926,0.005170630816959669,0.005170630816959669,0.005170630816959669,0.005170630816959669,0.005170630816959669,0.005170630816959669,0.005170630816959669,0.005170630816959669,0.005170630816959669,0.005170630816959669,0.005170630816959669,0.005170630816959669,0.005170630816959669,0.0,0.0,0.001034126163391934,0.002068252326783868,0.002068252326783868,0.002068252326783868,0.005170630816959669,0.005170630816959669,0.005170630816959669,0.005170630816959669,0.005170630816959669,0.014477766287487074,0.005170630816959669,0.005170630816959669,0.005170630816959669,0.005170630816959669,0.005170630816959669,0.005170630816959669,0.005170630816959669,0.005170630816959669,0.06514994829369183,0.2626680455015512,0.43950361944157185,0.5439503619441571
tum_gbm_006,230459,1.0,1.0,1.0,1.0,1.0,1.0,1.0,1.0,1.0,1.0,1.0,1.0,1.0,1.0,1.0,1.0,1.0,1.0,1.0,1.0,1.0,1.0,1.0,1.0,1.0,1.0,1.0,1.0,1.0,1.0,1.0,1.0,1.0,1.0,1.0,1.0,1.0
tum_gbm_007,209181,1.0,0.987219426471763,0.9956066778496685,0.9996006070772426,1.0,1.0,1.0,0.9791516894320632,0.9876188193945203,0.9905743270229251,0.9906542056074766,0.9906542056074766,0.9906542056074766,0.9816279255531593,0.9900950555156163,0.9939292275740874,0.99568655643422,0.9971243709561467,0.9979231568016614,0.9993609713235881,1.0,1.0,1.0,1.0,1.0,0.9908938413611311,0.9974438852943526,0.9989615784008308,0.9997603642463455,0.9999201214154485,1.0,0.9722022525760844,0.9925712916367122,0.9980030353862129,0.9996804856617941,1.0,1.0
tum_gbm_008,46181,0.9390420899854862,0.7833817126269956,0.8116835994194485,0.8534107402031931,0.884978229317852,0.9158200290275762,0.9390420899854862,0.783744557329463,0.8200290275761973,0.8566763425253991,0.8886066763425254,0.9179970972423802,0.9459361393323658,0.9611756168359942,0.9825834542815675,0.9887518142235123,0.9941944847605225,0.997822931785196,0.9989114658925979,0.9357764876632801,0.9648040638606676,0.9804063860667634,0.9916545718432511,0.9934687953555879,0.9960087082728593,0.8443396226415094,0.8922351233671988,0.9317851959361393,0.9597242380261248,0.9807692307692307,0.9916545718432511,0.613933236574746,0.6738026124818578,0.715166908563135,0.7514513788098693,0.7822931785195936,0.8051523947750363
tum_gbm_009,185672,0.7169652855543113,0.38787793952967525,0.4748040313549832,0.5396136618141097,0.5943449048152296,0.6510358342665173,0.7169652855543113,0.4049552071668533,0.4879619260918253,0.5524916013437849,0.6061030235162373,0.6690929451287794,0.7360022396416573,0.48810190369540873,0.5926651735722285,0.6800111982082867,0.7691769316909295,0.8313269876819709,0.8558230683090705,0.5286954087346024,0.6618141097424413,0.7679171332586786,0.8132698768197089,0.8607222844344905,0.8955767077267637,0.45492721164613664,0.5527715565509519,0.6437569988801791,0.7147256438969765,0.7693169092945129,0.8125699888017918,0.5494120940649496,0.6112821948488242,0.6721724524076148,0.7175251959686451,0.7582586786114222,0.7998320268756999
tum_gbm_010,34588,0.5691056910569106,0.5691056910569106,0.5691056910569106,0.5691056910569106,0.5691056910569106,0.5691056910569106,0.5691056910569106,0.5691056910569106,0.5691056910569106,0.5691056910569106,0.5691056910569106,0.5691056910569106,0.5691056910569106,0.5691056910569106,0.5691056910569106,0.5691056910569106,0.5691056910569106,0.5691056910569106,0.5691056910569106,0.5691056910569106,0.5691056910569106,0.5691056910569106,0.5691056910569106,0.5691056910569106,0.5718157181571816,0.5691056910569106,0.5691056910569106,0.5691056910569106,0.5691056910569106,0.5691056910569106,0.5691056910569106,0.5691056910569106,0.5691056910569106,0.5691056910569106,0.5691056910569106,0.5691056910569106,0.5691056910569106
tum_gbm_011,211572,0.9041009242014267,0.6374881400007029,0.7165196612432794,0.7780159538953508,0.8318867062585655,0.8734230593527076,0.9041009242014267,0.635133710510595,0.7141652317531715,0.7772779983835261,0.833222054327582,0.8757423481041572,0.9048740204519099,0.741223600520083,0.8055311522648206,0.8547633271251361,0.887127947429455,0.9106019608532171,0.9265207154654391,0.610289208279158,0.6829953965632357,0.7433320448395825,0.784481849808483,0.8213444846610676,0.8518115050778368,0.7367607267104754,0.8000491970341217,0.845591594335313,0.8802052219137646,0.9108830867624838,0.9357275889939206,0.6871771444635766,0.7336332009698844,0.7756263836665847,0.8129809888603858,0.8498436237129704,0.8850546438486137
tum_gbm_012,221435,1.0,0.7406171809841534,0.9124270225187656,0.9899916597164303,1.0,1.0,1.0,0.7331109257714762,0.9124270225187656,0.9749791492910759,0.97581317764804,0.97581317764804,0.97581317764804,0.7648040033361134,0.7956630525437864,0.817347789824854,0.8381984987489575,0.854045037531276,0.8682235195996664,0.6255212677231026,0.7547956630525438,0.8140116763969975,0.8890742285237698,0.9382819015846539,0.9741451209341118,0.920767306088407,0.9683069224353628,0.9958298582151793,1.0,1.0,1.0,0.427022518765638,0.5287739783152627,0.6480400333611342,0.7814845704753962,0.8673894912427023,0.9249374478732277
tum_gbm_013,201416,0.9972294052456594,0.9970446989287034,0.9972294052456594,0.9972294052456594,0.9972294052456594,0.9972294052456594,0.9972294052456594,0.995567048393055,0.995567048393055,0.995567048393055,0.995567048393055,0.995567048393055,0.995567048393055,0.9911340967861101,0.9961211673439232,0.9972294052456594,0.9972294052456594,0.9972294052456594,0.9972294052456594,0.9850387883265608,0.9883635020317695,0.9939046915404507,0.9961211673439232,0.9972294052456594,0.9972294052456594,0.9968599926117473,0.9972294052456594,0.9972294052456594,0.9972294052456594,0.9972294052456594,0.9972294052456594,0.9577022534170668,0.9758034724787588,0.9872552641300333,0.9922423346878463,0.9948282231252309,0.9966752862947913
tum_gbm_014,172821,0.9584484411118002,0.6276709702880984,0.7259401251620905,0.8157523820262728,0.8865648080284152,0.9317810227208659,0.9584484411118002,0.6395670068218977,0.7428539211817106,0.8337373851271354,0.8993629136832609,0.9380391272481254,0.9629587867170322,0.8251113491571291,0.9468906804983932,0.9967863787562722,1.0,1.0,1.0,0.6841630489936291,0.7839544455093872,0.8605739414782658,0.9029711901674465,0.922478434910075,0.9383774031685178,0.669053391216102,0.8204882449117664,0.9445227490556464,0.990979308789536,1.0,1.0,0.8561199751930991,0.89851722388228,0.9289056773975306,0.948976715340813,0.9641427524384056,0.9760951682922704
tum_gbm_015,87876,0.28343565007673754,0.1655338741504056,0.18723964042973032,0.20823284367463277,0.22988379741284806,0.25608419206314403,0.28343565007673754,0.16712343784257838,0.18921289190966895,0.21020609515457137,0.2330629247971936,0.2595373821530366,0.2897939048454286,0.17408463056347293,0.21026090769568076,0.24495724621793466,0.281736461302346,0.3261346196009647,0.3753562815172111,0.21848278886209166,0.2462727472045604,0.27450120587590443,0.3071694803771103,0.34076956807717607,0.3777132207849156,0.17101512826134618,0.19606445954834467,0.2228129796097347,0.2509866257399693,0.2819008989256742,0.31270554702916026,0.24791712343784258,0.28151721113790834,0.31725498794124096,0.3487173865380399,0.3768910326682745,0.4028173646130235
tum_gbm_016,333876,0.9078186796470946,0.643266403001724,0.7180052732988541,0.7736284352499746,0.8182993611195619,0.8620829530473583,0.9078186796470946,0.6392607240644965,0.7091826386776189,0.7646283338403813,0.8079302301997769,0.8528800324510699,0.9007707129094412,0.6528496095730656,0.7342815130311328,0.7873187303518913,0.8423841395396005,0.8895396004462022,0.9241963289727209,0.6647145319947267,0.7244447824764223,0.7745157691917656,0.82433323192374,0.8672801947064193,0.9036862387181828,0.648438292262448,0.739199878308488,0.8105668796268127,0.8740746374607038,0.931269648108711,0.9755349356049082,0.6537622959131933,0.7299209005171889,0.7889412838454518,0.835564344386979,0.8721985599837745,0.9026467903863705
tum_gbm_017,88137,0.08054027013506754,0.0,0.0,0.0015007503751875938,0.010005002501250625,0.026513256628314157,0.08054027013506754,0.0,0.0,0.0015007503751875938,0.02051025512756378,0.05152576288144072,0.11555777888944473,0.0065032516258129065,0.03751875937968985,0.09504752376188094,0.17558779389694848,0.24862431215607803,0.3151575787893947,0.0050025012506253125,0.04052026013006503,0.11305652826413207,0.22311155577788894,0.3491745872936468,0.5142571285642822,0.0,0.0,0.007003501750875438,0.03801900950475238,0.08054027013506754,0.1485742871435718,0.004502251125562781,0.02501250625312656,0.08404202101050526,0.15057528764382191,0.2096048024012006,0.26263131565782893
tum_gbm_018,243827,0.9814741107935014,0.9013279299489815,0.9199261859101928,0.9348699207584036,0.9510800738140898,0.9667836595867858,0.9814741107935014,0.8970944747982776,0.91609074791041,0.9317943336831059,0.9491623548141983,0.9659152585302312,0.9804247928501646,0.8831276911386909,0.9041864167601404,0.9235807070231935,0.938741542135543,0.953793827115823,0.9671093099829938,0.9210478706082426,0.9473170025690197,0.9654448746245975,0.9789412743785505,0.9892535369251366,0.9959474617360784,0.8943807214965445,0.9214820711365199,0.9400079603430184,0.9535043600969715,0.966385642435865,0.978000506567283,0.8371024351412961,0.8863841951007707,0.926403010456996,0.9555306292289323,0.9753229366429063,0.9887831530195028
tum_gbm_019,105234,0.577103902209685,0.3767042783262812,0.4488716502115656,0.4931828866948754,0.5309120827456512,0.5559473436765398,0.577103902209685,0.40209214856605546,0.4682651622002821,0.5115185707569346,0.5433709449929478,0.5661730136342266,0.5842736248236954,0.5323225199811942,0.5585331452750353,0.5748707099200753,0.5848613070051716,0.591560883874001,0.597672778561354,0.42595204513399154,0.4708509637987776,0.50470145745181,0.5228020686412788,0.5293841090738128,0.5344381758345087,0.503761165961448,0.5379642689233662,0.560766337564645,0.5795721673718853,0.5977903149976492,0.6134226610249177,0.30007052186177713,0.368241654913023,0.4315937940761636,0.46614950634696756,0.4980018805829807,0.5245651151857076
tum_gbm_020,157497,0.018497484991075775,0.008924225214992698,0.01833522635080318,0.018497484991075775,0.018497484991075775,0.018497484991075775,0.018497484991075775,0.009573259776083077,0.01833522635080318,0.018497484991075775,0.018497484991075775,0.018497484991075775,0.01865974363134837,0.0019471036832711343,0.010546811617718643,0.028233003407431446,0.051598247606685056,0.10449456433555086,0.1359727405484342,0.005192276488723025,0.010222294337173454,0.03813078046405971,0.09411001135810482,0.1627454161934123,0.21174752555573584,0.004867759208177835,0.015414570825896479,0.01865974363134837,0.030342365730975176,0.052896316728865814,0.06944669803667046,0.08323868245984099,0.10027583968846342,0.1213694629239007,0.1625831575531397,0.20769105954892098,0.24127859808534804
tum_gbm_021,238784,0.9047883800125096,0.4853707693376885,0.5810688720550421,0.6709291820140385,0.7552296893460282,0.8336924039196608,0.9047883800125096,0.46396552922371254,0.5514629230662311,0.6376398637848356,0.7160330808256307,0.7909514212245465,0.845367989436375,0.714643130168879,0.8330669261241226,0.8815762040447565,0.9154910000694976,0.9453054416568212,0.9774827993606227,0.7729515602196122,0.9356452845923969,0.9958301480297449,1.0,1.0,1.0,0.4963513795260268,0.5857252067551602,0.6703732017513379,0.7341719368962402,0.7804572937660713,0.8184029466953923,0.8204183751476822,0.8732365001042462,0.9065953158662867,0.9322399054833553,0.9541316283271943,0.974911390645632
tum_gbm_022,58895,1.0,0.9930609097918273,1.0,1.0,1.0,1.0,1.0,0.9722436391673092,0.9799537393986122,0.9799537393986122,0.9799537393986122,0.9799537393986122,0.9799537393986122,0.9429452582883577,0.9791827293754819,0.9899768696993061,0.9915188897455667,0.9930609097918273,0.9930609097918273,0.9799537393986122,0.9899768696993061,0.9961449498843485,0.9984579799537394,0.9992289899768697,0.9992289899768697,0.9722436391673092,0.9907478797224364,0.9969159599074788,0.9992289899768697,1.0,1.0,0.9915188897455667,1.0,1.0,1.0,1.0,1.0
tum_gbm_024,217349,0.7961165048543689,0.6181229773462783,0.6181229773462783,0.6181229773462783,0.6537216828478964,0.7249190938511327,0.7961165048543689,0.5922330097087378,0.5922330097087378,0.598705501618123,0.6537216828478964,0.7249190938511327,0.7961165048543689,0.6181229773462783,0.6181229773462783,0.7055016181229773,0.9773462783171522,1.0,1.0,0.5792880258899676,0.889967637540453,0.970873786407767,0.9805825242718447,0.9902912621359223,1.0,0.6116504854368932,0.6181229773462783,0.7249190938511327,0.9967637540453075,1.0,1.0,0.5857605177993528,0.7572815533980582,0.8122977346278317,0.8511326860841424,0.8932038834951457,0.9288025889967637
tum_gbm_025,212083,0.36774827925270404,0.36774827925270404,0.36774827925270404,0.36774827925270404,0.36774827925270404,0.36774827925270404,0.36774827925270404,0.36774827925270404,0.36774827925270404,0.36774827925270404,0.36774827925270404,0.36774827925270404,0.36774827925270404,0.36774827925270404,0.36774827925270404,0.36774827925270404,0.36774827925270404,0.36774827925270404,0.36774827925270404,0.36774827925270404,0.36774827925270404,0.36774827925270404,0.36774827925270404,0.36774827925270404,0.36774827925270404,0.36774827925270404,0.36774827925270404,0.36774827925270404,0.36774827925270404,0.36774827925270404,0.36774827925270404,0.3647984267453294,0.36774827925270404,0.36774827925270404,0.36774827925270404,0.36774827925270404,0.36774827925270404
tum_gbm_026,42408,1.0,0.9995663486556808,1.0,1.0,1.0,1.0,1.0,0.9336513443191674,0.9336513443191674,0.9336513443191674,0.9336513443191674,0.9336513443191674,0.9336513443191674,0.9176062445793582,0.9436253252385083,0.9648742411101474,0.9791847354726799,0.9882914137033825,0.9943625325238509,0.997398091934085,1.0,1.0,1.0,1.0,1.0,0.9813529921942759,0.9852558542931483,0.9882914137033825,0.9908933217692975,0.9926279271465741,0.9943625325238509,0.9453599306157849,0.9588031222896791,0.9683434518647008,0.9757155247181266,0.9826539462272333,0.9874241110147441
tum_gbm_027,103504,0.9941605839416059,0.8525547445255475,0.9197080291970803,0.9512408759124088,0.9740145985401459,0.9862773722627737,0.9941605839416059,0.865985401459854,0.9220437956204379,0.9506569343065694,0.9672992700729927,0.9786861313868613,0.9842335766423358,0.9743065693430657,0.9944525547445255,1.0,1.0,1.0,1.0,0.8262773722627738,0.8998540145985402,0.9524087591240876,0.9792700729927007,0.9915328467153285,0.997080291970803,0.9556204379562043,0.9985401459854014,1.0,1.0,1.0,1.0,0.9045255474452555,0.9562043795620438,0.9851094890510949,0.9962043795620438,0.9994160583941606,1.0
tum_gbm_028,142924,1.0,0.7305475504322767,0.861671469740634,0.9020172910662824,0.9250720461095101,0.9899135446685879,1.0,0.6412103746397695,0.7939481268011528,0.8184438040345822,0.8688760806916427,0.9106628242074928,0.9135446685878963,0.8674351585014409,0.9812680115273775,1.0,1.0,1.0,1.0,0.8242074927953891,0.9106628242074928,0.9293948126801153,0.930835734870317,0.930835734870317,0.930835734870317,0.6873198847262247,0.861671469740634,0.9394812680115274,0.9697406340057637,0.9899135446685879,0.9971181556195965,0.3414985590778098,0.41930835734870314,0.5072046109510087,0.5749279538904899,0.6282420749279539,0.6772334293948127
tum_gbm_029,178654,0.9817801047120419,0.7731937172774869,0.8772774869109947,0.9264921465968586,0.9482722513089005,0.9635602094240838,0.9817801047120419,0.7872251308900523,0.8908900523560209,0.9283769633507853,0.949738219895288,0.9681675392670157,0.9853403141361257,0.9281675392670157,0.9545549738219895,0.9761256544502618,0.9964397905759163,1.0,1.0,0.8957068062827225,0.9677486910994765,0.9966492146596858,0.9997905759162303,1.0,1.0,0.8785340314136125,0.9528795811518325,0.9780104712041885,0.9947643979057592,1.0,1.0,0.9595811518324607,0.9928795811518325,0.9997905759162303,1.0,1.0,1.0
tum_gbm_030,142354,1.0,1.0,1.0,1.0,1.0,1.0,1.0,1.0,1.0,1.0,1.0,1.0,1.0,0.9965831435079726,1.0,1.0,1.0,1.0,1.0,1.0,1.0,1.0,1.0,1.0,1.0,0.9954441913439636,1.0,1.0,1.0,1.0,1.0,0.9384965831435079,0.9806378132118451,0.9977220956719818,1.0,1.0,1.0
tum_gbm_031,50537,0.952058432934927,0.6966356795042054,0.783045595396193,0.8505533421868083,0.8972111553784861,0.9293935369632581,0.952058432934927,0.6897299690128376,0.7721115537848605,0.832182381584772,0.8732625055334219,0.9023461708720673,0.9222664895971668,0.6324479858344401,0.6888446215139442,0.7577246569278442,0.8276228419654714,0.882514386896857,0.9216024789729969,0.66489597166888,0.7238158477202302,0.7895528995130588,0.8410801239486498,0.8775121735281097,0.9037627268702966,0.6824258521469677,0.765692784417884,0.8320495794599381,0.8754758742806552,0.9047366091190793,0.9258964143426295,0.6404161133244799,0.7248782647189022,0.796812749003984,0.8540947321823816,0.8991589198760513,0.9312084993359894
tum_gbm_032,35727,0.45044136191677175,0.3699873896595208,0.3800756620428752,0.3924337957124842,0.4085750315258512,0.4282471626733922,0.45044136191677175,0.36620428751576295,0.3775535939470366,0.39167717528373264,0.4075662042875158,0.4274905422446406,0.4426229508196721,0.39470365699873894,0.4153846153846154,0.43203026481715007,0.4456494325346784,0.4557377049180328,0.4640605296343001,0.3329129886506936,0.34602774274905423,0.35510718789407314,0.375031525851198,0.39949558638083227,0.43505674653215637,0.3926860025220681,0.4047919293820933,0.41513240857503153,0.42345523329129886,0.43253467843631777,0.44110970996216897,0.08196721311475409,0.1235813366960908,0.18335435056746532,0.24337957124842372,0.30012610340479196,0.355359394703657
tum_gbm_034,60822,1.0,1.0,1.0,1.0,1.0,1.0,1.0,0.9997575169738119,1.0,1.0,1.0,1.0,1.0,1.0,1.0,1.0,1.0,1.0,1.0,1.0,1.0,1.0,1.0,1.0,1.0,1.0,1.0,1.0,1.0,1.0,1.0,0.9995150339476236,1.0,1.0,1.0,1.0,1.0
tum_gbm_035,256601,1.0,0.9898348157560356,1.0,1.0,1.0,1.0,1.0,0.9752223634053367,0.9803049555273189,0.9803049555273189,0.9803049555273189,0.9803049555273189,0.9803049555273189,1.0,1.0,1.0,1.0,1.0,1.0,1.0,1.0,1.0,1.0,1.0,1.0,1.0,1.0,1.0,1.0,1.0,1.0,1.0,1.0,1.0,1.0,1.0,1.0
tum_gbm_036,96662,0.7892878163625662,0.13066509711595056,0.2660388463802237,0.418481459682166,0.566804002354326,0.6986462625073573,0.7892878163625662,0.20306062389640966,0.3719835197174809,0.5285462036492055,0.6674514420247204,0.7804590935844614,0.848145968216598,0.6856974690994703,0.7987051206592113,0.859329017068864,0.9193643319599765,0.9705709240729841,0.9917598587404356,0.609181871689229,0.7321954090641554,0.8528546203649205,0.9411418481459682,0.9788110653325486,0.9835197174808711,0.4114184814596822,0.6127133608004709,0.7751618599175986,0.8622719246615657,0.9087698646262508,0.9429075927015892,0.6497939964685109,0.7227781047675103,0.8022366097704532,0.8946439081812831,0.9582107121836374,0.9911712772218952
tum_gbm_037,200994,0.9964699683877766,0.9159114857744994,0.9777660695468915,0.9945732349841939,0.9964699683877766,0.9964699683877766,0.9964699683877766,0.9119072708113805,0.9649631190727082,0.9759220231822971,0.9767650158061117,0.9767650158061117,0.9767650158061117,0.7851422550052687,0.851159114857745,0.8977344573234984,0.9247629083245522,0.9417281348788198,0.9564805057955743,0.6903055848261328,0.7328767123287672,0.7488935721812434,0.7820337197049526,0.8075342465753425,0.840200210748156,0.7855637513171759,0.8519494204425712,0.9020547945205479,0.9386722866174921,0.9584826132771338,0.9692307692307692,0.5481032665964173,0.6227608008429927,0.6826659641728134,0.733245521601686,0.7792939936775554,0.8226554267650158
tum_gbm_038,149935,0.803118431985923,0.6530622220049855,0.7140622708832298,0.7461263991397429,0.766850774720172,0.7855222640402757,0.803118431985923,0.6546263258223765,0.7014516838555159,0.7324404907375727,0.7499877804389267,0.7685126350261499,0.7834204995356567,0.6795542304120435,0.714599931570458,0.7387946624957231,0.768414878537563,0.7956889388533164,0.8235495381005914,0.6166479300063542,0.7047265262231781,0.7569284911285986,0.8035094579402707,0.8443716701696075,0.8806393274353586,0.6612248888019943,0.7071215601935579,0.7280903269954543,0.7445134170780585,0.7594701598318588,0.7755022239601154,0.6290141258126009,0.7057529693533409,0.7566840999071314,0.7913876533554914,0.8218876777946136,0.8469622171171611
tum_gbm_039,194566,0.9281875915974597,0.24523693209574987,0.43575964826575475,0.6033219345383488,0.7239863214460186,0.8329262335124572,0.9281875915974597,0.26722032242305815,0.4714215925744993,0.6409379579872985,0.7664875427454811,0.8866634098680997,0.9672691744015632,0.9843673668783586,0.9970688812896922,0.9995114802149487,1.0,1.0,1.0,0.6428920371275036,0.8553981436248168,0.9824132877381534,0.9990229604298974,1.0,1.0,0.9008304836345872,0.9804592085979482,0.9970688812896922,0.9985344406448461,0.9990229604298974,0.9990229604298974,0.9990229604298974,1.0,1.0,1.0,1.0,1.0
tum_gbm_040,163324,0.8994772818657016,0.7828709288299156,0.8001608363490149,0.8029754724567753,0.8214716525934861,0.8584640128669079,0.8994772818657016,0.7844792923200643,0.7997587454764777,0.8025733815842381,0.8238841978287093,0.8661037394451147,0.9115400080418175,0.9553679131483716,0.9863289103337354,0.9975874547647768,0.9983916365098512,1.0,1.0,0.8821873743466023,0.9601930036188179,0.9819059107358263,0.9823080016083635,0.9859268194611982,0.9911540008041817,0.9248090068355448,0.9899477281865702,1.0,1.0,1.0,1.0,0.9408926417370326,0.9634097305991154,0.9722557297949337,0.981503819863289,0.9943707277844793,0.9975874547647768
tum_gbm_041,164454,1.0,1.0,1.0,1.0,1.0,1.0,1.0,0.9973652431660994,0.9973652431660994,0.9973652431660994,0.9973652431660994,0.9973652431660994,0.9973652431660994,0.9998902184652542,1.0,1.0,1.0,1.0,1.0,0.9973652431660994,0.9996706553957624,1.0,1.0,1.0,1.0,0.9957185201449116,0.997694587770337,0.9989021846525414,0.999231529256779,0.9995608738610166,0.9996706553957624,0.9991217477220331,0.9998902184652542,1.0,1.0,1.0,1.0
tum_gbm_042,341579,1.0,0.8766187050359712,0.9719424460431655,0.9991007194244604,1.0,1.0,1.0,0.8627697841726619,0.951978417266187,0.9579136690647482,0.9579136690647482,0.9579136690647482,0.9579136690647482,0.6739208633093525,0.8010791366906475,0.912410071942446,0.9911870503597122,1.0,1.0,0.8115107913669065,0.9375899280575539,0.9919064748201439,1.0,1.0,1.0,0.5496402877697841,0.7557553956834533,0.9516187050359712,1.0,1.0,1.0,0.8755395683453238,0.9803956834532375,0.9996402877697842,1.0,1.0,1.0
tum_gbm_043,62189,1.0,1.0,1.0,1.0,1.0,1.0,1.0,1.0,1.0,1.0,1.0,1.0,1.0,1.0,1.0,1.0,1.0,1.0,1.0,0.9970501474926253,1.0,1.0,1.0,1.0,1.0,1.0,1.0,1.0,1.0,1.0,1.0,0.8495575221238938,0.9026548672566371,0.9351032448377581,0.9557522123893806,0.9793510324483776,0.9941002949852508
tum_gbm_044,169987,0.9585152838427947,0.2712275594371664,0.4410480349344978,0.6120815138282387,0.7637069383794275,0.8779718583212033,0.9585152838427947,0.2826297913634158,0.46773410965550705,0.6424065987384765,0.7996118389131489,0.9073265405143135,0.9786511402231927,0.2903930131004367,0.5104318292091218,0.6989325570111596,0.8386705482775352,0.9342552159146046,0.9893255701115963,0.606259097525473,0.8413391557496361,0.9723435225618632,0.9995147986414362,1.0,1.0,0.15114022319262493,0.35662299854439594,0.5572537603105289,0.7137311984473557,0.8328481319747695,0.9255215914604561,0.9818049490538574,0.9934497816593887,0.9958757884522077,0.9992721979621543,0.9995147986414362,0.9995147986414362
tum_gbm_045,230728,0.7973511160507548,0.3424099286838937,0.4635546911179031,0.5870149115495045,0.6875984069648976,0.7478003149022877,0.7973511160507548,0.3446327683615819,0.4692044086320274,0.6008150412151524,0.7044549411873668,0.7647494674446605,0.8125405205149578,0.3690840048161526,0.468185607113087,0.5670093544503103,0.65768268963601,0.7455774752245994,0.8206909326664814,0.41530054644808745,0.5410762248772807,0.6443456515698806,0.7280726127628044,0.8070760396406409,0.8662591460590905,0.3887190886357321,0.4961563397239974,0.5909974993053626,0.6759284986570344,0.7551171621746782,0.8248587570621468,0.48272668333796426,0.588867277947578,0.6887098268037418,0.7668796888024452,0.8296749096971381,0.8696860238955265
tum_gbm_047,264226,0.9966101694915255,0.9796610169491525,0.9796610169491525,0.9796610169491525,0.9810169491525423,0.9898305084745763,0.9966101694915255,0.9613559322033899,0.9613559322033899,0.9620338983050848,0.9715254237288136,0.9803389830508474,0.9816949152542372,0.9383050847457627,0.9647457627118644,0.9945762711864407,1.0,1.0,1.0,0.9796610169491525,0.9796610169491525,1.0,1.0,1.0,1.0,0.6766101694915254,0.8962711864406779,0.967457627118644,0.9769491525423729,0.9796610169491525,0.9796610169491525,0.9972881355932204,1.0,1.0,1.0,1.0,1.0
tum_gbm_048,34019,0.0,0.0,0.0,0.0,0.0,0.0,0.0,0.0,0.0,0.0,0.0,0.0,0.0,0.0,0.0,0.0,0.0,0.0,0.0,0.0,0.0,0.0,0.0,0.0,0.0,0.0,0.0,0.0,0.0,0.0,0.0,0.0,0.0,0.0,0.0,0.0,0.0
tum_gbm_049,104125,0.9814471243042672,0.44341372912801486,0.5955473098330241,0.75139146567718,0.8534322820037106,0.935064935064935,0.9814471243042672,0.4749536178107607,0.6307977736549165,0.75139146567718,0.8552875695732839,0.9332096474953617,0.9777365491651205,0.6178107606679035,0.6790352504638218,0.7328385899814471,0.8589981447124304,0.9536178107606679,0.9925788497217068,0.6938775510204082,0.7328385899814471,0.8404452690166976,0.9684601113172542,0.9944341372912802,1.0,0.30241187384044527,0.5584415584415584,0.7291280148423006,0.7940630797773655,0.87569573283859,0.9424860853432282,0.862708719851577,0.9183673469387755,0.9777365491651205,0.9962894248608535,1.0,1.0
tum_gbm_050,367683,1.0,0.5954716981132075,0.7471698113207547,0.910188679245283,0.999245283018868,1.0,1.0,0.5969811320754717,0.7652830188679245,0.9313207547169812,0.9969811320754717,0.9969811320754717,0.9969811320754717,0.9894339622641509,1.0,1.0,1.0,1.0,1.0,0.9728301886792453,1.0,1.0,1.0,1.0,1.0,0.7713207547169811,0.9886792452830189,1.0,1.0,1.0,1.0,1.0,1.0,1.0,1.0,1.0,1.0
tum_gbm_051,274392,0.02523891203136486,0.02523891203136486,0.02523891203136486,0.02523891203136486,0.02523891203136486,0.02523891203136486,0.02523891203136486,0.02523891203136486,0.02523891203136486,0.02523891203136486,0.02523891203136486,0.02523891203136486,0.02523891203136486,0.013232050967900024,0.0156824307767704,0.018010291595197257,0.01972555746140652,0.02058319039451115,0.021318304337172262,0.02523891203136486,0.02523891203136486,0.02523891203136486,0.02523891203136486,0.02523891203136486,0.02523891203136486,0.01850036755697133,0.020828228375398185,0.022911051212938006,0.024013722126929673,0.024748836069590788,0.02523891203136486,0.021073266356285224,0.023768684146042638,0.024993874050477823,0.02523891203136486,0.02523891203136486,0.02523891203136486
tum_gbm_052,350410,1.0,0.9991662034463591,1.0,1.0,1.0,1.0,1.0,0.9983324068927182,0.9991662034463591,0.9991662034463591,0.9991662034463591,0.9991662034463591,0.9991662034463591,0.9977765425236242,1.0,1.0,1.0,1.0,1.0,1.0,1.0,1.0,1.0,1.0,1.0,1.0,1.0,1.0,1.0,1.0,1.0,0.999722067815453,1.0,1.0,1.0,1.0,1.0
tum_gbm_053,53236,0.3324306657951256,0.1809692781772341,0.22513773461574377,0.2564198337846671,0.28564758614249697,0.3097394714725931,0.3324306657951256,0.18180969278177234,0.22476421701372676,0.25847418059576055,0.283406480530395,0.30525726024838923,0.32813521337193013,0.23242132785507516,0.2645438416285367,0.29330469698384537,0.3195443085255393,0.3448501260621907,0.36950228779531236,0.19917826127556262,0.26762536184517693,0.3250536931552899,0.354748342515641,0.3702493229993463,0.38257540386590716,0.1855448688019423,0.2369035390792791,0.26594453263610046,0.2901297973667009,0.30992623027360167,0.3252404519562984,0.21990848818750583,0.2558595573816416,0.2844336539359417,0.3102063684751144,0.3384069474273975,0.36315248856102345
tum_gbm_054,252039,0.8947490766330036,0.742387065113516,0.7835059534571377,0.8185809850969858,0.8459074825012268,0.871116047214402,0.8947490766330036,0.741250613425627,0.7807939664746752,0.8127437559728284,0.8401219102719736,0.8664927551204897,0.8873879691091768,0.7229124157346902,0.7473719554717566,0.7699718469922773,0.7946121858615078,0.8409742490378903,0.8862256889738358,0.7134850324147015,0.7407340444765865,0.7654518686881732,0.7862437688870522,0.8069065268486711,0.8272335149934138,0.732468941291939,0.762016685177054,0.7886974713949945,0.8145517472944701,0.8393212284009608,0.8632641991889868,0.7155513082108634,0.7440400857504456,0.7732262313712323,0.8042203683136606,0.8345687940697885,0.8621019190536456
tum_gbm_055,215390,0.9992546213476446,0.998062015503876,0.9989564698867024,0.9992546213476446,0.9992546213476446,0.9992546213476446,0.9992546213476446,0.9961240310077519,0.9973166368515206,0.9973166368515206,0.9973166368515206,0.9973166368515206,0.9973166368515206,0.9493142516398331,0.9788312462731067,0.9889683959451401,0.9920989862850328,0.994335122242099,0.9961240310077519,0.9263565891472868,0.9445438282647585,0.9609421586165772,0.9733154442456768,0.9828562909958258,0.988819320214669,0.9485688729874776,0.9831544424567681,0.9904591532498509,0.9941860465116279,0.9967203339296362,0.9977638640429338,0.9151759093619559,0.9387298747763864,0.9572152653548003,0.9706320810971973,0.9818127608825283,0.988819320214669
tum_gbm_056,160194,0.9473684210526315,0.5741626794258373,0.583732057416268,0.6650717703349283,0.784688995215311,0.8851674641148325,0.9473684210526315,0.5741626794258373,0.6028708133971292,0.7559808612440191,0.8660287081339713,0.9521531100478469,0.9952153110047847,0.6602870813397129,0.8947368421052632,0.9856459330143541,1.0,1.0,1.0,0.7464114832535885,0.9138755980861244,1.0,1.0,1.0,1.0,0.6124401913875598,0.7320574162679426,0.8564593301435407,0.9330143540669856,1.0,1.0,0.9234449760765551,0.9952153110047847,1.0,1.0,1.0,1.0
tum_gbm_057,124867,0.8226963746223565,0.7075151057401813,0.7592522658610272,0.7945619335347432,0.8126888217522659,0.8183534743202417,0.8226963746223565,0.7103474320241692,0.7632175226586103,0.7949395770392749,0.8100453172205438,0.8145770392749244,0.819297583081571,0.7396148036253777,0.793429003021148,0.8141993957703928,0.8211858006042296,0.824773413897281,0.8259063444108762,0.6199018126888217,0.6646525679758308,0.6976963746223565,0.7129909365558912,0.7179003021148036,0.7241314199395771,0.8058912386706949,0.8136329305135952,0.8251510574018127,0.8257175226586103,0.826095166163142,0.826095166163142,0.15540030211480363,0.19505287009063443,0.23413897280966767,0.27549093655589124,0.31325528700906347,0.36253776435045315
tum_gbm_058,144296,0.43959836837150923,0.11196527559878673,0.178903880347244,0.2377366384269428,0.3024265244221316,0.37370567932224663,0.43959836837150923,0.12456855977408221,0.18617299445664678,0.23961928668549315,0.29845204476519194,0.36596590314820626,0.43028971864867693,0.0734755778684238,0.14815395879092144,0.24061290659972806,0.31340863926367535,0.38657044242234073,0.46700135969040896,0.20473799811735174,0.28872502876268175,0.3371509256353938,0.4276749294006903,0.5179374542411882,0.5931910887982429,0.020133877209496914,0.04439912143081268,0.07797301537496078,0.11039640204999478,0.14716033887668653,0.18512707875745216,0.4082208973956699,0.4583725551720531,0.507426001464282,0.5555904194121953,0.5992573998535718,0.6420353519506328
tum_gbm_059,155280,1.0,1.0,1.0,1.0,1.0,1.0,1.0,0.9999060415296439,0.9999060415296439,0.9999060415296439,0.9999060415296439,0.9999060415296439,0.9999060415296439,0.9854364370948041,0.9966174950671803,0.9988724983557268,0.9996241661185756,1.0,1.0,0.9183500892605468,0.9772620501738232,0.9920135300197312,0.9984966644743024,1.0,1.0,0.9940806163675655,0.9983087475335901,0.9995302076482195,1.0,1.0,1.0,0.8658273043314855,0.9595038992765198,0.990886028375458,0.9977449967114536,0.9998120830592878,1.0
tum_gbm_060,113578,1.0,1.0,1.0,1.0,1.0,1.0,1.0,0.9922680412371134,0.9922680412371134,0.9922680412371134,0.9922680412371134,0.9922680412371134,0.9922680412371134,0.9858247422680413,0.9974226804123711,1.0,1.0,1.0,1.0,1.0,1.0,1.0,1.0,1.0,1.0,1.0,1.0,1.0,1.0,1.0,1.0,1.0,1.0,1.0,1.0,1.0,1.0
tum_gbm_061,110320,0.010682768230376219,0.0,0.0,0.0,0.0009289363678588017,0.0037157454714352067,0.010682768230376219,0.0,0.0,0.0,0.00046446818392940084,0.004644681839294009,0.014398513701811427,0.00046446818392940084,0.0037157454714352067,0.09428704133766837,0.5494658615884812,0.8778448676265675,0.9995355318160706,0.0037157454714352067,0.6660473757547608,0.9656293543892244,0.9962842545285648,1.0,1.0,0.0,0.0,0.002786809103576405,0.0037157454714352067,0.013934045517882025,0.04180213655364608,0.8374361356247098,0.924756154203437,0.9735253135160241,0.9939619136089178,1.0,1.0
tum_gbm_062,129626,0.9991539763113367,0.9568527918781726,0.9616469261139312,0.9720812182741116,0.9847715736040609,0.9935138183869149,0.9991539763113367,0.9571347997743936,0.9622109419063734,0.9763113367174281,0.9887196841511562,0.9966159052453468,1.0,0.9858996051889453,0.9988719684151156,1.0,1.0,1.0,1.0,0.9983079526226735,1.0,1.0,1.0,1.0,1.0,0.9661590524534687,0.985053581500282,0.9971799210377891,1.0,1.0,1.0,0.9980259447264523,1.0,1.0,1.0,1.0,1.0
tum_gbm_063,281016,0.9907000125675506,0.9850446148045746,0.9905743370617067,0.9907000125675506,0.9907000125675506,0.9907000125675506,0.9907000125675506,0.983159482216916,0.9883121779565163,0.9883121779565163,0.9883121779565163,0.9883121779565163,0.9883121779565163,0.9529973608143772,0.9726027397260274,0.980268945582506,0.9840392107578233,0.9870554228980771,0.9883121779565163,0.8318461731808471,0.8865150182229483,0.9206987558124922,0.9527460098026894,0.9694608520799296,0.984541912781199,0.960537891165012,0.9736081437727787,0.9829081312052281,0.9876838004272968,0.9901973105441749,0.9905743370617067,0.38142516023626993,0.5838884001508106,0.7110720120648486,0.8196556491139877,0.925097398517029,0.9771270579364082
tum_gbm_064,271514,1.0,0.9084065244667503,0.9887076537013801,1.0,1.0,1.0,1.0,0.8864491844416562,0.9504391468005019,0.9576537013801757,0.9576537013801757,0.9576537013801757,0.9576537013801757,0.8171267252195734,0.9265997490589711,0.9786700125470514,0.9978042659974906,1.0,1.0,0.7835633626097867,0.9137390213299874,0.9727101631116688,0.9978042659974906,1.0,1.0,0.6433500627352572,0.7794855708908407,0.9008782936010038,0.9780426599749059,0.998745294855709,1.0,0.8833124215809285,0.9808657465495608,0.9990589711417817,1.0,1.0,1.0
tum_gbm_065,90494,1.0,1.0,1.0,1.0,1.0,1.0,1.0,1.0,1.0,1.0,1.0,1.0,1.0,1.0,1.0,1.0,1.0,1.0,1.0,0.9878542510121457,1.0,1.0,1.0,1.0,1.0,1.0,1.0,1.0,1.0,1.0,1.0,0.9210526315789473,0.9230769230769231,0.9412955465587044,0.9554655870445344,0.9655870445344129,0.9838056680161943
tum_gbm_066,171395,0.8403141361256544,0.6204188481675392,0.75,0.819371727748691,0.8403141361256544,0.8403141361256544,0.8403141361256544,0.6465968586387435,0.756544502617801,0.824607329842932,0.8403141361256544,0.8403141361256544,0.8403141361256544,0.4712041884816754,0.6819371727748691,0.8102094240837696,0.8337696335078534,0.8390052356020943,0.8403141361256544,0.47643979057591623,0.5890052356020943,0.675392670157068,0.7225130890052356,0.7617801047120419,0.7918848167539267,0.4410994764397906,0.6086387434554974,0.7068062827225131,0.8154450261780105,0.8403141361256544,0.8403141361256544,0.281413612565445,0.5235602094240838,0.7133507853403142,0.806282722513089,0.8298429319371727,0.8390052356020943
tum_gbm_067,172602,0.9962825278810409,0.9962825278810409,0.9962825278810409,0.9962825278810409,0.9962825278810409,0.9962825278810409,0.9962825278810409,0.9492674393177345,0.9492674393177345,0.9492674393177345,0.9492674393177345,0.9492674393177345,0.9492674393177345,0.9962825278810409,0.9962825278810409,0.9962825278810409,0.9962825278810409,0.9962825278810409,0.9962825278810409,0.9962825278810409,0.9962825278810409,0.9962825278810409,0.9962825278810409,0.9962825278810409,0.9962825278810409,0.9381150229608572,0.9588891318609228,0.9722282965230702,0.9798819155915154,0.9864421605073256,0.9884102339820686,0.9702602230483272,0.9818499890662584,0.9877542094904876,0.9923463809315548,0.9940957795757708,0.9958451782199869
tum_gbm_068,188315,1.0,0.9886940749697702,0.9981257557436517,1.0,1.0,1.0,1.0,0.9746674727932285,0.9819830713422008,0.9832527206771463,0.9832527206771463,0.9832527206771463,0.9832527206771463,0.9857315598548972,0.9958282950423216,0.9989117291414752,0.9998186215235793,0.9999395405078597,1.0,0.9993954050785974,1.0,1.0,1.0,1.0,1.0,0.9907496977025393,0.9931680773881499,0.9944981862152358,0.9954050785973397,0.9957073760580412,0.9957678355501813,0.9933494558645707,0.9984280532043531,0.9998186215235793,1.0,1.0,1.0
tum_gbm_069,112974,0.8481973434535104,0.08918406072106262,0.23719165085388993,0.3927893738140417,0.5483870967741935,0.7115749525616698,0.8481973434535104,0.08538899430740038,0.2428842504743833,0.4117647058823529,0.5806451612903226,0.7400379506641366,0.8823529411764706,0.1157495256166983,0.25616698292220114,0.4117647058823529,0.6432637571157496,0.9013282732447818,1.0,0.5597722960151803,0.8273244781783681,0.9715370018975332,1.0,1.0,1.0,0.028462998102466792,0.14041745730550284,0.2523719165085389,0.3548387096774194,0.47438330170777987,0.6110056925996205,0.8102466793168881,0.9108159392789373,0.969639468690702,0.9962049335863378,1.0,1.0
tum_gbm_070,151604,1.0,0.9856043683296103,1.0,1.0,1.0,1.0,1.0,0.9837428642343014,0.994415487714073,0.994415487714073,0.994415487714073,0.994415487714073,0.994415487714073,0.9668652271034996,0.9822536609580541,0.9873417721518988,0.9896996773392901,0.9921816827997022,0.9936708860759493,0.9460163812360387,0.9761727475800447,0.9858525688756515,0.9923057830727228,0.9983866964507322,1.0,0.9738148423926533,0.9903201787043932,0.9941672871680318,0.9966492926284438,0.9978902953586498,0.9986348969967734,0.609704641350211,0.7206502854306279,0.8154628940183668,0.8951352692975925,0.9427897741375031,0.969843633655994
tum_gbm_071,15115,0.0002713152004341043,0.0,0.0,0.0,0.0,0.0,0.0002713152004341043,0.0,0.0,0.0,0.0,0.0002713152004341043,0.0006782880010852608,0.0,0.0,0.00013565760021705216,0.0010174320016278912,0.002306179203689887,0.004069728006511565,0.12819643220511429,0.15383571864613715,0.1815776978905243,0.2049786339279658,0.22960048836736077,0.2538153700061046,0.0,0.0,0.0,0.00047480160075968257,0.001763548802821678,0.004273214406837143,0.2424201315878722,0.271790002034864,0.29817540527708064,0.3234755477175609,0.34762260055619615,0.3700061045920098
tum_gbm_072,21312,0.9754601226993865,0.9079754601226994,0.950920245398773,0.9693251533742331,0.9693251533742331,0.9693251533742331,0.9754601226993865,0.9079754601226994,0.950920245398773,0.9693251533742331,0.9693251533742331,0.9693251533742331,0.9815950920245399,0.9447852760736196,0.9693251533742331,0.9693251533742331,0.9693251533742331,0.9693251533742331,0.9693251533742331,0.8588957055214724,0.950920245398773,0.9693251533742331,0.9754601226993865,0.9815950920245399,0.9877300613496932,0.9263803680981595,0.9631901840490797,0.9693251533742331,0.9693251533742331,0.9693251533742331,0.9754601226993865,0.8404907975460123,0.9386503067484663,0.9693251533742331,0.9754601226993865,0.9815950920245399,0.9877300613496932
tum_gbm_073,285350,0.4090909090909091,0.4090909090909091,0.4090909090909091,0.4090909090909091,0.4090909090909091,0.4090909090909091,0.4090909090909091,0.40842245989304815,0.40842245989304815,0.40842245989304815,0.40842245989304815,0.40842245989304815,0.40842245989304815,0.384024064171123,0.3997326203208556,0.40441176470588236,0.4074197860962567,0.40842245989304815,0.4090909090909091,0.3235294117647059,0.36564171122994654,0.3836898395721925,0.3963903743315508,0.40407754010695185,0.4090909090909091,0.39906417112299464,0.40641711229946526,0.4090909090909091,0.4090909090909091,0.4090909090909091,0.4090909090909091,0.30614973262032086,0.3582887700534759,0.3856951871657754,0.3977272727272727,0.4054144385026738,0.4090909090909091
tum_gbm_074,246866,0.8333978328173375,0.1851780185758514,0.34365325077399383,0.49322755417956654,0.6269349845201239,0.7449690402476781,0.8333978328173375,0.1898219814241486,0.36764705882352944,0.5278637770897833,0.6749226006191951,0.7886996904024768,0.8809984520123839,0.531733746130031,0.6308049535603715,0.690015479876161,0.7405185758513931,0.7836687306501547,0.8221749226006192,0.5595975232198143,0.6337074303405573,0.7039473684210527,0.7689628482972136,0.8275928792569659,0.8740325077399381,0.35797213622291024,0.5803018575851393,0.7819272445820433,0.9131191950464397,0.9889705882352942,1.0,0.604295665634675,0.7039473684210527,0.7894736842105263,0.8556501547987616,0.9020897832817337,0.9351780185758514
tum_gbm_075,163645,0.08005427408412483,0.07462686567164178,0.08005427408412483,0.08005427408412483,0.08005427408412483,0.08005427408412483,0.08005427408412483,0.07598371777476255,0.08005427408412483,0.08005427408412483,0.08005427408412483,0.08005427408412483,0.08005427408412483,0.07937584803256445,0.08005427408412483,0.08005427408412483,0.08005427408412483,0.08005427408412483,0.08005427408412483,0.08005427408412483,0.08005427408412483,0.08005427408412483,0.08005427408412483,0.08005427408412483,0.08005427408412483,0.07937584803256445,0.08005427408412483,0.08005427408412483,0.08005427408412483,0.08005427408412483,0.08005427408412483,0.07869742198100407,0.08005427408412483,0.08005427408412483,0.08005427408412483,0.08005427408412483,0.08005427408412483
tum_gbm_076,321222,0.9781572676727561,0.9402303415409055,0.9779586973788721,0.9781572676727561,0.9781572676727561,0.9781572676727561,0.9781572676727561,0.9294082605242255,0.9583995234312946,0.9584988085782367,0.9584988085782367,0.9584988085782367,0.9584988085782367,0.8990270055599683,0.9286139793486894,0.9500595710881652,0.9669380460683081,0.9758737092930898,0.9781572676727561,0.9648530579825259,0.9763701350277998,0.9781572676727561,0.9781572676727561,0.9781572676727561,0.9781572676727561,0.9342732327243845,0.9676330420969023,0.9732922954725973,0.9766679904686258,0.9779586973788721,0.9780579825258141,0.931890389197776,0.9681294678316124,0.9778594122319301,0.9781572676727561,0.9781572676727561,0.9781572676727561
tum_gbm_077,56613,0.9380321155296907,0.7215217157021231,0.7941588533247117,0.8436253906670977,0.8810216618170061,0.9127061105722599,0.9380321155296907,0.7270179976290548,0.7956676365987714,0.8457807953443259,0.8838236878974027,0.9124905701045372,0.9383554262312749,0.8084922944282789,0.8338182993857096,0.8549412652225455,0.873046664511262,0.8903976721629486,0.9064554370082983,0.7560081905377735,0.7999784459532278,0.8284297876926393,0.8489061321263067,0.8685203146890829,0.8851169307037396,0.852139239142149,0.8993426015734454,0.9240219851277077,0.9415885332471171,0.9557064338829615,0.9664834572691022,0.7621510938678737,0.797930811509861,0.8234723569350145,0.8439487013686819,0.8591443043431404,0.8715378812372023
tum_gbm_078,39152,1.0,1.0,1.0,1.0,1.0,1.0,1.0,1.0,1.0,1.0,1.0,1.0,1.0,1.0,1.0,1.0,1.0,1.0,1.0,1.0,1.0,1.0,1.0,1.0,1.0,1.0,1.0,1.0,1.0,1.0,1.0,1.0,1.0,1.0,1.0,1.0,1.0
tum_gbm_079,251820,0.874621763980724,0.63322313123389,0.700717247562479,0.7563599686204191,0.8059228958870335,0.8453154768575591,0.874621763980724,0.6351563375546341,0.7003250028017483,0.7520452762523815,0.7942956404796593,0.8266838507228511,0.8527120923456236,0.4626526952818559,0.5525327804550039,0.6064384175725653,0.6346800403451754,0.6538720161380701,0.6672643729687325,0.495993499943965,0.5303429339908102,0.6226325226941611,0.7038271881654152,0.7456012551832344,0.776896783592962,0.3935615824274347,0.4411913033733049,0.4882886921438978,0.5328084724868318,0.5695954275467892,0.6023758825507116,0.3092289588703351,0.4074862714333744,0.5010086293847361,0.5779166199708619,0.6352964249691808,0.6751092681833464
tum_gbm_080,147967,1.0,1.0,1.0,1.0,1.0,1.0,1.0,1.0,1.0,1.0,1.0,1.0,1.0,1.0,1.0,1.0,1.0,1.0,1.0,1.0,1.0,1.0,1.0,1.0,1.0,1.0,1.0,1.0,1.0,1.0,1.0,1.0,1.0,1.0,1.0,1.0,1.0
tum_gbm_081,125140,1.0,0.9990588235294118,1.0,1.0,1.0,1.0,1.0,0.9997647058823529,1.0,1.0,1.0,1.0,1.0,0.9514117647058824,0.9809411764705882,0.9927058823529412,0.9988235294117647,1.0,1.0,0.9969411764705882,1.0,1.0,1.0,1.0,1.0,0.9143529411764706,0.954,0.9762352941176471,0.9891764705882353,0.9962352941176471,0.9996470588235294,0.9997647058823529,1.0,1.0,1.0,1.0,1.0
tum_gbm_082,184892,1.0,0.8504362875892406,0.9236316434701088,0.9795197230835797,0.9991346361866301,1.0,1.0,0.8571428571428571,0.9327179635104925,0.9873801110550228,0.9994952044422009,0.9997836590466576,0.9997836590466576,0.9803850868969496,0.993509771399726,0.9973317949087762,0.9984134996754885,0.9989904088844018,0.9992067498377443,0.8895218864931131,0.934809259392803,0.9517559674046296,0.9574529458426481,0.9653854474652052,0.9765630633878993,0.9764909497367852,0.9999278863488859,1.0,1.0,1.0,1.0,0.8875027042619168,0.9129588231052138,0.935241941299488,0.9577414004471047,0.9743996538544747,0.9848561332660273
tum_gbm_083,35013,1.0,1.0,1.0,1.0,1.0,1.0,1.0,1.0,1.0,1.0,1.0,1.0,1.0,1.0,1.0,1.0,1.0,1.0,1.0,1.0,1.0,1.0,1.0,1.0,1.0,1.0,1.0,1.0,1.0,1.0,1.0,0.5516499282639885,0.7015781922525107,0.8220946915351507,0.9024390243902439,0.9576757532281205,0.9870875179340028
tum_gbm_084,274745,1.0,0.6523799267714839,0.8230669825543829,0.9631703639888003,0.9996769330174456,1.0,1.0,0.6645487831143657,0.8438509584320483,0.9750161533491277,0.9995692440232609,0.9996769330174456,0.9996769330174456,0.8022830066767176,0.8401895326297653,0.8616196424725393,0.8814344174025415,0.8999569244023261,0.9192332543614042,0.6066121042429464,0.652918371742408,0.6815636441955633,0.7358388972646995,0.7887141934094336,0.8456816713331897,0.7461770407064398,0.8107904372173164,0.8740038768037907,0.9420633211285807,0.9795390911048891,0.9906310575059228,0.6307344389403403,0.676394572474693,0.7330389834158949,0.7951755330605212,0.8609735085074306,0.9150333835881973
tum_gbm_085,219513,1.0,0.9969430645777608,1.0,1.0,1.0,1.0,1.0,0.984333205961024,0.9877722583110432,0.9877722583110432,0.9877722583110432,0.9877722583110432,0.9877722583110432,0.9977072984333206,1.0,1.0,1.0,1.0,1.0,0.9862437905999236,0.9950324799388612,0.9973251815055407,0.9996178830722201,1.0,1.0,0.980894153611005,0.9866259075277035,0.9904470768055025,0.9935040122277417,0.996178830722201,0.9977072984333206,0.7688192586931601,0.8842185708826901,0.9472678639663737,0.9747802827665265,0.9801299197554452,0.9835689721054642
tum_gbm_086,260965,1.0,1.0,1.0,1.0,1.0,1.0,1.0,1.0,1.0,1.0,1.0,1.0,1.0,0.8183306055646481,0.9459901800327333,0.9869067103109657,1.0,1.0,1.0,0.8330605564648118,0.911620294599018,0.9639934533551555,0.9918166939443536,0.9983633387888707,1.0,1.0,1.0,1.0,1.0,1.0,1.0,0.7184942716857611,0.8346972176759411,0.9165302782324058,0.9705400981996727,0.9901800327332242,1.0
tum_gbm_087,37359,0.0,0.0,0.0,0.0,0.0,0.0,0.0,0.0,0.0,0.0,0.0,0.0,0.0,0.0,0.0,0.0,0.0,0.0035335689045936395,0.0088339222614841,0.007067137809187279,0.007067137809187279,0.012367491166077738,0.012367491166077738,0.0176678445229682,0.0353356890459364,0.0,0.0,0.0,0.0,0.0,0.0,0.00530035335689046,0.007067137809187279,0.012367491166077738,0.014134275618374558,0.019434628975265017,0.03356890459363958
tum_gbm_088,125701,0.9720762794317961,0.8836349484335474,0.9399688655380424,0.9641953687487839,0.9715898034637089,0.9720762794317961,0.9720762794317961,0.8724460011675423,0.9125316209379256,0.9280988519167153,0.9287799182720373,0.9287799182720373,0.9295582798209768,0.8376143218525005,0.9106830122591943,0.9478497762210547,0.9654602062658104,0.9711033274956217,0.9732438217552053,0.956411753259389,0.9709087371083869,0.9720762794317961,0.9720762794317961,0.9720762794317961,0.9720762794317961,0.8303171823311929,0.8940455341506129,0.9219692547188169,0.9337419731465265,0.9417201790231563,0.9483362521891419,0.9451255107997665,0.957287410001946,0.9660439774275151,0.9710060323020043,0.9720762794317961,0.9720762794317961
tum_gbm_089,100481,0.8613566814008841,0.49328459707582456,0.6229173750425026,0.7190581434886093,0.7850221013260795,0.8291397483849031,0.8613566814008841,0.5180210812648759,0.6558993539612377,0.7434546072764366,0.7971778306698402,0.8351751105066304,0.8645018701122067,0.6752805168310099,0.7768616116967018,0.8316899013940836,0.8669670180210812,0.893573614416865,0.9124447466848011,0.6258925535532132,0.676045562733764,0.6951717103026182,0.7022271336280177,0.726963617817069,0.7447296837810269,0.39433866031961917,0.6285277116626997,0.8274396463787828,0.8857531451887113,0.9217953077184631,0.9441516490989459,0.5212512750765046,0.5818599115946956,0.6347330839850391,0.689561373682421,0.7324039442366542,0.7668310098605916
tum_gbm_090,358332,1.0,0.9064247179990191,0.9682197155468367,0.9941147621383031,0.9998038254046101,1.0,1.0,0.9082883766552231,0.9636096125551741,0.9830308974987739,0.984698381559588,0.984698381559588,0.984698381559588,0.9113290828837666,0.9644923982344287,0.9853849926434527,0.9950956351152526,0.9983325159391859,0.9990191270230505,0.8546346248160863,0.9070132417851888,0.9444825895046591,0.9636096125551741,0.9779303580186366,0.9932319764590486,0.8923001471309465,0.9554683668464934,0.9744973025993134,0.9854830799411476,0.9942128494359981,0.9967631191760667,0.7521333987248652,0.8179499754781756,0.8728788621873468,0.9209416380578715,0.963805787150564,0.9858754291319274
tum_gbm_091,129664,0.8714750542299349,0.4794528802120993,0.5868281513617739,0.6802844058809352,0.7583152566883586,0.8197758496023138,0.8714750542299349,0.4985538684020246,0.6042419860207279,0.6975174740901422,0.7718727404193781,0.8297180043383948,0.8773198361050856,0.8585803808146542,0.9202217401783562,0.9436008676789588,0.9535430224150397,0.9612557242709087,0.9681851048445409,0.7165582067968185,0.8014581826946252,0.8561099060014461,0.8889491443721379,0.9044950590503735,0.9278139310677271,0.7892865750783321,0.8909978308026031,0.9313690045794167,0.9476379850566402,0.9589660159074476,0.967944082911545,0.764883104362497,0.8404434803567125,0.8906362979031092,0.91588334538443,0.9338997348758737,0.9467944082911545
tum_gbm_092,124300,0.9990033222591362,0.992358803986711,0.9990033222591362,0.9990033222591362,0.9990033222591362,0.9990033222591362,0.9990033222591362,0.988704318936877,0.9903654485049834,0.9903654485049834,0.9903654485049834,0.9903654485049834,0.9903654485049834,0.9990033222591362,0.9990033222591362,0.9990033222591362,0.9990033222591362,0.9990033222591362,0.9996677740863787,0.9980066445182725,0.9990033222591362,0.9990033222591362,0.9990033222591362,0.9990033222591362,0.9990033222591362,0.993687707641196,0.9980066445182725,0.9990033222591362,0.9996677740863787,1.0,1.0,0.9976744186046511,0.9990033222591362,0.9990033222591362,0.9990033222591362,0.9990033222591362,0.9990033222591362
tum_gbm_093,334125,0.9804375060229353,0.6129902669364942,0.73325623976101,0.8306832417847162,0.8959236773633998,0.9442035270309338,0.9804375060229353,0.627059843885516,0.7514695962224149,0.8482220294882914,0.9149079695480389,0.9623205165269346,0.9860267900163824,0.3945263563650381,0.4605377276669558,0.5169124024284475,0.5732870771899393,0.6320709260865376,0.7074298930326685,0.2851498506312036,0.3336224342295461,0.38932254023320806,0.44608268285631686,0.5344511901320227,0.6233015322347499,0.41408885034210274,0.5294401079310013,0.6514406861327937,0.7785487135010118,0.8947672737785487,0.9527801869519129,0.28023513539558637,0.32629854485882237,0.39336995278018694,0.49908451382865954,0.6488387780668786,0.7925219234846295
tum_gbm_094,112814,0.9721166032953105,0.9721166032953105,0.9721166032953105,0.9721166032953105,0.9721166032953105,0.9721166032953105,0.9721166032953105,0.9721166032953105,0.9721166032953105,0.9721166032953105,0.9721166032953105,0.9721166032953105,0.9721166032953105,0.9721166032953105,0.9721166032953105,0.9721166032953105,0.9727503168567807,0.9803548795944234,0.9870088719898605,0.9721166032953105,0.9721166032953105,0.9721166032953105,0.9768694550063372,0.9873257287705957,0.9955640050697085,0.9721166032953105,0.9721166032953105,0.9721166032953105,0.9721166032953105,0.9721166032953105,0.9740177439797212,0.9781368821292775,0.9832065906210393,0.9889100126742713,0.9936628643852978,0.9984157160963245,1.0
tum_gbm_095,229335,0.9973753280839895,0.7694038245219348,0.8586426696662918,0.9175103112110986,0.9583802024746907,0.9846269216347957,0.9973753280839895,0.7937757780277466,0.8841394825646794,0.9373828271466067,0.9711286089238845,0.994750656167979,0.9996250468691413,0.5815523059617548,0.6542932133483315,0.7172853393325834,0.7679040119985002,0.8068991376077991,0.833145856767904,0.6426696662917135,0.6865391826021747,0.7206599175103112,0.7446569178852643,0.7652793400824897,0.7772778402699663,0.6494188226471691,0.7592800899887514,0.8488938882639671,0.9216347956505437,0.9587551556055494,0.9801274840644919,0.41019872515935507,0.5808023997000374,0.6756655418072741,0.7386576677915261,0.791151106111736,0.83427071616048
tum_gbm_097,19767,0.9994897959183674,0.8683673469387755,0.9168367346938775,0.9545918367346938,0.9790816326530613,0.9938775510204082,0.9994897959183674,0.8688775510204082,0.9173469387755102,0.9545918367346938,0.9785714285714285,0.9928571428571429,0.9989795918367347,0.8637755102040816,0.9454081632653061,0.9918367346938776,0.9994897959183674,0.9994897959183674,0.9994897959183674,0.9622448979591837,0.9709183673469388,0.9811224489795919,0.9872448979591837,0.9913265306122448,0.9954081632653061,0.9005102040816326,0.9545918367346938,0.9857142857142858,0.9989795918367347,0.9994897959183674,1.0,0.9586734693877551,0.9734693877551021,0.9831632653061224,0.9897959183673469,0.9959183673469387,0.9984693877551021
tum_gbm_098,147957,0.9830924043520458,0.8374623282423251,0.8948255606068346,0.9316544925167288,0.9554579353322776,0.9732849772692446,0.9830924043520458,0.8375134085917147,0.8950809623537825,0.9323185370587935,0.9569392654645758,0.9737957807631404,0.9837053685447208,0.8229555090156817,0.8821576339582162,0.9241456811564591,0.949941257598202,0.9681769423302855,0.981815395617306,0.8599887623231343,0.9033048986055064,0.9287429126015222,0.9484088471165143,0.9609235327169637,0.9701690759564795,0.7945548347550697,0.8536037186494355,0.898758747509833,0.929151555396639,0.9527506768146294,0.9698115135107525,0.7862798181539562,0.8350104714716249,0.8684681003218062,0.893906114317822,0.9132655667364765,0.9297645195893139
tum_gbm_099,107188,0.9982911825017088,0.9794941900205059,0.9965823650034177,0.9982911825017088,0.9982911825017088,0.9982911825017088,0.9982911825017088,0.9866712235133288,0.995557074504443,0.995557074504443,0.995557074504443,0.995557074504443,0.995557074504443,0.9589883800410116,0.9743677375256322,0.9853041695146958,0.991455912508544,0.9945317840054683,0.9972658920027341,0.9572795625427204,0.9808612440191388,0.992822966507177,0.9982911825017088,0.9982911825017088,0.9982911825017088,0.9576213260423787,0.9788106630211894,0.9897470950102529,0.9952153110047847,0.9976076555023924,0.9976076555023924,0.9196855775803144,0.9367737525632263,0.9518113465481887,0.9583048530416951,0.9634313055365687,0.969583048530417
tum_gbm_100,64433,1.0,1.0,1.0,1.0,1.0,1.0,1.0,1.0,1.0,1.0,1.0,1.0,1.0,1.0,1.0,1.0,1.0,1.0,1.0,1.0,1.0,1.0,1.0,1.0,1.0,1.0,1.0,1.0,1.0,1.0,1.0,1.0,1.0,1.0,1.0,1.0,1.0
tum_gbm_101,117201,0.981103448275862,0.720551724137931,0.7881379310344827,0.86,0.9190344827586207,0.9591724137931035,0.981103448275862,0.7357241379310345,0.8088275862068965,0.8801379310344828,0.9300689655172414,0.9617931034482758,0.979448275862069,0.7332413793103448,0.7958620689655173,0.8586206896551725,0.9092413793103449,0.9460689655172414,0.968551724137931,0.7731034482758621,0.8664827586206897,0.9446896551724138,0.9580689655172414,0.9696551724137931,0.9804137931034482,0.659448275862069,0.7284137931034482,0.8045517241379311,0.8831724137931034,0.9354482758620689,0.964551724137931,0.7489655172413793,0.8652413793103448,0.9249655172413793,0.9569655172413793,0.9744827586206897,0.9853793103448276
tum_gbm_102,142066,1.0,1.0,1.0,1.0,1.0,1.0,1.0,1.0,1.0,1.0,1.0,1.0,1.0,1.0,1.0,1.0,1.0,1.0,1.0,1.0,1.0,1.0,1.0,1.0,1.0,1.0,1.0,1.0,1.0,1.0,1.0,1.0,1.0,1.0,1.0,1.0,1.0
tum_gbm_103,24020,1.0,1.0,1.0,1.0,1.0,1.0,1.0,1.0,1.0,1.0,1.0,1.0,1.0,1.0,1.0,1.0,1.0,1.0,1.0,1.0,1.0,1.0,1.0,1.0,1.0,1.0,1.0,1.0,1.0,1.0,1.0,1.0,1.0,1.0,1.0,1.0,1.0
tum_gbm_104,225697,1.0,1.0,1.0,1.0,1.0,1.0,1.0,0.9989586045300703,0.9989586045300703,0.9989586045300703,0.9989586045300703,0.9989586045300703,0.9989586045300703,0.9955740692527988,0.9992189533975527,1.0,1.0,1.0,1.0,1.0,1.0,1.0,1.0,1.0,1.0,1.0,1.0,1.0,1.0,1.0,1.0,1.0,1.0,1.0,1.0,1.0,1.0
tum_gbm_105,208835,0.8361486486486487,0.5777027027027027,0.7618243243243243,0.8260135135135135,0.8361486486486487,0.8361486486486487,0.8361486486486487,0.6452702702702703,0.8074324324324325,0.8361486486486487,0.8361486486486487,0.8361486486486487,0.8378378378378378,0.8361486486486487,0.8462837837837838,0.856418918918919,0.8716216216216216,0.8952702702702703,0.9290540540540541,0.7618243243243243,0.8361486486486487,0.847972972972973,0.8716216216216216,0.893581081081081,0.9239864864864865,0.8361486486486487,0.8361486486486487,0.839527027027027,0.8496621621621622,0.856418918918919,0.8766891891891891,0.8361486486486487,0.8361486486486487,0.839527027027027,0.8496621621621622,0.8631756756756757,0.8817567567567568
tum_gbm_106,70202,1.0,1.0,1.0,1.0,1.0,1.0,1.0,1.0,1.0,1.0,1.0,1.0,1.0,0.9987980769230769,1.0,1.0,1.0,1.0,1.0,0.9849759615384616,0.9951923076923077,0.9963942307692307,0.9987980769230769,0.9993990384615384,1.0,0.9993990384615384,0.9993990384615384,1.0,1.0,1.0,1.0,0.9453125,0.9729567307692307,0.9885817307692307,0.9951923076923077,1.0,1.0
tum_gbm_107,82333,0.8301652892561984,0.5590909090909091,0.6289256198347107,0.687603305785124,0.7359504132231405,0.7871900826446281,0.8301652892561984,0.5851239669421487,0.6466942148760331,0.7033057851239669,0.7586776859504132,0.8152892561983471,0.8545454545454545,0.6557851239669421,0.7677685950413223,0.8252066115702479,0.8661157024793389,0.9020661157024793,0.9305785123966942,0.665702479338843,0.7256198347107438,0.7768595041322314,0.8206611570247934,0.8524793388429752,0.8801652892561983,0.6847107438016529,0.7797520661157025,0.8681818181818182,0.9388429752066115,0.9768595041322314,0.990909090909091,0.6867768595041323,0.7442148760330578,0.7921487603305785,0.8380165289256198,0.8739669421487604,0.9041322314049587
tum_gbm_108,126368,0.9997598174612705,0.9990392698450823,0.9997598174612705,0.9997598174612705,0.9997598174612705,0.9997598174612705,0.9997598174612705,0.9992794523838117,0.9996397261919059,0.9996397261919059,0.9996397261919059,0.9996397261919059,0.9996397261919059,0.9535246787558544,0.9791041191305392,0.9926744325687522,0.9986789960369881,0.9997598174612705,0.9997598174612705,0.9973579920739762,0.9997598174612705,0.9997598174612705,0.9997598174612705,0.9997598174612705,0.9997598174612705,0.9137744685961331,0.9501621232136424,0.97454065089468,0.9893118770265402,0.9957968055722349,0.9992794523838117,0.9984388134982587,0.999159361114447,0.9996397261919059,0.9997598174612705,0.9997598174612705,0.9997598174612705
tum_gbm_109,196822,0.9970074812967581,0.9339152119700748,0.9528678304239402,0.9708229426433915,0.9815461346633416,0.9900249376558603,0.9970074812967581,0.940149625935162,0.9596009975062344,0.9768079800498753,0.985785536159601,0.9942643391521196,0.9987531172069826,0.914713216957606,0.9478802992518703,0.9905236907730673,1.0,1.0,1.0,0.9523690773067331,0.985785536159601,0.9925187032418953,0.9965087281795512,1.0,1.0,0.8860349127182044,0.9167082294264339,0.9256857855361597,0.9256857855361597,0.9269326683291771,0.9351620947630923,0.982793017456359,0.9967581047381546,1.0,1.0,1.0,1.0
tum_gbm_110,114065,1.0,0.6754617414248021,0.8812664907651715,0.9947229551451188,1.0,1.0,1.0,0.683377308707124,0.8865435356200527,1.0,1.0,1.0,1.0,0.9023746701846965,1.0,1.0,1.0,1.0,1.0,0.58311345646438,0.683377308707124,0.8337730870712401,0.9366754617414248,0.9920844327176781,1.0,0.8311345646437994,1.0,1.0,1.0,1.0,1.0,0.9841688654353562,1.0,1.0,1.0,1.0,1.0
tum_gbm_111,144606,1.0,0.7488584474885844,0.8584474885844748,0.9315068493150684,0.9817351598173516,1.0,1.0,0.6940639269406392,0.7397260273972602,0.7853881278538812,0.8401826484018264,0.8493150684931506,0.8493150684931506,0.9954337899543378,1.0,1.0,1.0,1.0,1.0,1.0,1.0,1.0,1.0,1.0,1.0,1.0,1.0,1.0,1.0,1.0,1.0,0.8264840182648402,0.9223744292237442,0.9634703196347032,0.9863013698630136,0.9954337899543378,1.0
tum_gbm_112,89681,0.5504233608336951,0.2172709509335649,0.2863656100738168,0.35426617455492837,0.4228723404255319,0.48816760746851934,0.5504233608336951,0.221993052540165,0.29027355623100304,0.35931393834129394,0.42612896222318714,0.4920212765957447,0.5539513677811551,0.3705492835432045,0.45066217976552325,0.5225792444637429,0.5878745115067303,0.6439426834563613,0.6935518888406427,0.3276161528441164,0.4088145896656535,0.47655232305688233,0.5269756838905775,0.6069257490230134,0.6826964828484585,0.3252822405557968,0.4135909683022145,0.4851823708206687,0.5557425097698654,0.6265197568389058,0.6996309161962657,0.41825879287885365,0.47345853234910984,0.5243703864524534,0.5730026052974381,0.6163156752062527,0.6579461571862788
tum_gbm_113,142741,0.5559592529711376,0.5283870967741936,0.5356196943972835,0.5420033955857385,0.5475042444821732,0.5517826825127334,0.5559592529711376,0.5264855687606113,0.533786078098472,0.5397283531409168,0.5449235993208829,0.5493718166383701,0.5536502546689304,0.511578947368421,0.5410186757215619,0.5535823429541596,0.5627504244482173,0.5720882852292021,0.5823089983022072,0.493955857385399,0.5122241086587437,0.5305263157894737,0.5502546689303905,0.5684550084889644,0.5856706281833616,0.493616298811545,0.5052292020373514,0.5104923599320883,0.5116468590831919,0.5119185059422751,0.5119864176570459,0.49500848896434635,0.5170797962648557,0.5356196943972835,0.5503225806451613,0.5630899830220714,0.5733446519524618
tum_gbm_114,221814,1.0,0.9653658536585366,1.0,1.0,1.0,1.0,1.0,0.9780487804878049,0.9921951219512195,0.9921951219512195,0.9921951219512195,0.9921951219512195,0.9921951219512195,0.8356097560975609,0.9960975609756098,1.0,1.0,1.0,1.0,0.86,0.9478048780487804,0.9892682926829268,1.0,1.0,1.0,0.9580487804878048,1.0,1.0,1.0,1.0,1.0,0.4458536585365854,0.6278048780487805,0.8009756097560976,0.92,0.9795121951219512,0.9995121951219512
tum_gbm_115,94859,0.0,0.0,0.0,0.0,0.0,0.0,0.0,0.0,0.0,0.0,0.0,0.0,0.0,0.0,0.0,0.0,0.0,0.0,0.04285714285714286,0.5928571428571429,0.6571428571428571,0.7642857142857142,0.9071428571428571,0.9857142857142858,0.9928571428571429,0.0,0.0,0.0,0.0,0.0,0.0,0.05714285714285714,0.17142857142857143,0.2714285714285714,0.44285714285714284,0.5928571428571429,0.7571428571428571
tum_gbm_116,200552,0.9900034470872113,0.9813857290589452,0.9886246122026887,0.9886246122026887,0.9886246122026887,0.9886246122026887,0.9900034470872113,0.709065839365736,0.713891761461565,0.7166494312306101,0.7166494312306101,0.7169941399517408,0.718717683557394,0.5642881764908653,0.5977249224405378,0.6701137538779731,0.8407445708376422,0.9831092726645985,0.9989658738366081,0.9627714581178903,0.9965529127886935,1.0,1.0,1.0,1.0,0.4391589107204412,0.49396759738021373,0.5405032747328508,0.5753188555670459,0.6249569114098587,0.6856256463288521,0.8362633574629438,0.9638055842812823,0.9934505342985177,0.9975870389520854,0.9993105825577387,1.0
tum_gbm_118,189721,1.0,1.0,1.0,1.0,1.0,1.0,1.0,0.9965444121573863,0.9965444121573863,0.9965444121573863,0.9965444121573863,0.9965444121573863,0.9965444121573863,0.9992146391266787,1.0,1.0,1.0,1.0,1.0,1.0,1.0,1.0,1.0,1.0,1.0,1.0,1.0,1.0,1.0,1.0,1.0,1.0,1.0,1.0,1.0,1.0,1.0
tum_gbm_119,186491,1.0,1.0,1.0,1.0,1.0,1.0,1.0,1.0,1.0,1.0,1.0,1.0,1.0,1.0,1.0,1.0,1.0,1.0,1.0,1.0,1.0,1.0,1.0,1.0,1.0,1.0,1.0,1.0,1.0,1.0,1.0,0.952191235059761,0.9800796812749004,0.9920318725099602,0.9960159362549801,1.0,1.0
tum_gbm_120,12466,0.3408521303258145,0.22878625134264233,0.2559971356963838,0.278016469745793,0.2987826709631221,0.3191908342284282,0.3408521303258145,0.23129251700680273,0.25581811672037236,0.2789115646258503,0.29931972789115646,0.3233082706766917,0.3469387755102041,0.282312925170068,0.32116004296455425,0.3609022556390977,0.4054779806659506,0.4582885785893305,0.5068027210884354,0.29681346222699606,0.32527747941281776,0.35409953455066234,0.3807733619763695,0.4137128535624776,0.44343000358037954,0.23165055495882564,0.2627998567848192,0.2912638739706409,0.31936985320443967,0.3460436806301468,0.372359470103831,0.3150733977801647,0.35499462943071963,0.40726817042606517,0.48263515932688866,0.5576441102756893,0.6344432509846044
tum_gbm_121,238156,0.6147288227825141,0.08053691275167785,0.13205151460185016,0.20587701795755486,0.3381099220025395,0.4810448031924542,0.6147288227825141,0.08307636495555959,0.14112098675857065,0.23054598222383457,0.3863595138762924,0.5497914021403955,0.693089062216579,0.2706330491565391,0.41574460366406674,0.5082532196626156,0.5621258842735353,0.6085615817159441,0.6526392163976057,0.2292762561218937,0.4128423725739162,0.5178668601487394,0.5915109740613096,0.6577181208053692,0.7250136042082351,0.1249773263196082,0.31344095773625974,0.5624886631598041,0.7520406312352621,0.9181933611463813,0.9878469073099946,0.4059495737348086,0.4768728460003628,0.5370941411209867,0.5933248684926538,0.6464719753310357,0.6985307455106112
tum_gbm_122,74440,0.9997553816046967,0.8776908023483366,0.952054794520548,0.9794520547945206,0.9899706457925636,0.9955968688845401,0.9997553816046967,0.886252446183953,0.9549902152641878,0.9828767123287672,0.9933953033268101,0.9987769080234834,0.9997553816046967,0.8652152641878669,0.9136497064579256,0.9432485322896281,0.961839530332681,0.9726027397260274,0.9792074363992173,0.87573385518591,0.9305283757338552,0.9562133072407045,0.9674657534246576,0.9777397260273972,0.9840998043052838,0.8571428571428571,0.9175636007827789,0.9596379647749511,0.9809197651663405,0.9889921722113503,0.9938845401174168,0.8402641878669276,0.9271037181996086,0.9657534246575342,0.9818982387475538,0.9902152641878669,0.9938845401174168
tum_gbm_123,216353,0.9816234124792932,0.8821203754831585,0.9196907785753727,0.9460850358917725,0.9632468249585864,0.9741579237990061,0.9816234124792932,0.8864053009387078,0.9212589729431253,0.9433462175593594,0.9567752622860298,0.9653892876863611,0.9704030922142463,0.8294864715626725,0.8969630038652678,0.9440088348978465,0.9793705135284373,0.9932192159028161,0.998210933186085,0.9245941468801767,0.9724351187189398,0.9955383765875208,0.9994699061292104,0.999911651021535,1.0,0.8045499723909443,0.8757813362782992,0.9288128106018774,0.9613694091662065,0.9793705135284373,0.9875869685256764,0.893495306460519,0.9427277747101049,0.9742904472667034,0.9875648812810602,0.9945665378244064,0.9980342352291551
tum_gbm_124,231641,0.8805727302310445,0.7730928362233276,0.7982892473618148,0.8218120961368602,0.8450560178513319,0.8638371065966249,0.8805727302310445,0.7765794244804983,0.8016363720886988,0.8261354655757519,0.8495188508205105,0.8683929152526614,0.8870345404676677,0.7617033145832365,0.8203244851471341,0.8618846171726093,0.895774255032309,0.9183208590953466,0.9319882850634559,0.7942912928269258,0.8259030263586072,0.8546790014411232,0.8804332667007577,0.8996327460369113,0.9151596857421784,0.7346473897075915,0.8140486262842267,0.8662079866115011,0.8993538189763377,0.9227836920645252,0.9372878992143554,0.8214866812328576,0.8493328994467947,0.8735995537167031,0.8965645483706011,0.9165078332016178,0.9324066756543163
tum_gbm_125,235353,1.0,0.9997870528109029,1.0,1.0,1.0,1.0,1.0,0.9987223168654173,0.9987223168654173,0.9987223168654173,0.9987223168654173,0.9987223168654173,0.9987223168654173,1.0,1.0,1.0,1.0,1.0,1.0,0.9246166950596252,0.9661413969335605,0.9872231686541738,0.99190800681431,0.9976575809199318,1.0,1.0,1.0,1.0,1.0,1.0,1.0,0.8581771720613288,0.8882027257240205,0.9229131175468483,0.9552810902896082,0.9812606473594548,0.9944633730834753
tum_gbm_126,119216,0.9877478488589599,0.927515899738122,0.9492143658810326,0.9636176580621025,0.9747474747474747,0.9820426487093153,0.9877478488589599,0.9277964833520389,0.9489337822671156,0.9640852974186308,0.9747474747474747,0.9825102880658436,0.9885895997007108,0.9233071455293678,0.9487467265245043,0.9665170220725776,0.9770856715301159,0.9841937897493453,0.9884025439580996,0.9342499064721287,0.9539842873176206,0.9660493827160493,0.9745604190048635,0.9804526748971193,0.9849420127197905,0.9356528245417134,0.9493078937523381,0.9593153759820426,0.9682940516273849,0.9764309764309764,0.9844743733632623,0.7764683875794987,0.820613542835765,0.8647586980920314,0.913112607557052,0.9580059857837636,0.9764309764309764
tum_gbm_127,35343,1.0,0.8916256157635468,0.9819376026272578,0.9983579638752053,1.0,1.0,1.0,0.90311986863711,0.9852216748768473,1.0,1.0,1.0,1.0,0.9885057471264368,1.0,1.0,1.0,1.0,1.0,0.9819376026272578,0.9983579638752053,1.0,1.0,1.0,1.0,1.0,1.0,1.0,1.0,1.0,1.0,0.9014778325123153,0.9359605911330049,0.9622331691297209,0.9753694581280788,0.9852216748768473,0.9917898193760263
tum_gbm_128,251480,0.9621035480518021,0.9022951372306655,0.9306402224906594,0.9424108773211226,0.9481978818439756,0.9549119307806838,0.9621035480518021,0.9105823524454308,0.9341236621063572,0.9438435823243532,0.9503328932213388,0.9579458943169368,0.9662050172767368,0.9042335028232716,0.9265106610107593,0.9402196814338287,0.9450796415428266,0.9496867713571369,0.9556985139197124,0.9037559344888614,0.9207798409978369,0.9305278534707981,0.9357811051493103,0.939882574374245,0.9454167486024103,0.8933618001516982,0.928140011798747,0.9463157007613001,0.9562884512739838,0.9657274489423266,0.973480911312751,0.867460741073686,0.8940921987807962,0.9181953535410288,0.9332808944573981,0.9413995561423716,0.9478326825294267
tum_gbm_129,244023,0.3362109558938942,0.05572123685449694,0.09464762203735677,0.14032334013498665,0.19808507298697223,0.2629100612148799,0.3362109558938942,0.0651389106890598,0.10955893894208131,0.16559409825773033,0.22743682310469315,0.2990111442473709,0.38502589860304504,0.029037827656568826,0.03500235441845864,0.060116151310626274,0.12086014754355674,0.2437607910846021,0.39883848689373724,0.06655156176424423,0.10908805525035316,0.20765970805211112,0.25443415476377335,0.31831737560822476,0.37984617799403547,0.020247998744310155,0.02464291320043949,0.027625176581384397,0.03311881965154607,0.04677444671166222,0.08193376236069691,0.167791555485795,0.2605556427562392,0.35112227279861874,0.4379218333071731,0.5192277507455658,0.5931564903468843
tum_gbm_130,176624,1.0,0.9034334763948498,0.9849785407725322,1.0,1.0,1.0,1.0,0.9377682403433476,0.9935622317596566,1.0,1.0,1.0,1.0,0.851931330472103,0.9721030042918455,0.9978540772532188,1.0,1.0,1.0,0.9957081545064378,1.0,1.0,1.0,1.0,1.0,0.9763948497854077,1.0,1.0,1.0,1.0,1.0,1.0,1.0,1.0,1.0,1.0,1.0
tum_gbm_131,176667,0.9288954912273658,0.6810133697354157,0.7774922712490464,0.8599590476572851,0.8993054161480708,0.9178945677921869,0.9288954912273658,0.6890030915003814,0.7876902075721685,0.8644156261292006,0.9005901955273617,0.9166499377684988,0.927811458626089,0.8575500863211145,0.9096639498936042,0.9369253623479343,0.9545107801019793,0.9666358854940378,0.9724976914120529,0.6945035532179709,0.7703456859517405,0.8266752318625286,0.8512867868470712,0.8684707110450878,0.884972096197856,0.7655277632793994,0.8620066647930301,0.9009515397277874,0.9246798088890673,0.939294174328502,0.9501746496968724,0.6428313325571124,0.6899666760348496,0.7296743887260609,0.7657686594130164,0.8024250210784117,0.8343036094270687
tum_gbm_132,56344,0.18674698795180722,0.0,0.0,0.0,0.006024096385542169,0.06626506024096386,0.18674698795180722,0.0,0.0,0.0,0.006024096385542169,0.0783132530120482,0.23493975903614459,0.0,0.0,0.012048192771084338,0.1144578313253012,0.21686746987951808,0.2891566265060241,0.0,0.0,0.0,0.0,0.0,0.0,0.0,0.0,0.0,0.0,0.0,0.04819277108433735,0.006024096385542169,0.04216867469879518,0.10843373493975904,0.1927710843373494,0.2710843373493976,0.3433734939759036
tum_gbm_133,113724,0.0,0.0,0.0,0.0,0.0,0.0,0.0,0.0,0.0,0.0,0.0,0.0,0.13333333333333333,0.0,0.0,0.0,0.0,0.1,0.2,0.0,0.0,0.0,0.0,0.0,0.0,0.0,0.0,0.0,0.06666666666666667,0.26666666666666666,0.6,0.0,0.0,0.0,0.0,0.03333333333333333,0.13333333333333333
tum_gbm_134,46352,0.21518987341772153,0.0,0.0,0.0,0.0,0.0759493670886076,0.21518987341772153,0.0,0.0,0.0,0.05063291139240506,0.25316455696202533,0.43037974683544306,0.0,0.12658227848101267,0.25316455696202533,0.4177215189873418,0.4810126582278481,0.569620253164557,0.0,0.0379746835443038,0.0759493670886076,0.10126582278481013,0.11392405063291139,0.189873417721519,0.0,0.12658227848101267,0.2911392405063291,0.4430379746835443,0.5569620253164557,0.6455696202531646,0.0,0.0,0.0379746835443038,0.08860759493670886,0.16455696202531644,0.26582278481012656
tum_gbm_135,164285,1.0,1.0,1.0,1.0,1.0,1.0,1.0,1.0,1.0,1.0,1.0,1.0,1.0,1.0,1.0,1.0,1.0,1.0,1.0,1.0,1.0,1.0,1.0,1.0,1.0,1.0,1.0,1.0,1.0,1.0,1.0,0.9905362776025236,0.9936908517350158,0.9968454258675079,1.0,1.0,1.0
tum_gbm_136,218003,0.9833333333333333,0.8838709677419355,0.8838709677419355,0.8838709677419355,0.8924731182795699,0.9370967741935484,0.9833333333333333,0.8790322580645161,0.8790322580645161,0.8795698924731182,0.8913978494623656,0.9419354838709677,0.9870967741935484,0.8134408602150538,0.889247311827957,0.9376344086021505,0.9693548387096774,0.9833333333333333,0.9887096774193549,0.878494623655914,0.9424731182795699,0.9586021505376344,0.9881720430107527,0.9994623655913979,0.9994623655913979,0.8795698924731182,0.882258064516129,0.8876344086021506,0.9478494623655914,0.9983870967741936,0.9994623655913979,0.9543010752688172,0.9763440860215054,0.9881720430107527,0.9967741935483871,0.9989247311827957,0.9994623655913979
tum_gbm_137,132235,0.0,0.0,0.0,0.0,0.0,0.0,0.0,0.0,0.0,0.0,0.0,0.0,0.0,0.0,0.0,0.0,0.0,0.0,0.0,0.0,0.0,0.0,0.0,0.0,0.0,0.0,0.0,0.0,0.0,0.0,0.0,0.0,0.0,0.0,0.0,0.0,0.0
tum_gbm_138,80505,1.0,0.8987401949132399,0.9576895650106965,0.990729736154029,0.9988115046351319,1.0,1.0,0.8733063941050629,0.930116472545757,0.967910625148562,0.9788447825053482,0.9790824815783219,0.9790824815783219,0.695269788447825,0.7473258854290469,0.7924887092940337,0.8288566674589969,0.8607083432374614,0.8863798431186118,0.8226764915616829,0.8768718801996672,0.9125267411457095,0.940099833610649,0.981459472308058,0.9964345139053957,0.8752079866888519,0.9265509864511529,0.9674352270026146,0.9912051342999763,0.9985738055621584,1.0,0.5495602567149989,0.6389351081530782,0.7069170430235322,0.7665795103399097,0.8231518897076301,0.8778226764915616
tum_gbm_139,64342,1.0,1.0,1.0,1.0,1.0,1.0,1.0,1.0,1.0,1.0,1.0,1.0,1.0,1.0,1.0,1.0,1.0,1.0,1.0,0.9948475740661228,0.9972091026191499,0.9993559467582653,0.9997853155860884,1.0,1.0,0.9995706311721769,1.0,1.0,1.0,1.0,1.0,0.8877200515242594,0.9381708887934735,0.9720910261914985,0.9905538857878918,0.9976384714469729,0.9997853155860884
tum_gbm_140,171988,1.0,0.8734363502575423,0.9437086092715232,0.9893303899926417,1.0,1.0,1.0,0.8727005150846211,0.948859455481972,0.993009565857248,1.0,1.0,1.0,0.6236203090507726,0.7111846946284033,0.7991169977924945,0.869757174392936,0.9319352465047829,0.9771891096394407,0.6353936718175128,0.6983075791022811,0.7391464311994114,0.7902869757174393,0.833701250919794,0.8727005150846211,0.5757910228108903,0.6780721118469463,0.7590139808682855,0.8414275202354673,0.9157468727005151,0.9665194996320824,0.5916114790286976,0.6596762325239146,0.7303164091243561,0.7950699043414275,0.8686534216335541,0.9264164827078735
tum_gbm_141,168235,0.9967147017098484,0.9636377211976406,0.9911147614425446,0.9964533711640409,0.9967147017098484,0.9967147017098484,0.9967147017098484,0.9689763309191368,0.9929067423280818,0.9958933771373105,0.9959307100724258,0.9959307100724258,0.9959307100724258,0.8973717613678788,0.9421712835063093,0.9658030314343313,0.9768535802284776,0.9829388486522811,0.9868214739042783,0.7334428432763384,0.7773090420368849,0.8118420070185918,0.8380123945344583,0.8533935638019862,0.8615321436571344,0.94329127155977,0.9693496602702905,0.9824908534308967,0.9892854476218921,0.9927574105876203,0.9948853878891959,0.4893227805570074,0.5449488538788919,0.6010229224221608,0.6600462928395431,0.7198163219592324,0.7704397819756589
tum_gbm_142,126449,1.0,1.0,1.0,1.0,1.0,1.0,1.0,1.0,1.0,1.0,1.0,1.0,1.0,0.7555555555555555,0.9333333333333333,0.9333333333333333,0.9333333333333333,0.9333333333333333,0.9333333333333333,0.35555555555555557,0.6444444444444445,0.6888888888888889,0.6888888888888889,0.6888888888888889,0.7777777777777778,0.8666666666666667,0.9777777777777777,1.0,1.0,1.0,1.0,0.0,0.022222222222222223,0.1111111111111111,0.2222222222222222,0.4222222222222222,0.6444444444444445
