patient_id,tp_in,tp_out,fold,dt_days,has_prior_scan,no_change,aniso_global_z,aniso|r=1,aniso|r=10,iso_homog,iso_same,geometric,is_gbm
PatientID_0003,1,2,0,56.0,False,0.6353372575509022,0.656165901535539,0.6455865045115732,0.6333436820863086,0.6468745104182986,0.6476459954413267,0.6535206194849631,True
PatientID_0005,3,4,2,43.0,False,0.8300665680473372,0.7767797737857618,0.8033126293995859,0.804448246364414,0.7981316348195329,0.8020006898930666,0.8086145261138722,True
PatientID_0006,2,4,1,42.0,False,0.06794055201698514,0.07637906647807638,0.08787010506208214,0.08399545970488081,0.08647654093836246,0.08818011257035648,0.0839694656488549,True
PatientID_0008,4,6,1,113.0,False,0.07449316360207449,0.1894310315718386,0.17792131532589547,0.18337408312958436,0.17358270017533606,0.17612809315866085,0.1242672919109027,True
PatientID_0010,1,4,2,133.0,False,0.030921459492888066,0.06889321551595028,0.07343895619757689,0.07281001137656427,0.07370554634236226,0.07472445357743321,0.0401519262072707,True
PatientID_0011,1,2,4,70.0,False,0.14994131455399062,0.2660051521801355,0.2893243940175348,0.28634245009234016,0.28694900605012963,0.2888316151202749,0.1857707509881423,True
PatientID_0012,2,3,3,77.0,False,0.785658854570852,0.7435160322223977,0.734572940287226,0.7393362053273467,0.7349529304585485,0.7329218853996491,0.7835888818875586,True
PatientID_0013,1,2,1,98.0,False,0.6747428571428571,0.4562139486103828,0.43456543456543456,0.44753086419753085,0.43267437523312197,0.43283582089552236,0.6494671901289961,True
PatientID_0014,1,2,1,42.0,False,0.044534412955465584,0.07086614173228346,0.12154696132596685,0.09142857142857143,0.12154696132596685,0.12154696132596685,0.0483870967741935,True
PatientID_0018,1,2,0,92.0,False,0.03225806451612903,0.06721311475409836,0.08949152542372882,0.08776978417266187,0.09219858156028368,0.08731241473396999,0.0311284046692607,True
PatientID_0019,4,5,0,49.0,False,0.6590136054421769,0.665508857242098,0.64290473017988,0.6272817789578493,0.6431189603465511,0.6420737786640079,0.6642771804062126,True
PatientID_0020,1,2,0,76.0,False,0.3376370280146163,0.2075360612304975,0.19068197164078327,0.19091400757166035,0.19853768278965128,0.19112073632918244,0.2942653830054416,True
PatientID_0021,2,3,4,92.0,False,0.17655713585090732,0.35032941850472643,0.32215488215488214,0.3162970106075217,0.31315417256011313,0.32142857142857145,0.1988597491448118,True
PatientID_0022,1,2,3,52.0,False,0.42371739339686204,0.5540647198105761,0.5566929133858268,0.5661111976327675,0.5564220913576317,0.5553539019963702,0.4756876910252848,True
PatientID_0024,2,3,4,123.0,False,0.4087729902426388,0.6442536552193131,0.6133489919749462,0.6166894444891068,0.6221093966919202,0.6110915973929673,0.4689699813900801,True
PatientID_0025,1,2,0,114.0,False,0.6794594190995296,0.619941990395131,0.5910686954173044,0.5960823891004174,0.5949739642291147,0.5907370697422959,0.6967691198636871,True
PatientID_0026,1,2,1,111.0,False,0.14511352418558737,0.1424025457438345,0.12841289413422582,0.13603929200259476,0.13022753844770213,0.12607249168271756,0.1359333585762968,True
PatientID_0029,1,3,1,183.0,False,0.0,0.0,0.0,0.0,0.0,0.0,0.0,True
PatientID_0031,2,3,1,78.0,False,0.37246531483457845,0.39896945160103053,0.376422626125361,0.36627505183137526,0.3887733887733888,0.3813573737030107,0.4125117591721542,True
PatientID_0032,1,2,4,63.0,False,0.03333333333333333,0.05747126436781609,0.07601572739187418,0.06442953020134229,0.07532467532467532,0.07512953367875648,0.0327102803738317,True
PatientID_0033,1,2,4,71.0,False,0.030534351145038167,0.10952652595550486,0.08874801901743265,0.08700380641653073,0.08205689277899343,0.0874604847207587,0.0380794701986755,True
PatientID_0034,1,2,3,62.0,False,0.022058823529411766,0.035527690700104496,0.04243008678881389,0.042467138523761376,0.044358727097396335,0.042759961127308066,0.0202020202020202,True
PatientID_0035,1,2,3,91.0,False,0.42453043675039603,0.26259856016455263,0.26585006237949416,0.2775108121095627,0.2611500389278167,0.26430824695808924,0.3917330299582859,True
PatientID_0036,1,2,3,78.0,False,0.4501999619120168,0.555117838136706,0.5710695151795754,0.5520331728196897,0.5765242089966313,0.5753677683224487,0.5103716126754347,True
PatientID_0037,1,2,1,105.0,False,0.37777777777777777,0.254416961130742,0.2456778889899909,0.2730739893211289,0.23835797837122047,0.24242424242424243,0.4469339622641509,True
PatientID_0038,1,2,4,92.0,False,0.33244478293983243,0.38507192435368676,0.3891169451073986,0.3973382196933166,0.3909916729750189,0.38839413961505315,0.3343252231752144,True
PatientID_0039,1,2,4,98.0,False,0.02127659574468085,0.03115264797507788,0.043689320388349516,0.02538787023977433,0.0448642266824085,0.04470588235294118,0.0204081632653061,True
PatientID_0041,1,2,0,91.0,False,0.05,0.13898540653231412,0.13465346534653466,0.13123718386876282,0.14049039098740887,0.13609072715143428,0.0562659846547314,True
PatientID_0045,1,2,4,70.0,False,0.30158146377344613,0.45729227193492156,0.46184397163120566,0.4323067983730389,0.4663095573724274,0.4634146341463415,0.3317773788150808,True
PatientID_0051,1,3,2,90.0,False,0.500456065673457,0.4530711704898748,0.4833994773013261,0.49658222758343384,0.48181379643029426,0.4819067837498794,0.5420460632029994,True
PatientID_0052,1,2,4,70.0,False,0.016941596076683014,0.058725761772853186,0.06458500133440086,0.05922303721814724,0.06784188034188034,0.06570512820512821,0.0241900647948164,True
PatientID_0054,1,2,3,77.0,False,0.449009900990099,0.5780291816451681,0.5602752019144481,0.5511977341462244,0.5634625062908908,0.5606703008277811,0.535047258979206,True
PatientID_0055,1,4,4,182.0,False,0.2003583645544877,0.14028637770897834,0.132471870604782,0.1342461951242078,0.13478568898335105,0.13254644808743168,0.2140485312899106,True
PatientID_0064,1,2,2,84.0,False,0.6939944903581268,0.5128205128205128,0.5822318889074787,0.5820645808934248,0.5870024507732612,0.5829213106511355,0.6518834124140602,True
PatientID_0065,1,2,3,14.0,False,0.16461916461916462,0.16461916461916462,0.16461916461916462,0.16461916461916462,0.16461916461916462,0.16461916461916462,0.170014698677119,True
PatientID_0066,1,2,1,63.0,False,0.0,0.0,0.0,0.0,0.0,0.0,0.0,True
PatientID_0067,1,2,0,103.0,False,0.1801200800533689,0.31333466214869443,0.2889864477953808,0.2887139107611549,0.29185043144774686,0.2880611270296084,0.2613430127041742,True
PatientID_0068,1,2,1,77.0,False,0.07777777777777778,0.08254716981132075,0.09468822170900693,0.08934707903780069,0.09734513274336283,0.09468822170900693,0.0914826498422713,True
PatientID_0069,2,3,3,51.0,False,0.6584507042253521,0.40886203423967776,0.4031620553359684,0.3867298578199052,0.4027640671273445,0.40476190476190477,0.6181229773462783,True
PatientID_0072,1,2,3,103.0,False,0.03455723542116631,0.02333177788147457,0.019825535289452814,0.02239140170174653,0.019801980198019802,0.019712201852946976,0.0316534777176176,True
PatientID_0073,1,2,0,43.0,False,0.5088852988691438,0.5465010602847622,0.532436069986541,0.5671555939027898,0.532436069986541,0.532436069986541,0.5206106870229008,True
PatientID_0074,1,2,4,81.0,False,0.039603960396039604,0.09693513898788311,0.1436532507739938,0.1452104942037828,0.14727722772277227,0.14080996884735203,0.0464285714285714,True
PatientID_0076,1,2,2,41.0,False,0.0,0.0,0.0,0.0,0.0,0.0,0.0,True
PatientID_0078,1,2,1,103.0,False,0.17706237424547283,0.5543761265772081,0.5767008387698043,0.584,0.5702825888787603,0.57527082555099,0.2373263236950807,True
PatientID_0079,1,2,0,25.0,False,0.4485417365068723,0.44794107800468697,0.44704310056799196,0.4453320019970045,0.4473420260782347,0.4468191684755385,0.4286171574903969,True
PatientID_0080,1,2,2,31.0,False,0.20907796931836153,0.29809310151430174,0.209044908285895,0.21017699115044247,0.209044908285895,0.209044908285895,0.2156099080853715,True
PatientID_0082,1,2,2,128.0,False,0.4693504117108875,0.2680253203643662,0.3365539452495974,0.34173325138291333,0.33930024410089504,0.33765182186234816,0.4745127436281859,True
PatientID_0083,1,2,2,39.0,False,0.18040311315106766,0.23702914001421463,0.21129466000768343,0.21299295103829302,0.2042145593869732,0.2116788321167883,0.1970021413276231,True
PatientID_0084,1,2,2,101.0,False,0.6229773462783171,0.7394190871369295,0.7059333795975017,0.7024128686327078,0.7092149581138267,0.7091475012969047,0.676105224698575,True
PatientID_0085,1,2,2,73.0,False,0.16602316602316602,0.2652482269503546,0.26851851851851855,0.2659279778393352,0.2803347280334728,0.2754036087369421,0.2527075812274368,True
PatientID_0087,1,2,1,129.0,False,0.009782125389061804,0.17872340425531916,0.10013584319813701,0.07373271889400922,0.10236525785188057,0.10442546583850931,0.0282386163078009,True
PatientID_0089,1,2,3,89.0,False,0.0788675429726997,0.21152703505644682,0.1975570897503983,0.21838869517342632,0.1974910394265233,0.19158713326263696,0.1088825214899713,True
PatientID_0090,1,2,0,91.0,False,0.28434197886647455,0.2429486070254369,0.23182100683654444,0.23924687550722284,0.23605217664623604,0.2311511014582687,0.3235668789808917,True
PatientID_0091,1,2,3,33.0,False,0.07749321200557717,0.12215988779803647,0.10672722111836502,0.11277930499753296,0.1125547239090524,0.10715299460686914,0.0908030899285818,True
PatientID_0092,1,2,4,35.0,False,0.040061633281972264,0.0364656381486676,0.03741007194244604,0.03698435277382646,0.03741007194244604,0.03741007194244604,0.0397553516819571,True
PatientID_0093,1,2,3,63.0,False,0.8896856039713182,0.8312081262156905,0.8018848596599057,0.8189509306260575,0.8228354750368654,0.7986125280554989,0.8969387755102041,True
PatientID_0094,1,2,4,91.0,False,0.25929127052722556,0.3474605954465849,0.3421309872922776,0.3584714237402773,0.3348271446862996,0.3396349413298566,0.3689627870150435,True
PatientID_0095,1,2,1,80.0,False,0.25847759070429216,0.5347606593272916,0.5566461684011353,0.5419601289244359,0.5551339815034385,0.5566534524584345,0.333182024512029,True
PatientID_0097,1,2,3,69.0,False,0.004730368968779565,0.01990049751243781,0.022880915236609463,0.0212882096069869,0.022643496577145865,0.022827496757457846,0.0044111160123511,True
PatientID_0099,1,2,1,49.0,False,0.25086147484493454,0.30293941211757647,0.31725740848343986,0.3148148148148148,0.32079323417906097,0.3178114086146682,0.297653487624558,True
PatientID_0103,1,2,2,68.0,False,0.04226705091258405,0.15910364145658262,0.12406271301976823,0.12658227848101267,0.12078651685393259,0.1262868908716541,0.0542563143124415,True
PatientID_0105,1,2,4,91.0,False,0.0,0.0,0.0,0.0,0.0,0.0,0.0,True
PatientID_0109,1,2,4,31.0,False,0.20048899755501223,0.26335913457054927,0.2446500867553499,0.25949307453123527,0.23277539898793304,0.24445729708887604,0.2055415617128463,True
PatientID_0110,1,2,4,80.0,False,0.02888086642599278,0.05814977973568282,0.062186559679037114,0.06066775244299674,0.0630979035212701,0.06263802449307368,0.0342114266164899,True
PatientID_0113,1,2,2,42.0,False,0.12338858195211787,0.18461538461538463,0.13949275362318841,0.18324607329842932,0.13949275362318841,0.13949275362318841,0.1313868613138686,True
PatientID_0116,1,2,0,49.0,False,0.0398979355138019,0.0950661853188929,0.1346938775510204,0.1280089568949431,0.12743628185907047,0.13405124396583737,0.0578192579103118,True
PatientID_0117,1,2,1,69.0,False,0.006147540983606557,0.01749271137026239,0.020190995907230558,0.02160318362706083,0.018779342723004695,0.01904761904761905,0.0055427251732101,True
PatientID_0118,1,2,2,90.0,False,0.06072401712728688,0.23543495610534718,0.2188505747126437,0.19306112815671467,0.21935483870967742,0.2193043077631882,0.0826686004350979,True
PatientID_0125,1,2,1,18.0,False,0.10793322117251197,0.10793322117251197,0.10793322117251197,0.10793322117251197,0.10793322117251197,0.10793322117251197,0.1071841665595681,True
PatientID_0132,1,2,2,42.0,False,0.13404417364813404,0.21904080171796708,0.15477084898572502,0.202476329206118,0.15477084898572502,0.15477084898572502,0.1481481481481481,True
PatientID_0135,1,2,3,53.0,False,0.018691588785046728,0.061389337641357025,0.06557377049180328,0.07132667617689016,0.06412213740458016,0.06557377049180328,0.0180995475113122,True
PatientID_0136,1,2,2,54.0,False,0.029906542056074768,0.019589257503949447,0.029906542056074768,0.029906542056074768,0.029906542056074768,0.029906542056074768,0.0371517027863777,True
PatientID_0138,1,2,3,68.0,False,0.05723630417007359,0.07557811618725324,0.08932038834951456,0.0856995353639649,0.08888888888888889,0.08843537414965986,0.0560747663551401,True
PatientID_0140,1,2,1,109.0,False,0.0,0.0,0.0,0.0,0.0008654262224145391,0.0008680555555555555,0.0,True
PatientID_0142,1,2,0,109.0,False,0.21530479896238652,0.2956958393113343,0.31707485339772334,0.3051874823794756,0.316519374575119,0.31521664255700216,0.2360633172746042,True
PatientID_0145,1,2,4,140.0,False,0.05339337407526536,0.2512029201924672,0.3013177159590044,0.27984313725490195,0.3018755582018458,0.29789103690685415,0.068467336683417,True
PatientID_0147,1,2,0,50.0,False,0.008677896886166412,0.014381591562799617,0.017966903073286054,0.017146939747558942,0.013676019806649375,0.017518939393939392,0.0085815244825845,True
PatientID_0149,1,2,2,45.0,False,0.6648335461062556,0.5951277079996629,0.6108932461873638,0.6106000876040298,0.6144536046307665,0.6098303610265333,0.628425283156741,True
PatientID_0150,1,2,1,91.0,False,0.24334600760456274,0.12024539877300613,0.1112372304199773,0.11244979919678715,0.1104225352112676,0.11149032992036405,0.2320117474302496,True
PatientID_0151,1,2,3,59.0,False,0.14977973568281938,0.11072664359861592,0.11552346570397112,0.11367673179396093,0.11091854419410745,0.11827956989247312,0.1417322834645669,True
PatientID_0152,1,2,2,46.0,False,0.03870967741935484,0.05714285714285714,0.059322033898305086,0.04780876494023904,0.059322033898305086,0.059322033898305086,0.0352941176470588,True
PatientID_0157,1,2,2,53.0,False,0.561002580169554,0.6155856886129717,0.6052587506280355,0.6112485568200561,0.6065078832606507,0.6057563587684069,0.602696550516547,True
PatientID_0159,1,2,1,105.0,False,0.0546218487394958,0.11208249271463798,0.10789066529138731,0.1081858407079646,0.1071246039047327,0.10659014041201188,0.062421972534332,True
PatientID_0160,1,2,3,50.0,False,0.044444444444444446,0.037914691943127965,0.04477611940298507,0.056910569105691054,0.053691275167785234,0.058394160583941604,0.0397350993377483,True
PatientID_0162,1,2,2,62.0,False,0.1975736568457539,0.3678094131319001,0.3534852989758837,0.34335337341349365,0.3534852989758837,0.3534852989758837,0.216238956668069,True
PatientID_0164,1,2,1,21.0,False,0.4522915101427498,0.4522915101427498,0.4522915101427498,0.4522915101427498,0.4522915101427498,0.4522915101427498,0.4779411764705882,True
PatientID_0169,1,2,2,28.0,False,0.20297555791710944,0.23575129533678757,0.20297555791710944,0.20297555791710944,0.20297555791710944,0.20297555791710944,0.2194736842105263,True
PatientID_0170,1,2,0,91.0,False,0.24947145877378435,0.3181454836131095,0.3325705568268497,0.33626198083067094,0.3290468986384266,0.3333333333333333,0.2951456310679611,True
PatientID_0171,1,2,0,34.0,False,0.6869134515119917,0.7150902862451373,0.7273261278195489,0.7294254884806066,0.7225106182161397,0.7260757112626381,0.69431682295928,True
PatientID_0173,1,2,2,25.0,False,0.1749209694415174,0.18162839248434237,0.1749209694415174,0.1749209694415174,0.1749209694415174,0.1749209694415174,0.217659137577002,True
PatientID_0186,1,2,0,36.0,False,0.0,0.0,0.0,0.0,0.0,0.0,0.0,False
PatientID_0187,1,2,3,77.0,False,0.0,0.00138217000691085,0.0038585209003215433,0.0025657472738935213,0.003865979381443299,0.0038535645472061657,0.0,False
PatientID_0188,1,2,1,26.0,False,0.32338838572189665,0.32338838572189665,0.3230277185501066,0.32338838572189665,0.32338838572189665,0.3230277185501066,0.3509502733663108,False
PatientID_0189,1,2,1,182.0,False,0.43478260869565216,0.08069164265129683,0.05555555555555555,0.06496519721577726,0.05668016194331984,0.0577319587628866,0.5517241379310345,False
PatientID_0196,1,2,1,103.0,False,0.0,0.0,0.0,0.0,0.0,0.0,0.0,False
PatientID_0197,1,2,3,56.0,False,0.0,0.0,0.0,0.0,0.0,0.0,0.0,False
PatientID_0198,1,2,3,22.0,False,0.4613511868533171,0.46618357487922707,0.4610705596107056,0.4612590799031477,0.46265938069216755,0.46200607902735563,0.4860699466508595,False
PatientID_0199,1,2,1,29.0,False,0.39325842696629215,0.423963133640553,0.4148936170212766,0.4215686274509804,0.4148936170212766,0.4148936170212766,0.4042553191489361,False
PatientID_0201,1,2,4,42.0,False,0.31451612903225806,0.30538922155688625,0.28634361233480177,0.33251833740831294,0.28634361233480177,0.28634361233480177,0.3601532567049808,False
PatientID_0204,1,2,2,77.0,False,0.10275308909603295,0.2658639765701269,0.2201058201058201,0.18529632408102026,0.2201058201058201,0.2201058201058201,0.1338352153910497,False
PatientID_0205,1,2,4,23.0,False,0.29961663226186963,0.30064591896652965,0.30076067875950846,0.2993872191421068,0.30058823529411766,0.3013458162668227,0.3266129032258064,False
PatientID_0207,1,2,3,142.0,False,0.14531478770131773,0.3646379853095488,0.347641115247284,0.3458778504225801,0.3511580910928027,0.3469356796116505,0.202903387285166,False
PatientID_0209,1,2,3,97.0,False,0.5394801373222168,0.6157760814249363,0.5880546599109473,0.5831363278171788,0.5950666462387008,0.5892638036809816,0.6012351124834583,False
PatientID_0210,1,2,4,24.0,False,0.7161987041036717,0.7180370210934137,0.7160493827160493,0.7168367346938775,0.7179046801202232,0.7148936170212766,0.7110169491525423,False
PatientID_0212,1,2,0,54.0,False,0.6750956288142027,0.7521731137897529,0.7523719165085389,0.7505853260726594,0.7511888407481772,0.7524387028737147,0.7179501431231415,False
PatientID_0215,1,2,2,56.0,False,0.39473684210526316,0.3108055009823183,0.348261076703192,0.34652956298200516,0.34809523809523807,0.34809523809523807,0.3943775100401606,False
PatientID_0235,1,3,4,183.0,False,0.0,0.006009615384615385,0.012855831037649219,0.011214953271028037,0.013665417676878995,0.012730165946806092,0.0,False
PatientID_0236,1,3,0,126.0,False,0.0,0.0,0.0,0.0,0.0,0.0,0.0,False
PatientID_0238,1,3,3,92.0,False,0.24307497969863756,0.5525232079290849,0.5575916230366492,0.5449906915810522,0.5652263515834306,0.560434274719989,0.3035310488780657,True
PatientID_0250,1,2,3,70.0,False,0.08301051466519092,0.1932050757265657,0.2073714054272985,0.19451371571072318,0.2086677367576244,0.20450885668276972,0.0945728103170338,True
PatientID_0251,1,2,0,77.0,False,0.06047516198704104,0.16178521617852162,0.13192612137203166,0.12903225806451613,0.14267185473411154,0.12980132450331125,0.0736196319018405,True
PatientID_0252,1,2,1,43.0,False,0.685749844430616,0.6404405979543666,0.6030150753768844,0.6260694514343231,0.6028708133971292,0.6028708133971292,0.664576802507837,True
PatientID_0254,1,2,0,68.0,False,0.011782032400589101,0.05333333333333334,0.05534351145038168,0.042926829268292686,0.06048780487804878,0.05348615090735435,0.0116788321167883,True
PatientID_0256,1,2,4,22.0,False,0.1361344537815126,0.13758389261744966,0.1361344537815126,0.1361344537815126,0.1361344537815126,0.1361344537815126,0.1516666666666666,False
PatientID_0259,1,2,2,133.0,False,0.08674698795180723,0.5064618385759571,0.4106085083467959,0.3827671913835957,0.40799243958417714,0.4109736417428725,0.1127533783783783,False
PatientID_0264,1,2,4,115.0,False,0.0,0.0,0.0,0.0,0.0,0.0,0.0,False
PatientID_0267,1,2,4,62.0,False,0.4025332097621254,0.3499070055796652,0.35272459499263625,0.3535938848477376,0.3533029892975766,0.35294117647058826,0.3754450932915539,True
PatientID_0270,1,3,3,196.0,False,0.0,0.0,0.004888569374550683,0.014638027048528242,0.0006748776784207862,0.004303543250609668,0.0,False
PatientID_0271,1,3,1,150.0,False,0.0,0.0,0.0,0.0,0.0,0.0,0.0,False
PatientID_0272,1,3,1,119.0,False,0.22085048010973937,0.15231914487497614,0.1441376837576192,0.15464913976416006,0.13847743713399932,0.14318788958147818,0.2141045154743784,True
PatientID_0274,1,3,4,145.0,False,0.2838709677419355,0.260142611261372,0.26633050653220264,0.2790042273367778,0.26047150377660794,0.26232515478101354,0.3514644351464435,True
PatientID_0275,1,3,1,132.0,False,0.0,0.0,0.0,0.0,0.0,0.0,0.0,False
PatientID_0003,2,5,0,140.0,True,0.7618876404494382,0.5986037478347593,0.5808262346742823,0.5741233373639661,0.5745188794153472,0.5808551560881787,0.7590819273445812,True
PatientID_0006,4,5,1,42.0,True,0.06017699115044248,0.08507089241034195,0.1307861866274798,0.12432847275518036,0.12964311726147124,0.12983223924142961,0.0748476936466492,True
PatientID_0006,5,6,1,191.0,True,0.3869677050585882,0.31316826111423746,0.2704317438845677,0.26018296667392726,0.2708122113326574,0.27327207351178584,0.5,True
PatientID_0007,4,5,3,86.0,True,0.4862204724409449,0.42210576464983324,0.38193018480492813,0.3938640132669983,0.37897310513447435,0.38114754098360654,0.5283687943262412,True
PatientID_0007,5,6,3,102.0,True,0.18683001531393567,0.0777292576419214,0.06934164394234515,0.07516891891891891,0.0687789799072643,0.06972189580885232,0.1919805589307412,True
PatientID_0010,4,5,2,42.0,True,0.37657802847166266,0.43352601156069365,0.40527517118944967,0.42217380779472286,0.40166061235080436,0.4036603965429588,0.3959311424100156,True
PatientID_0013,2,4,1,85.0,True,0.5738436252641466,0.5329021827000808,0.540590405904059,0.5483259633607075,0.5373180076628352,0.5373317013463892,0.5827543931344503,True
PatientID_0013,4,5,1,55.0,True,0.17915904936014626,0.16360341703339373,0.17087276550998948,0.16605552645364066,0.17201472908995266,0.1703239289446186,0.1883157240522063,True
PatientID_0014,2,3,1,120.0,True,0.3410728582866293,0.46380697050938335,0.42578796561604587,0.4395742016280526,0.43213457076566125,0.42931034482758623,0.4728005372733378,True
PatientID_0014,3,4,1,70.0,True,0.4804297774366846,0.4361888111888112,0.4147239263803681,0.42815002107037503,0.4144144144144144,0.41370869033047736,0.5460569913850232,True
PatientID_0014,4,5,1,35.0,True,0.7119675456389453,0.6359761295822677,0.6689536878216124,0.64,0.6718346253229974,0.6689536878216124,0.7198480531813866,True
PatientID_0014,5,6,1,91.0,True,0.6452380952380953,0.46062210456651226,0.4070175438596491,0.42937149968886124,0.41354723707664887,0.40654205607476634,0.6254980079681275,True
PatientID_0018,2,4,0,126.0,True,0.1913499344692005,0.18946007112835433,0.20085470085470086,0.20929432013769364,0.19742489270386265,0.19859884252208346,0.1736263736263736,True
PatientID_0018,5,6,0,58.0,True,0.4219382985353693,0.5857193216090243,0.5863943981535813,0.5788893265064986,0.5957794100501341,0.5894843670713142,0.4608549368071432,True
PatientID_0019,5,6,0,62.0,True,0.8541666666666666,0.6248749583194398,0.6315082297615049,0.6298527443105756,0.6287625418060201,0.6289729006356641,0.8082379862700229,True
PatientID_0020,2,3,0,131.0,True,0.6033010813887308,0.3539853217272572,0.3098050797401063,0.3250466128029832,0.3286855710480965,0.3093938947057956,0.6580645161290323,True
PatientID_0020,3,4,0,97.0,True,0.30669546436285094,0.4668177403690515,0.49125429810136045,0.5014640160271229,0.49478436867507397,0.4884833981453784,0.3426294820717131,True
PatientID_0021,3,4,4,92.0,True,0.013417190775681341,0.005427408412483039,0.004962009613893627,0.005059288537549407,0.005177993527508091,0.004977445948047908,0.0113838491639985,True
PatientID_0021,4,5,4,63.0,True,0.04005006257822278,0.10404624277456648,0.12154696132596685,0.11817168338907469,0.11817168338907469,0.12013348164627363,0.0448877805486284,True
PatientID_0021,5,6,4,126.0,True,0.38536739198990855,0.4727857496288966,0.476338591424128,0.49021651036239433,0.4886549707602339,0.47467438494934877,0.4172106824925816,True
PatientID_0025,2,3,0,78.0,True,0.012865183596890914,0.011331954312438169,0.010664889185135812,0.010761728602656801,0.010755398705991093,0.010707712899447884,0.0131564276953952,True
PatientID_0031,3,4,1,85.0,True,0.4770452191922679,0.7600349040139616,0.7953871499176277,0.7722870623292774,0.7872270019854402,0.7976669678797338,0.5849137012571916,True
PatientID_0031,4,5,1,143.0,True,0.6511221727360056,0.4287865367581931,0.38523351101917414,0.3941713396913757,0.3889156626506024,0.38382877526753867,0.5938342967244702,True
PatientID_0032,3,4,4,132.0,True,0.1834862385321101,0.052177177177177174,0.04782384311027008,0.053063561748425275,0.04735138817918583,0.04736752428011586,0.1529919802590993,True
PatientID_0032,4,5,4,76.0,True,0.044701656356016764,0.19923103809856693,0.22103998627080831,0.20066538259499211,0.21859426018216188,0.22016142881676112,0.0492943748757702,True
PatientID_0032,5,6,4,114.0,True,0.41337623934597323,0.7467781038662754,0.7738229049581616,0.7457977093079529,0.7771467585265184,0.7774360885906875,0.473365416528377,True
PatientID_0033,2,3,4,181.0,True,0.5184192900200938,0.14239218877135884,0.11021307861866275,0.12752003886324995,0.11258846236328544,0.10962622676968052,0.4890080428954423,True
PatientID_0033,3,4,4,110.0,True,0.5915004336513443,0.42847317744154056,0.3611594202898551,0.39016703435234795,0.3633703920421299,0.36142484795829716,0.6293375394321766,True
PatientID_0033,4,5,4,160.0,True,0.741424802110818,0.36267102307535226,0.27898209236569277,0.328513162773452,0.2800378429517502,0.2776735459662289,0.7628985507246376,True
PatientID_0034,2,3,3,42.0,True,0.0,0.0,0.0,0.0,0.0,0.0,0.0,True
PatientID_0034,3,4,3,78.0,True,0.0,0.0,0.0,0.0,0.0,0.0,0.0,True
PatientID_0034,5,6,3,263.0,True,0.0,0.0,0.0,0.0,0.0,0.0,0.0,True
PatientID_0035,2,3,3,105.0,True,0.5383660293022101,0.6524459613196815,0.6623873258672494,0.6942220928540241,0.6591397849462366,0.6606948968512486,0.6469652193680382,True
PatientID_0036,2,3,3,63.0,True,0.796329543187712,0.8046170874400463,0.8050360084969691,0.7897943243946889,0.8020530900041477,0.8049096276347817,0.8195308170679145,True
PatientID_0036,3,4,3,98.0,True,0.03668850506253722,0.018663273344240443,0.01762215356448106,0.017677782241864202,0.0175909532240562,0.01758894409228485,0.028597957288765,True
PatientID_0036,4,5,3,91.0,True,0.09003601440576231,0.44606542882404954,0.4557663611170326,0.42086726832489546,0.45588549455244604,0.46150583244962884,0.1132522976578713,True
PatientID_0036,5,6,3,76.0,True,0.770050626165734,0.7435225618631732,0.734815922257522,0.7242206235011991,0.7330038235568405,0.7375527426160338,0.8040507564665691,True
PatientID_0037,2,3,1,98.0,True,0.5622710622710623,0.38016528925619836,0.3590243902439024,0.3853146853146853,0.35452793834296725,0.3580927667855984,0.6314176245210728,True
PatientID_0037,3,4,1,91.0,True,0.42207792207792205,0.5893217893217894,0.6014492753623188,0.5876528829353523,0.6034816247582205,0.6011142061281337,0.50276008492569,True
PatientID_0038,2,3,4,61.0,True,0.6038143216984527,0.7606742534439976,0.7617171468439629,0.7627959964195622,0.759819598195982,0.7609195402298851,0.6437738466874783,True
PatientID_0038,3,4,4,65.0,True,0.5107427301352102,0.7058499764113855,0.7239216293657554,0.7210715806588982,0.7290058660080272,0.723438892980348,0.5574991029781127,True
PatientID_0038,5,6,4,58.0,True,0.5322351114752685,0.717503050922673,0.7250036705329613,0.7203149722191559,0.7302677234376712,0.7245493593744263,0.5731400804289544,True
PatientID_0039,2,3,4,62.0,True,0.37849462365591396,0.5377942998760843,0.5555555555555556,0.5490196078431373,0.5548996458087367,0.5535924617196702,0.4057971014492754,True
PatientID_0039,3,4,4,92.0,True,0.3035230352303523,0.09973285841495994,0.09747606614447346,0.10596026490066225,0.09722222222222222,0.09722222222222222,0.2635294117647059,True
PatientID_0039,4,6,4,63.0,True,0.2620689655172414,0.16428571428571428,0.1513157894736842,0.15492957746478872,0.15081967213114755,0.15081967213114755,0.25,True
PatientID_0044,2,3,1,98.0,True,0.023809523809523808,0.029258098223615466,0.038227628149435276,0.022964509394572025,0.037639007698887936,0.03735144312393888,0.0291545189504373,True
PatientID_0044,3,4,1,85.0,True,0.005012531328320802,0.061855670103092786,0.09034267912772585,0.08588957055214724,0.09174311926605505,0.09331259720062209,0.0098522167487684,True
PatientID_0044,4,5,1,88.0,True,0.09679618268575324,0.24952380952380954,0.29200513039760584,0.2845744680851064,0.2817269952027911,0.2902194758150437,0.1187601957585644,True
PatientID_0044,5,6,1,120.0,True,0.1443943075321069,0.0610831831546998,0.05222186182289977,0.0559659337794386,0.053223140495867766,0.0518769131625584,0.1311239193083573,True
PatientID_0045,2,3,4,30.0,True,0.3326745718050066,0.32249096469279953,0.3364140480591497,0.3424821002386635,0.33600988264360715,0.3363159518667078,0.3298512187401076,True
PatientID_0045,3,4,4,51.0,True,0.44430217669654287,0.4684159378036929,0.45700712589073633,0.4630256162397293,0.45892351274787535,0.45687203791469194,0.4329268292682927,True
PatientID_0051,3,4,2,87.0,True,0.6369119420989143,0.36519541474862355,0.4236949900220565,0.43871252204585537,0.4149897330595482,0.42289181837204437,0.5871980250396756,True
PatientID_0053,4,5,3,69.0,True,0.0,0.0,0.0,0.0,0.0,0.0,0.0,True
PatientID_0053,5,6,3,91.0,True,0.15224191866527634,0.39291571006887505,0.3865546218487395,0.39974937343358397,0.391557051085959,0.3847539015606242,0.1798671435871231,True
PatientID_0055,4,5,4,64.0,True,0.7498197548666186,0.7138421310671679,0.7067527152526365,0.7157997717267243,0.7057898049087477,0.7050698477476064,0.7507425177061915,True
PatientID_0055,5,6,4,42.0,True,0.7385821404226313,0.802498512790006,0.806997900629811,0.801408037547668,0.8058116792400112,0.8058116792400112,0.7679603633360859,True
PatientID_0059,2,3,4,177.0,True,0.0,0.0,0.0,0.0,0.0,0.0,0.0,True
PatientID_0065,2,3,3,63.0,True,0.823247453565009,0.6717784390020599,0.6536921708185054,0.6557120500782473,0.656393076493579,0.6556609035136642,0.7813522355507089,True
PatientID_0065,3,4,3,80.0,True,0.5373293515358362,0.693605533996963,0.7078373015873016,0.7034689793195463,0.7045586166956234,0.7074604620352737,0.5951054516514127,True
PatientID_0065,4,5,3,127.0,True,0.8029472241261137,0.5187568049094329,0.4966595593461265,0.4949943332074046,0.4988577955454026,0.4994996426018585,0.7285815102328864,True
PatientID_0066,2,3,1,108.0,True,0.0,0.0,0.0,0.0,0.0,0.0,0.0,True
PatientID_0066,3,5,1,170.0,True,0.0,0.0,0.0,0.0,0.0,0.0,0.0,True
PatientID_0068,2,3,1,21.0,True,0.0992108229988726,0.0990990990990991,0.0992108229988726,0.0992108229988726,0.0992108229988726,0.0992108229988726,0.1018826135105204,True
PatientID_0068,3,4,1,48.0,True,0.6111111111111112,0.5710491367861886,0.5583126550868487,0.5456821026282853,0.5593536357986327,0.5584577114427861,0.5941807044410413,True
PatientID_0068,4,5,1,189.0,True,0.5250412768299395,0.3735942748649043,0.3174174542776482,0.3422917502339885,0.29775474956822107,0.31514707677285486,0.6620026235242676,True
PatientID_0069,3,4,3,50.0,True,0.690537084398977,0.49709302325581395,0.5123010130246021,0.4814305364511692,0.5093525179856115,0.5145348837209303,0.665083135391924,True
PatientID_0069,4,5,3,102.0,True,0.30985915492957744,0.05834683954619125,0.05491990846681922,0.061381074168797956,0.05349182763744428,0.05401350337584396,0.2631578947368421,True
PatientID_0069,5,6,3,142.0,True,0.3333333333333333,0.03715670436187399,0.032944406314344546,0.03397683397683398,0.032520325203252036,0.03314917127071823,0.5263157894736842,True
PatientID_0070,2,3,0,102.0,True,0.5975699558173785,0.3551157580283794,0.33153215966533034,0.3435693641618497,0.3334794424476199,0.32903728051206643,0.5578996718237225,True
PatientID_0070,3,4,0,146.0,True,0.45749067347339484,0.4814007907689825,0.43687756297598124,0.443786521231009,0.4471375464684015,0.4379403006754303,0.5305914343983684,True
PatientID_0072,2,3,3,86.0,True,0.005555555555555556,0.04708798017348203,0.04317958783120707,0.0525164113785558,0.03608736942070275,0.04121687929342493,0.010752688172043,True
PatientID_0073,2,3,0,55.0,True,0.6226937269372693,0.5350147571773545,0.5523545706371191,0.554715924993003,0.5533333333333333,0.5524126455906821,0.6443298969072165,True
PatientID_0073,3,4,0,42.0,True,0.15638727815849587,0.20248779719729176,0.20276497695852536,0.1968831970374942,0.20267459138187222,0.20267459138187222,0.1614071391619244,True
PatientID_0074,2,3,4,83.0,True,0.0,0.0,0.0,0.0,0.0,0.0,0.0,True
PatientID_0074,3,4,4,146.0,True,0.0,0.0,0.0,0.0,0.0,0.0,0.0,True
PatientID_0074,4,5,4,240.0,True,0.0,0.0019045970045883473,0.0013188657754331274,0.001459660297239915,0.001301544104596817,0.001298241472913962,0.0,True
PatientID_0074,5,6,4,103.0,True,0.0,0.0,0.0,0.0,0.0,0.0,0.0,True
PatientID_0078,2,3,1,166.0,True,0.2634289919058131,0.14412053717654766,0.1309913664781185,0.14730498828255775,0.1280807296720357,0.12883076322467304,0.2500585343011004,True
PatientID_0079,3,4,0,51.0,True,0.2810945273631841,0.2782534246575342,0.2680456798103857,0.25751438925602216,0.27020038784744665,0.26899827288428324,0.3098751418842225,True
PatientID_0079,4,5,0,54.0,True,0.26776470588235296,0.44258639910813824,0.4582948030331052,0.4655713494554181,0.460713625439083,0.4553207267334075,0.3029330889092576,True
PatientID_0079,5,6,0,219.0,True,0.4758214738097012,0.7091168672241485,0.7193982220196034,0.7413922897103689,0.7232486528098537,0.7140516025763177,0.644792790505807,True
PatientID_0083,2,3,2,38.0,True,0.6064745253380686,0.6031708471367724,0.6152009550338241,0.6133403499539535,0.6122614697523345,0.6152416356877324,0.6209499024072869,True
PatientID_0083,3,4,2,80.0,True,0.3768968356663922,0.4430946291560102,0.4610360956667549,0.4545051829538407,0.4593058833814145,0.4616730836541827,0.4381877022653722,True
PatientID_0083,4,5,2,14.0,True,0.3582825645488831,0.3582825645488831,0.3582825645488831,0.3582825645488831,0.3582825645488831,0.3582825645488831,0.3592356687898089,True
PatientID_0083,5,6,2,18.0,True,0.4649532710280374,0.4649532710280374,0.4649532710280374,0.4649532710280374,0.4649532710280374,0.4649532710280374,0.4652619589977221,True
PatientID_0084,2,3,2,91.0,True,0.2751937984496124,0.1950250475038867,0.21509506433647013,0.21426519865964577,0.21550312951372172,0.21542604346989805,0.2495135630078974,True
PatientID_0084,3,4,2,89.0,True,0.2360497792051385,0.3524904214559387,0.34361599114676994,0.3307486254053292,0.3434175991159,0.34382767191383595,0.2572298325722983,True
PatientID_0084,4,5,2,95.0,True,0.1276595744680851,0.11976819059884096,0.11996946231868252,0.11994698475811796,0.12044756472136903,0.12033694344163658,0.1515865820489574,True
PatientID_0084,5,6,2,91.0,True,0.35372636262513907,0.16502373128879153,0.2005323868677906,0.20759030635573844,0.2005323868677906,0.2005323868677906,0.3007518796992481,True
PatientID_0085,2,3,2,61.0,True,0.24295010845986983,0.16666666666666666,0.20353982300884957,0.1989071038251366,0.20335195530726258,0.20467185761957732,0.2373540856031128,True
PatientID_0085,3,4,2,133.0,True,0.028169014084507043,0.06531332744924978,0.08851540616246499,0.08621667612024958,0.09911054637865312,0.09111617312072894,0.0247524752475247,True
PatientID_0087,2,3,1,51.0,True,0.1751412429378531,0.1739514348785872,0.182053494391717,0.1782006920415225,0.1822871883061049,0.18236819360414866,0.1659548505186089,True
PatientID_0089,2,3,3,91.0,True,0.3674729799279465,0.1628408867961546,0.1519311733479773,0.16072811773818746,0.1502262443438914,0.15079941860465115,0.3320561941251596,True
PatientID_0089,3,4,3,77.0,True,0.0,0.0,0.0,0.0,0.0,0.0,0.0,True
PatientID_0089,5,6,3,99.0,True,0.04914004914004914,0.050055207949944794,0.05671077504725898,0.060878588723625046,0.055145880089772364,0.05550416281221091,0.0398803589232303,True
PatientID_0093,2,3,3,57.0,True,0.7402784445511282,0.7283879624305156,0.7015569311573814,0.7021604938271605,0.7017477203647416,0.7023386342376052,0.7297900848593122,True
PatientID_0093,3,4,3,36.0,True,0.2927040860588184,0.3238189790684206,0.3273054578185091,0.3236069897790966,0.3173044925124792,0.32861467964978314,0.28921819110884,True
PatientID_0094,2,3,4,43.0,True,0.4276729559748428,0.42298084929225643,0.4069514844315713,0.422360248447205,0.40895953757225434,0.40895953757225434,0.4444444444444444,True
PatientID_0094,3,4,4,37.0,True,0.5487256371814093,0.45942571785268416,0.4623115577889447,0.44768856447688565,0.45885286783042395,0.4623115577889447,0.5273775216138329,True
PatientID_0094,4,5,4,47.0,True,0.2161290322580645,0.2752808988764045,0.293888166449935,0.2975641869651086,0.293888166449935,0.293888166449935,0.235759493670886,True
PatientID_0094,5,6,4,254.0,True,0.2194884287454324,0.6014479472140762,0.5530148913662625,0.5626189240615811,0.5536814790788194,0.5491826437941473,0.3317751681678257,True
PatientID_0095,3,4,1,110.0,True,0.15071283095723015,0.073658789028808,0.07007544006705783,0.07118040843996272,0.06992652647580441,0.06927205635692721,0.1185758015144192,True
PatientID_0095,4,6,1,121.0,True,0.4410686223153483,0.41592760180995475,0.38113089659481414,0.3857071297378527,0.3800342092987094,0.3820189765126769,0.4995331465919701,True
PatientID_0097,2,3,3,42.0,True,0.5954478707782672,0.6129959746981024,0.5793611793611794,0.5920672445495141,0.5782896348934085,0.5787150564001962,0.6082725060827251,True
PatientID_0097,3,4,3,58.0,True,0.5880406523280548,0.6878876918054195,0.6777169663799844,0.6686661404893449,0.6718458669981355,0.6771061697463201,0.6027827648114902,True
PatientID_0097,4,5,3,21.0,True,0.4954226101767085,0.5003179987280051,0.4955300127713921,0.49750292211242164,0.4954772799829733,0.4955300127713921,0.5159128978224455,True
PatientID_0097,5,6,3,36.0,True,0.31996301005664085,0.3013126491646778,0.29246935201401053,0.2915293661562318,0.2957453138946742,0.29404878048780486,0.3009687836383208,True
PatientID_0103,2,3,2,44.0,True,0.4045881126173097,0.5633323887786909,0.5219976218787158,0.5351131746952988,0.5284552845528455,0.5170876671619614,0.4586971121558093,True
PatientID_0103,4,5,2,115.0,True,0.017921146953405017,0.12485811577752554,0.1652767247915087,0.15064102564102563,0.16408668730650156,0.16403310759969902,0.0238500851788756,True
PatientID_0103,5,6,2,73.0,True,0.29442282749675747,0.4056603773584906,0.3706930693069307,0.3758182518290335,0.36569037656903763,0.3471882640586797,0.3270055113288426,True
PatientID_0105,2,3,4,101.0,True,0.25806451612903225,0.14210526315789473,0.12413793103448276,0.12410501193317422,0.12244897959183673,0.1232876712328767,0.2318840579710145,True
PatientID_0105,3,4,4,98.0,True,0.06352941176470588,0.3391472868217054,0.4059040590405904,0.3935666982024598,0.4095940959409594,0.4095940959409594,0.0748538011695906,True
PatientID_0105,4,5,4,95.0,True,0.5110278818143986,0.6299840510366826,0.6259881422924901,0.6258973677213507,0.6223964714530752,0.6242603550295858,0.5860719874804382,True
PatientID_0105,5,6,4,32.0,True,0.3747756371903793,0.44177533745138414,0.4227246376811594,0.42009980271556224,0.42358938709303673,0.42222479990720335,0.3923796000473317,True
PatientID_0109,2,3,4,46.0,True,0.7720095693779905,0.7853212811947338,0.7645652683384111,0.7499883758776212,0.7654553147477786,0.7647500234499578,0.7486495805079876,True
PatientID_0109,3,4,4,23.0,True,0.586143121354389,0.5931587638594008,0.5922499646009345,0.5927601809954751,0.5875219100857454,0.5921170639603494,0.6101868679808006,True
PatientID_0113,2,3,2,65.0,True,0.5590200445434298,0.5371586588316626,0.5619238476953908,0.5563018569735283,0.5622747296756108,0.5629510825982358,0.595116988809766,True
PatientID_0117,2,3,1,42.0,True,0.5206143896523848,0.5617906683480454,0.5647249190938511,0.5633720930232559,0.5628356605800214,0.5638269282450954,0.5481313703284258,True
PatientID_0118,2,3,2,99.0,True,0.2040243331773514,0.13270986417279002,0.14609315347416646,0.14659149154279857,0.1483971044467425,0.14710404920553563,0.200228397411496,True
PatientID_0121,2,3,1,43.0,True,0.2595078299776286,0.3275039745627981,0.31266149870801035,0.3342696629213483,0.31266149870801035,0.31266149870801035,0.3451143451143451,True
PatientID_0132,2,3,2,65.0,True,0.7504835589941973,0.6929269695227142,0.742294248490626,0.7483464566929133,0.7425301970756516,0.742294248490626,0.7351467430207588,True
PatientID_0135,2,3,3,65.0,True,0.3491401771756123,0.6155778894472361,0.6731974921630094,0.6354621182070607,0.6551585708550783,0.673469387755102,0.3949494949494949,True
PatientID_0136,2,3,2,21.0,True,0.675433353257621,0.675433353257621,0.675433353257621,0.675433353257621,0.675433353257621,0.675433353257621,0.6894205958245367,True
PatientID_0138,2,3,3,58.0,True,0.4444444444444444,0.6208588957055214,0.6137313432835821,0.6047648136835675,0.6146627565982404,0.6156604901374776,0.4858870967741935,True
PatientID_0140,2,3,1,101.0,True,0.047619047619047616,0.007662835249042145,0.006051437216338881,0.006568144499178982,0.005856515373352855,0.006060606060606061,0.0341880341880341,True
PatientID_0147,2,3,0,124.0,True,0.14594949163660217,0.22361838278068644,0.21400222257501192,0.20968884529453435,0.2182806008309364,0.21478854602233632,0.1548545678000819,True
PatientID_0149,2,3,2,72.0,True,0.6997628458498024,0.49765258215962443,0.584648238225175,0.5910677741663657,0.5882212399952216,0.5828706438275251,0.6553543419364039,True
PatientID_0149,3,4,2,63.0,True,0.259923551896501,0.3960489924930857,0.35677238330073974,0.3603710954123755,0.3531018004949228,0.35702142128527714,0.2901379375058647,True
PatientID_0150,2,3,1,42.0,True,0.5026178010471204,0.44106463878326996,0.43450479233226835,0.41911764705882354,0.43450479233226835,0.43450479233226835,0.4660194174757281,True
PatientID_0150,3,4,1,93.0,True,0.5760869565217391,0.22835633626097868,0.20155038759689922,0.2161520190023753,0.20244716351501668,0.20199778024417314,0.4954128440366973,True
PatientID_0150,4,6,1,215.0,True,0.3851851851851852,0.015037593984962405,0.010731852735131912,0.013468013468013467,0.010661928031985785,0.010597586105387106,0.2918454935622318,True
PatientID_0152,2,3,2,98.0,True,0.017126546146527116,0.0686055182699478,0.06672091131000814,0.06907894736842106,0.06398687448728466,0.0653061224489796,0.0169811320754716,True
PatientID_0157,2,3,2,26.0,True,0.7420300476364969,0.7414455626715462,0.7420300476364969,0.7420300476364969,0.7420300476364969,0.7420300476364969,0.7150405072208524,True
PatientID_0157,3,4,2,62.0,True,0.7009113504556752,0.5944635279854517,0.6391246092005359,0.6385247722728282,0.6419753086419753,0.6379848417298262,0.6735620585267407,True
PatientID_0157,4,5,2,98.0,True,0.3015228426395939,0.20009013068949977,0.2167352537722908,0.2161547212741752,0.22385114180998025,0.21564367191743616,0.2798319327731092,True
PatientID_0157,5,6,2,84.0,True,0.3513909224011713,0.2583790371724558,0.28815977175463625,0.2869628550619082,0.29133284777858703,0.28794326241134754,0.3388535031847133,True
PatientID_0159,2,3,1,98.0,True,0.11125158027812895,0.03134796238244514,0.02965758964680507,0.0320793234179061,0.028962611901000527,0.02927088877062267,0.0851063829787234,True
PatientID_0159,3,4,1,91.0,True,0.07547169811320754,0.0975609756097561,0.1222707423580786,0.10599078341013825,0.12446351931330472,0.125,0.1428571428571428,True
PatientID_0162,2,3,2,56.0,True,0.24417731029301276,0.24274621986105435,0.2458503728650469,0.25124053277618175,0.2458503728650469,0.2458503728650469,0.2838665759019741,True
PatientID_0162,3,4,2,56.0,True,0.6110444177671068,0.6176357335386985,0.6597671410090556,0.6663573085846868,0.6597671410090556,0.6597671410090556,0.5910112359550562,True
PatientID_0162,4,5,2,84.0,True,0.6232196806214934,0.6376459143968871,0.69084726551431,0.6781140861466822,0.6960979777841071,0.6894990093405038,0.647876141325923,True
PatientID_0162,5,6,2,56.0,True,0.7212213740458016,0.6969567081011573,0.74146110056926,0.7528117970507373,0.74146110056926,0.74146110056926,0.7319173363949484,True
PatientID_0164,2,3,1,55.0,True,0.5821802227472157,0.7056313993174061,0.7223230490018149,0.7195618592894256,0.7228109313998885,0.7229588276343336,0.6266244057052298,True
PatientID_0164,3,4,1,63.0,True,0.8103175568803991,0.7616981132075472,0.7590930124942157,0.7611131864026895,0.7604301872798072,0.759278111985192,0.813677447457258,True
PatientID_0164,4,5,1,17.0,True,0.8127215849843588,0.8127215849843588,0.8127215849843588,0.8127215849843588,0.8127215849843588,0.8127215849843588,0.8360272440784792,True
PatientID_0169,2,3,2,41.0,True,0.8197489539748954,0.7638176220495528,0.8115710404347132,0.8063141278610891,0.8115107913669065,0.8112513984337542,0.7984802912775052,True
PatientID_0169,3,4,2,25.0,True,0.883844241922121,0.885175380542687,0.883844241922121,0.883844241922121,0.883844241922121,0.883844241922121,0.8794714792136642,True
PatientID_0171,2,3,0,74.0,True,0.7196752153678582,0.7030256977065488,0.7044169910306313,0.694926406926407,0.7096993837878324,0.7065835816851802,0.7441902935670913,True
PatientID_0186,2,3,0,101.0,True,0.043225270157938485,0.04331718438301511,0.043248679909479504,0.0425531914893617,0.04271169605165135,0.04331402669352808,0.0424966799468791,False
PatientID_0186,3,4,0,84.0,True,0.19130434782608696,0.09069212410501193,0.07293666026871401,0.07539682539682539,0.07183364839319471,0.07183364839319471,0.1925925925925926,False
PatientID_0186,4,5,0,132.0,True,0.16666666666666666,0.04819277108433735,0.03677221654749745,0.04316546762589928,0.03592814371257485,0.037267080745341616,0.1682242990654205,False
PatientID_0186,5,6,0,154.0,True,0.0,0.001448225923244026,0.0011123470522803114,0.0013596193065941536,0.0010857763300760044,0.0011086474501108647,0.0204081632653061,False
PatientID_0189,2,3,1,24.0,True,0.0603448275862069,0.0603448275862069,0.0603448275862069,0.060085836909871244,0.0603448275862069,0.0603448275862069,0.0600858369098712,False
PatientID_0189,3,4,1,144.0,True,0.24,0.2395118230358505,0.209472981987992,0.21130551816958276,0.20975283901135605,0.21187584345479082,0.3252336448598131,False
PatientID_0189,4,5,1,80.0,True,0.33076923076923076,0.19393939393939394,0.16473616473616473,0.16886543535620052,0.16452442159383032,0.16666666666666666,0.3018867924528302,False
PatientID_0189,5,6,1,102.0,True,0.3305785123966942,0.2383107088989442,0.21394230769230768,0.21388888888888888,0.21628189550425272,0.21241050119331742,0.3663003663003663,False
PatientID_0191,3,4,0,133.0,True,0.17408506429277942,0.24347376583096408,0.20831583368332635,0.20630372492836677,0.2142099681866384,0.2134236713952996,0.1998199819981998,False
PatientID_0198,2,3,3,76.0,True,0.24475524475524477,0.46693017127799735,0.48713375796178343,0.4910807974816369,0.49428498856997716,0.4872579001019368,0.2939991945227547,False
PatientID_0198,3,4,3,51.0,True,0.4720992028343667,0.41914191419141916,0.4078597981943707,0.406266318537859,0.40772078265468004,0.4080980287693127,0.4637326813365933,False
PatientID_0199,2,3,1,35.0,True,0.23232323232323232,0.23376623376623376,0.23893805309734514,0.24034334763948498,0.23893805309734514,0.23893805309734514,0.2403846153846154,False
PatientID_0201,2,3,4,31.0,True,0.36470588235294116,0.37554585152838427,0.387434554973822,0.35406698564593303,0.3867403314917127,0.4,0.3771428571428571,False
PatientID_0201,3,4,4,130.0,True,0.07874015748031496,0.020289855072463767,0.021041557075223566,0.03143893591293833,0.021739130434782608,0.019853709508881923,0.0662251655629139,False
PatientID_0201,4,5,4,49.0,True,0.4888888888888889,0.4647887323943662,0.38095238095238093,0.35978835978835977,0.38095238095238093,0.38095238095238093,0.4731182795698925,False
PatientID_0201,5,6,4,95.0,True,0.0,0.020618556701030927,0.027874564459930314,0.024778761061946902,0.026578073089700997,0.02857142857142857,0.0,False
PatientID_0204,2,3,2,56.0,True,0.07858942065491184,0.049217002237136466,0.0574600065295462,0.06333030027297543,0.0574600065295462,0.0574600065295462,0.0738121546961326,False
PatientID_0204,3,4,2,91.0,True,0.02320185614849188,0.031216743526073076,0.037535699714402286,0.04482758620689655,0.037383177570093455,0.037383177570093455,0.0260180995475113,False
PatientID_0204,4,5,2,61.0,True,0.36799030009093664,0.4041025641025641,0.3977849561605907,0.4042402826855124,0.39769319492502886,0.3977849561605907,0.3687623343670708,False
PatientID_0204,5,6,2,52.0,True,0.2476038338658147,0.22584973166368516,0.24040660736975858,0.246234067207416,0.24015845506313444,0.24069478908188585,0.2553812477198103,False
PatientID_0205,2,3,4,83.0,True,0.3964378052283826,0.4589266155531216,0.4338477544650598,0.4238046095631235,0.4413960757075881,0.4363446110917335,0.432258064516129,False
PatientID_0205,3,4,4,105.0,True,0.06592386258124419,0.036509245083029086,0.034640741982344396,0.0346989030669353,0.034613666815542656,0.03480799461037503,0.0918645387310237,False
PatientID_0205,4,5,4,56.0,True,0.1578641903656413,0.3342830009496676,0.3387096774193548,0.33425925925925926,0.341670599339311,0.3377862595419847,0.1690626797009775,False
PatientID_0207,2,3,3,64.0,True,0.011111111111111112,0.01265322261763543,0.011395320644926658,0.01120099564405725,0.012160317657277578,0.011416079669662375,0.0157232704402515,False
PatientID_0207,3,4,3,98.0,True,0.21505376344086022,0.32711306256860595,0.2849264705882353,0.26991565135895035,0.2828828828828829,0.2830365510777882,0.204778156996587,False
PatientID_0207,4,5,3,91.0,True,0.24242424242424243,0.0472972972972973,0.0421179302045728,0.042682926829268296,0.04224502112251056,0.0425531914893617,0.1969230769230769,False
PatientID_0207,5,6,3,111.0,True,0.5,0.11549295774647887,0.09462365591397849,0.1005586592178771,0.09398907103825137,0.09327548806941431,0.44,False
PatientID_0209,2,3,3,84.0,True,0.7810834813499112,0.5107025938050869,0.47097073850441246,0.48485574045253205,0.469920018546424,0.469553137300301,0.7515673981191222,False
PatientID_0209,3,4,3,49.0,True,0.6596472755988418,0.6675073560319462,0.6558298213927353,0.6489084718606049,0.6558493589743589,0.6559420872712648,0.663393076356494,False
PatientID_0209,4,5,3,14.0,True,0.6179554390563565,0.6179554390563565,0.6179554390563565,0.6179554390563565,0.6179554390563565,0.6179554390563565,0.6082771896053898,False
PatientID_0209,5,6,3,63.0,True,0.3899546564352982,0.47543713572023316,0.48052204864544196,0.4701293368918087,0.4804863698764464,0.48245959795033505,0.3789201422567086,False
PatientID_0210,2,3,4,22.0,True,0.6901217861975643,0.6899955136832661,0.692722371967655,0.6920663379650381,0.6906798739306619,0.694207453973956,0.6910533274570295,False
PatientID_0210,3,4,4,83.0,True,0.3935212957408518,0.4274322169059011,0.37251561612720047,0.37450921171851403,0.3742824339839265,0.36999435984207557,0.422674738580077,False
PatientID_0210,4,6,4,242.0,True,0.36704119850187267,0.2366732266621032,0.18332449628844114,0.19125985340893376,0.18543845534995979,0.18041875937642685,0.4405043341213554,False
PatientID_0211,2,3,3,20.0,True,0.13150684931506848,0.13150684931506848,0.13150684931506848,0.13114754098360656,0.13150684931506848,0.13150684931506848,0.1259842519685039,False
PatientID_0212,2,3,0,51.0,True,0.8661282086988813,0.8410410114612575,0.8393045533189856,0.8350052465897166,0.8402011749292084,0.8400954653937948,0.8535548433514292,False
PatientID_0213,2,3,3,45.0,True,0.030574198359433258,0.05362700502753172,0.05209017290435544,0.057928118393234675,0.052330694810905895,0.05213581599123768,0.0616949152542372,False
PatientID_0213,3,4,3,51.0,True,0.3247422680412371,0.33081674673987643,0.3243626062322946,0.3160878809355067,0.3243616287094548,0.3220338983050847,0.3985849056603773,False
PatientID_0213,4,5,3,119.0,True,0.600375234521576,0.25,0.23597506678539626,0.2397105382180009,0.22698072805139186,0.23650156180276663,0.6136724960254372,False
PatientID_0214,2,3,1,15.0,True,0.10341643582640812,0.10341643582640812,0.10341643582640812,0.10341643582640812,0.10341643582640812,0.10341643582640812,0.1039080459770114,False
PatientID_0214,3,4,1,98.0,True,0.07489198271723475,0.03754899938106045,0.03430725730442978,0.03500673206385843,0.034411041784836456,0.034346103038309116,0.0606906173700732,False
PatientID_0214,4,5,1,91.0,True,0.0,0.0,0.0,0.0,0.0,0.0,0.0,False
PatientID_0214,5,6,1,99.0,True,0.0,0.0,0.0,0.0,0.0,0.0,0.0,False
PatientID_0215,2,3,2,56.0,True,0.5546218487394958,0.2840454964648017,0.36015625,0.39026510212950893,0.3598750975800156,0.3598750975800156,0.5223463687150838,False
PatientID_0215,3,4,2,22.0,True,0.13488372093023257,0.1345707656612529,0.13488372093023257,0.13488372093023257,0.13488372093023257,0.13488372093023257,0.1489841986455982,False
PatientID_0215,4,5,2,48.0,True,0.5910064239828694,0.5900990099009901,0.6386020651310564,0.6114942528735632,0.6473988439306358,0.646964856230032,0.5879959308240081,False
PatientID_0215,5,6,2,56.0,True,0.36893203883495146,0.3202122954444936,0.3773161145423919,0.39260675589547483,0.3773161145423919,0.3773161145423919,0.4035785288270377,False
PatientID_0238,3,6,3,202.0,True,0.43186484425412097,0.37233176838810644,0.3751029532886222,0.38298245101760736,0.37581212374083567,0.37224513847967,0.4377729720561421,True
PatientID_0239,3,6,4,287.0,True,0.0,0.004280363830925628,0.003674219228413962,0.004797933198007013,0.00256986829424992,0.003552397868561279,0.0,True
PatientID_0250,2,3,3,14.0,True,0.07577497129735936,0.07577497129735936,0.07577497129735936,0.07577497129735936,0.07577497129735936,0.07577497129735936,0.0733740967204002,True
PatientID_0251,2,3,0,21.0,True,0.22306717363751585,0.22629582806573956,0.22306717363751585,0.22306717363751585,0.22306717363751585,0.22306717363751585,0.2332288401253918,True
PatientID_0252,2,3,1,55.0,True,0.12900096993210475,0.1708981708981709,0.168377253814147,0.16428868264302535,0.17077904075408928,0.1697406739703231,0.1409104986063797,True
PatientID_0254,2,3,0,44.0,True,0.45141451414514144,0.5835721107927412,0.5618345618345618,0.5647668393782384,0.5595727198027938,0.5602953240360952,0.4949911608721273,True
PatientID_0256,2,3,4,76.0,True,0.5298372513562387,0.6013878180416345,0.5827748821047406,0.5800666154240328,0.5813320128744739,0.5846153846153846,0.5642553191489361,False
PatientID_0256,3,4,4,51.0,True,0.16674840608141245,0.20210240759579517,0.20437956204379562,0.2033898305084746,0.2108054358634405,0.2058432934926959,0.1897269782508098,False
PatientID_0256,4,5,4,23.0,True,0.14385532264693793,0.14735980352026198,0.14385532264693793,0.1437371663244353,0.14461791290057519,0.14385532264693793,0.1467964314679643,False
PatientID_0270,3,6,3,133.0,True,0.6505576208178439,0.23127035830618892,0.17053642914331466,0.17899159663865546,0.17735220649458786,0.17205169628432956,0.5688350983358548,False
PatientID_0272,3,6,1,168.0,True,0.3560500695410292,0.12416469066609183,0.11171450737005431,0.11707317073170732,0.10537870472008781,0.1123025930980698,0.396551724137931,True
