patient_id,tp_in,tp_out,day_in,day_out,dt_days,core_vox_in,core_vox_out,has_prior_scan,input_core_nonempty,in_primary
PatientID_0003,1,2,90.0,146.0,56.0,40289,40061,False,True,True
PatientID_0003,2,5,146.0,286.0,140.0,40061,46462,True,True,True
PatientID_0005,3,4,133.0,176.0,43.0,45726,38122,False,True,True
PatientID_0006,2,4,175.0,217.0,42.0,2594,962,False,True,True
PatientID_0006,4,5,217.0,259.0,42.0,962,7634,True,True,True
PatientID_0006,5,6,259.0,450.0,191.0,7634,19075,True,True,True
PatientID_0007,4,5,178.0,264.0,86.0,3263,4074,True,True,True
PatientID_0007,5,6,264.0,366.0,102.0,4074,641,True,True,True
PatientID_0008,4,6,181.0,294.0,113.0,7116,8690,False,True,True
PatientID_0010,1,4,84.0,217.0,133.0,4340,7636,False,True,True
PatientID_0010,4,5,217.0,259.0,42.0,7636,20607,True,True,True
PatientID_0011,1,2,92.0,162.0,70.0,14910,36057,False,True,True
PatientID_0012,2,3,99.0,176.0,77.0,99514,102446,False,True,True
PatientID_0013,1,2,70.0,168.0,98.0,19018,14668,False,True,True
PatientID_0013,2,4,168.0,253.0,85.0,14668,18226,True,True,True
PatientID_0013,4,5,253.0,308.0,55.0,18226,2833,True,True,True
PatientID_0013,5,6,308.0,311.0,3.0,2833,32279,True,True,False
PatientID_0014,1,2,84.0,126.0,42.0,116,3519,False,True,True
PatientID_0014,2,3,126.0,246.0,120.0,3519,5795,True,True,True
PatientID_0014,3,4,246.0,316.0,70.0,5795,4103,True,True,True
PatientID_0014,4,5,316.0,351.0,35.0,4103,3486,True,True,True
PatientID_0014,5,6,351.0,442.0,91.0,3486,2961,True,True,True
PatientID_0018,1,2,102.0,194.0,92.0,601,3155,False,True,True
PatientID_0018,2,4,194.0,320.0,126.0,3155,2642,True,True,True
PatientID_0018,4,5,320.0,324.0,4.0,2642,37665,True,True,False
PatientID_0018,5,6,324.0,382.0,58.0,37665,137801,True,True,True
PatientID_0019,4,5,268.0,317.0,49.0,9749,8144,False,True,True
PatientID_0019,5,6,317.0,379.0,62.0,8144,7220,True,True,True
PatientID_0020,1,2,97.0,173.0,76.0,26458,5081,False,True,True
PatientID_0020,2,3,173.0,304.0,131.0,5081,7901,True,True,True
PatientID_0020,3,4,304.0,401.0,97.0,7901,16935,True,True,True
PatientID_0021,2,3,83.0,175.0,92.0,13242,18200,False,True,True
PatientID_0021,3,4,175.0,267.0,92.0,18200,126,True,True,True
PatientID_0021,4,5,267.0,330.0,63.0,126,5862,True,True,True
PatientID_0021,5,6,330.0,456.0,126.0,5862,18182,True,True,True
PatientID_0022,1,2,95.0,147.0,52.0,21542,58460,False,True,True
PatientID_0022,2,3,147.0,156.0,9.0,58460,1954,True,True,False
PatientID_0024,2,3,92.0,215.0,123.0,23444,65647,False,True,True
PatientID_0025,1,2,99.0,213.0,114.0,46446,57564,False,True,True
PatientID_0025,2,3,213.0,291.0,78.0,57564,476,True,True,True
PatientID_0026,1,2,71.0,182.0,111.0,20902,10411,False,True,True
PatientID_0029,1,3,88.0,271.0,183.0,2772,5,False,True,True
PatientID_0029,3,4,271.0,728.0,457.0,5,0,True,True,False
PatientID_0030,1,3,191.0,509.0,318.0,0,8504,False,False,False
PatientID_0030,3,4,509.0,512.0,3.0,8504,14332,True,True,False
PatientID_0031,2,3,510.0,588.0,78.0,12927,16117,False,True,True
PatientID_0031,3,4,588.0,673.0,85.0,16117,51776,True,True,True
PatientID_0031,4,5,673.0,816.0,143.0,51776,37588,True,True,True
PatientID_0032,1,2,91.0,154.0,63.0,605,2547,False,True,True
PatientID_0032,2,3,154.0,158.0,4.0,2547,8999,True,True,False
PatientID_0032,3,4,158.0,290.0,132.0,8999,1101,True,True,True
PatientID_0032,4,5,290.0,366.0,76.0,1101,37665,True,True,True
PatientID_0032,5,6,366.0,480.0,114.0,37665,142039,True,True,True
PatientID_0033,1,2,89.0,160.0,71.0,1612,7382,False,True,True
PatientID_0033,2,3,160.0,341.0,181.0,7382,3996,True,True,True
PatientID_0033,3,4,341.0,451.0,110.0,3996,4841,True,True,True
PatientID_0033,4,5,451.0,611.0,160.0,4841,6768,True,True,True
PatientID_0034,1,2,113.0,175.0,62.0,1153,930,False,True,True
PatientID_0034,2,3,175.0,217.0,42.0,930,43,True,True,True
PatientID_0034,3,4,217.0,295.0,78.0,43,4,True,True,True
PatientID_0034,4,5,295.0,377.0,82.0,4,14,True,True,True
PatientID_0034,5,6,377.0,640.0,263.0,14,95,True,True,True
PatientID_0035,1,2,64.0,155.0,91.0,24890,9139,False,True,True
PatientID_0035,2,3,155.0,260.0,105.0,9139,21965,True,True,True
PatientID_0036,1,2,78.0,156.0,78.0,28985,52985,False,True,True
PatientID_0036,2,3,156.0,219.0,63.0,52985,64356,True,True,True
PatientID_0036,3,4,219.0,317.0,98.0,64356,1223,True,True,True
PatientID_0036,4,5,317.0,408.0,91.0,1223,24744,True,True,True
PatientID_0036,5,6,408.0,484.0,76.0,24744,33517,True,True,True
PatientID_0037,1,2,77.0,182.0,105.0,6072,4046,False,True,True
PatientID_0037,2,3,182.0,280.0,98.0,4046,4213,True,True,True
PatientID_0037,3,4,280.0,371.0,91.0,4213,12431,True,True,True
PatientID_0038,1,2,102.0,194.0,92.0,19795,20064,False,True,True
PatientID_0038,2,3,194.0,255.0,61.0,20064,43166,True,True,True
PatientID_0038,3,4,255.0,320.0,65.0,43166,125675,True,True,True
PatientID_0038,4,5,320.0,324.0,4.0,125675,48225,True,True,False
PatientID_0038,5,6,324.0,382.0,58.0,48225,133064,True,True,True
PatientID_0039,1,2,99.0,197.0,98.0,276,1141,False,True,True
PatientID_0039,2,3,197.0,259.0,62.0,1141,2413,True,True,True
PatientID_0039,3,4,259.0,351.0,92.0,2413,446,True,True,True
PatientID_0039,4,6,351.0,414.0,63.0,446,650,True,True,True
PatientID_0041,1,2,91.0,182.0,91.0,994,1703,False,True,True
PatientID_0044,1,2,21.0,86.0,65.0,0,1713,False,False,False
PatientID_0044,2,3,86.0,184.0,98.0,1713,177,True,True,True
PatientID_0044,3,4,184.0,269.0,85.0,177,2879,True,True,True
PatientID_0044,4,5,269.0,357.0,88.0,2879,19397,True,True,True
PatientID_0044,5,6,357.0,477.0,120.0,19397,2527,True,True,True
PatientID_0045,1,2,98.0,168.0,70.0,3813,17256,False,True,True
PatientID_0045,2,3,168.0,198.0,30.0,17256,6221,True,True,True
PatientID_0045,3,4,198.0,249.0,51.0,6221,5767,True,True,True
PatientID_0051,1,3,99.0,189.0,90.0,28007,22426,False,True,True
PatientID_0051,3,4,189.0,276.0,87.0,22426,15437,True,True,True
PatientID_0052,1,2,104.0,174.0,70.0,4107,13026,False,True,True
PatientID_0053,1,3,179.0,330.0,151.0,1,0,False,True,True
PatientID_0053,3,4,330.0,491.0,161.0,0,82,True,False,False
PatientID_0053,4,5,491.0,560.0,69.0,82,1166,True,True,True
PatientID_0053,5,6,560.0,651.0,91.0,1166,13598,True,True,True
PatientID_0054,1,2,98.0,175.0,77.0,37174,55539,False,True,True
PatientID_0055,1,4,93.0,275.0,182.0,33881,13430,False,True,True
PatientID_0055,4,5,275.0,339.0,64.0,13430,18166,True,True,True
PatientID_0055,5,6,339.0,381.0,42.0,18166,26975,True,True,True
PatientID_0059,1,2,46.0,1155.0,1109.0,7308,2048,False,True,False
PatientID_0059,2,3,1155.0,1332.0,177.0,2048,7074,True,True,True
PatientID_0060,1,2,8.0,11.0,3.0,34325,107588,False,True,False
PatientID_0062,1,2,8.0,11.0,3.0,34808,107588,False,True,False
PatientID_0064,1,2,56.0,140.0,84.0,42767,27728,False,True,True
PatientID_0065,1,2,62.0,76.0,14.0,2615,28898,False,True,True
PatientID_0065,2,3,76.0,139.0,63.0,28898,22853,True,True,True
PatientID_0065,3,4,139.0,219.0,80.0,22853,50157,True,True,True
PatientID_0065,4,5,219.0,346.0,127.0,50157,41085,True,True,True
PatientID_0066,1,2,44.0,107.0,63.0,334,119,False,True,True
PatientID_0066,2,3,107.0,215.0,108.0,119,166,True,True,True
PatientID_0066,3,5,215.0,385.0,170.0,166,0,True,True,True
PatientID_0066,5,6,385.0,579.0,194.0,0,0,True,False,False
PatientID_0067,1,2,100.0,203.0,103.0,3916,7190,False,True,True
PatientID_0068,1,2,13.0,90.0,77.0,2443,1684,False,True,True
PatientID_0068,2,3,90.0,111.0,21.0,1684,5082,True,True,True
PatientID_0068,3,4,111.0,159.0,48.0,5082,4126,True,True,True
PatientID_0068,4,5,159.0,348.0,189.0,4126,9929,True,True,True
PatientID_0069,2,3,125.0,176.0,51.0,2681,1527,False,True,True
PatientID_0069,3,4,176.0,226.0,50.0,1527,1364,True,True,True
PatientID_0069,4,5,226.0,328.0,102.0,1364,320,True,True,True
PatientID_0069,5,6,328.0,470.0,142.0,320,230,True,True,True
PatientID_0070,1,2,169.0,172.0,3.0,984,27540,False,True,False
PatientID_0070,2,3,172.0,274.0,102.0,27540,14782,True,True,True
PatientID_0070,3,4,274.0,420.0,146.0,14782,24440,True,True,True
PatientID_0072,1,2,44.0,147.0,103.0,14014,463,False,True,True
PatientID_0072,2,3,147.0,233.0,86.0,463,2420,True,True,True
PatientID_0073,1,2,92.0,135.0,43.0,9957,8353,False,True,True
PatientID_0073,2,3,135.0,190.0,55.0,8353,7631,True,True,True
PatientID_0073,3,4,190.0,232.0,42.0,7631,36163,True,True,True
PatientID_0074,1,2,34.0,115.0,81.0,2673,1186,False,True,True
PatientID_0074,2,3,115.0,198.0,83.0,1186,91,True,True,True
PatientID_0074,3,4,198.0,344.0,146.0,91,4211,True,True,True
PatientID_0074,4,5,344.0,584.0,240.0,4211,82,True,True,True
PatientID_0074,5,6,584.0,687.0,103.0,82,0,True,True,True
PatientID_0076,1,2,36.0,77.0,41.0,6858,94664,False,True,True
PatientID_0078,1,2,-1.0,102.0,103.0,3266,15685,False,True,True
PatientID_0078,2,3,102.0,268.0,166.0,15685,5015,True,True,True
PatientID_0079,1,2,68.0,93.0,25.0,36156,10160,False,True,True
PatientID_0079,2,3,93.0,105.0,12.0,10160,18329,True,True,False
PatientID_0079,3,4,105.0,156.0,51.0,18329,6196,True,True,True
PatientID_0079,4,5,156.0,210.0,54.0,6196,26178,True,True,True
PatientID_0079,5,6,210.0,429.0,219.0,26178,78221,True,True,True
PatientID_0080,1,2,71.0,102.0,31.0,9205,39140,False,True,True
PatientID_0082,1,2,79.0,207.0,128.0,10185,6523,False,True,True
PatientID_0083,1,2,36.0,75.0,39.0,9492,28690,False,True,True
PatientID_0083,2,3,75.0,113.0,38.0,28690,27590,True,True,True
PatientID_0083,3,4,113.0,193.0,80.0,27590,38315,True,True,True
PatientID_0083,4,5,193.0,207.0,14.0,38315,15169,True,True,True
PatientID_0083,5,6,207.0,225.0,18.0,15169,11161,True,True,True
PatientID_0084,1,2,-4.0,97.0,101.0,29463,47805,False,True,True
PatientID_0084,2,3,97.0,188.0,91.0,47805,8657,True,True,True
PatientID_0084,3,4,188.0,277.0,89.0,8657,28296,True,True,True
PatientID_0084,4,5,277.0,372.0,95.0,28296,5062,True,True,True
PatientID_0084,5,6,372.0,463.0,91.0,5062,1818,True,True,True
PatientID_0085,1,2,68.0,141.0,73.0,1418,2539,False,True,True
PatientID_0085,2,3,141.0,202.0,61.0,2539,993,True,True,True
PatientID_0085,3,4,202.0,335.0,133.0,993,1734,True,True,True
PatientID_0087,1,2,129.0,258.0,129.0,8055,9106,False,True,True
PatientID_0087,2,3,258.0,309.0,51.0,9106,1795,True,True,True
PatientID_0088,1,2,0.0,11.0,11.0,6965,8354,False,True,False
PatientID_0089,1,2,114.0,203.0,89.0,3627,11781,False,True,True
PatientID_0089,2,3,203.0,294.0,91.0,11781,3067,True,True,True
PatientID_0089,3,4,294.0,371.0,77.0,3067,0,True,True,True
PatientID_0089,4,5,371.0,469.0,98.0,0,4953,True,False,False
PatientID_0089,5,6,469.0,568.0,99.0,4953,1216,True,True,True
PatientID_0090,1,2,70.0,161.0,91.0,8703,7147,False,True,True
PatientID_0091,1,2,24.0,57.0,33.0,8195,98301,False,True,True
PatientID_0092,1,2,53.0,88.0,35.0,603,4395,False,True,True
PatientID_0093,1,2,109.0,172.0,63.0,12941,15385,False,True,True
PatientID_0093,2,3,172.0,229.0,57.0,15385,17105,True,True,True
PatientID_0093,3,4,229.0,265.0,36.0,17105,73120,True,True,True
PatientID_0094,1,2,179.0,270.0,91.0,4252,4275,False,True,True
PatientID_0094,2,3,270.0,313.0,43.0,4275,3082,True,True,True
PatientID_0094,3,4,313.0,350.0,37.0,3082,2101,True,True,True
PatientID_0094,4,5,350.0,397.0,47.0,2101,7407,True,True,True
PatientID_0094,5,6,397.0,651.0,254.0,7407,56727,True,True,True
PatientID_0095,1,2,70.0,150.0,80.0,13719,85031,False,True,True
PatientID_0095,2,3,150.0,157.0,7.0,85031,30645,True,True,False
PatientID_0095,3,4,157.0,267.0,110.0,30645,3560,True,True,True
PatientID_0095,4,6,267.0,388.0,121.0,3560,11011,True,True,True
PatientID_0097,1,2,85.0,154.0,69.0,5999,10063,False,True,True
PatientID_0097,2,3,154.0,196.0,42.0,10063,10727,True,True,True
PatientID_0097,3,4,196.0,254.0,58.0,10727,21544,True,True,True
PatientID_0097,4,5,254.0,275.0,21.0,21544,50262,True,True,True
PatientID_0097,5,6,275.0,311.0,36.0,50262,15917,True,True,True
PatientID_0099,1,2,0.0,49.0,49.0,9045,13603,False,True,True
PatientID_0103,1,2,70.0,138.0,68.0,1207,6401,False,True,True
PatientID_0103,2,3,138.0,182.0,44.0,6401,15467,True,True,True
PatientID_0103,3,4,182.0,190.0,8.0,15467,730,True,True,False
PatientID_0103,4,5,190.0,305.0,115.0,730,3563,True,True,True
PatientID_0103,5,6,305.0,378.0,73.0,3563,8224,True,True,True
PatientID_0105,1,2,82.0,173.0,91.0,497,232,False,True,True
PatientID_0105,2,3,173.0,274.0,101.0,232,194,True,True,True
PatientID_0105,3,4,274.0,372.0,98.0,194,6304,True,True,True
PatientID_0105,4,5,372.0,467.0,95.0,6304,12272,True,True,True
PatientID_0105,5,6,467.0,499.0,32.0,12272,52928,True,True,True
PatientID_0109,1,2,99.0,130.0,31.0,14527,59342,False,True,True
PatientID_0109,2,3,130.0,176.0,46.0,59342,66529,True,True,True
PatientID_0109,3,4,176.0,199.0,23.0,66529,95159,True,True,True
PatientID_0110,1,2,70.0,150.0,80.0,7546,13482,False,True,True
PatientID_0110,2,3,150.0,157.0,7.0,13482,74470,True,True,False
PatientID_0113,1,2,79.0,121.0,42.0,724,7384,False,True,True
PatientID_0113,2,3,121.0,186.0,65.0,7384,6103,True,True,True
PatientID_0114,1,2,29.0,37.0,8.0,9337,13790,False,True,False
PatientID_0116,1,2,84.0,133.0,49.0,5193,27403,False,True,True
PatientID_0117,1,2,85.0,154.0,69.0,6007,8594,False,True,True
PatientID_0117,2,3,154.0,196.0,42.0,8594,10201,True,True,True
PatientID_0118,1,2,91.0,181.0,90.0,5981,13677,False,True,True
PatientID_0118,2,3,181.0,280.0,99.0,13677,2557,True,True,True
PatientID_0121,1,2,179.0,270.0,91.0,17,1674,False,True,True
PatientID_0121,2,3,270.0,313.0,43.0,1674,1735,True,True,True
PatientID_0123,1,2,91.0,103.0,12.0,14938,47774,False,True,False
PatientID_0125,1,2,84.0,102.0,18.0,6569,52091,False,True,True
PatientID_0132,1,2,79.0,121.0,42.0,724,9304,False,True,True
PatientID_0132,2,3,121.0,186.0,65.0,9304,10523,True,True,True
PatientID_0135,1,2,64.0,117.0,53.0,746,2505,False,True,True
PatientID_0135,2,3,117.0,182.0,65.0,2505,12244,True,True,True
PatientID_0136,1,2,15.0,69.0,54.0,1118,23677,False,True,True
PatientID_0136,2,3,69.0,90.0,21.0,23677,41009,True,True,True
PatientID_0138,1,2,-29.0,39.0,68.0,6676,2531,False,True,True
PatientID_0138,2,3,39.0,97.0,58.0,2531,4461,True,True,True
PatientID_0140,1,2,464.0,573.0,109.0,1165,610,False,True,True
PatientID_0140,2,3,573.0,674.0,101.0,610,18,True,True,True
PatientID_0142,1,2,19.0,128.0,109.0,26460,32556,False,True,True
PatientID_0145,1,2,90.0,230.0,140.0,2048,21424,False,True,True
PatientID_0147,1,2,15.0,65.0,50.0,2614,27087,False,True,True
PatientID_0147,2,3,65.0,189.0,124.0,27087,19342,True,True,True
PatientID_0148,1,2,10.0,20.0,10.0,10837,4158,False,True,False
PatientID_0149,1,2,52.0,97.0,45.0,51386,27693,False,True,True
PatientID_0149,2,3,97.0,169.0,72.0,27693,21134,True,True,True
PatientID_0149,3,4,169.0,232.0,63.0,21134,58219,True,True,True
PatientID_0150,1,2,102.0,193.0,91.0,3190,797,False,True,True
PatientID_0150,2,3,193.0,235.0,42.0,797,736,True,True,True
PatientID_0150,3,4,235.0,328.0,93.0,736,710,True,True,True
PatientID_0150,4,6,328.0,543.0,215.0,710,375,True,True,True
PatientID_0151,1,2,4.0,63.0,59.0,1209,546,False,True,True
PatientID_0152,1,2,104.0,150.0,46.0,977,219,False,True,True
PatientID_0152,2,3,150.0,248.0,98.0,219,7558,True,True,True
PatientID_0156,1,2,80.0,136.0,56.0,0,0,False,False,False
PatientID_0156,2,3,136.0,220.0,84.0,0,0,True,False,False
PatientID_0157,1,2,11.0,64.0,53.0,16126,26287,False,True,True
PatientID_0157,2,3,64.0,90.0,26.0,26287,16449,True,True,True
PatientID_0157,3,4,90.0,152.0,62.0,16449,11800,True,True,True
PatientID_0157,4,5,152.0,250.0,98.0,11800,3403,True,True,True
PatientID_0157,5,6,250.0,334.0,84.0,3403,1792,True,True,True
PatientID_0159,1,2,88.0,193.0,105.0,8898,5446,False,True,True
PatientID_0159,2,3,193.0,291.0,98.0,5446,395,True,True,True
PatientID_0159,3,4,291.0,382.0,91.0,395,398,True,True,True
PatientID_0160,1,2,40.0,90.0,50.0,915,150,False,True,True
PatientID_0162,1,2,90.0,152.0,62.0,3278,14081,False,True,True
PatientID_0162,2,3,152.0,208.0,56.0,14081,5863,True,True,True
PatientID_0162,3,4,208.0,264.0,56.0,5863,6644,True,True,True
PatientID_0162,4,5,264.0,348.0,84.0,6644,10810,True,True,True
PatientID_0162,5,6,348.0,404.0,56.0,10810,14249,True,True,True
PatientID_0164,1,2,8.0,29.0,21.0,6094,14417,False,True,True
PatientID_0164,2,3,29.0,84.0,55.0,14417,31682,True,True,True
PatientID_0164,3,4,84.0,147.0,63.0,31682,32332,True,True,True
PatientID_0164,4,5,147.0,164.0,17.0,32332,42390,True,True,True
PatientID_0169,1,2,78.0,106.0,28.0,3842,25297,False,True,True
PatientID_0169,2,3,106.0,147.0,41.0,25297,21153,True,True,True
PatientID_0169,3,4,147.0,172.0,25.0,21153,25737,True,True,True
PatientID_0170,1,2,87.0,178.0,91.0,2590,4453,False,True,True
PatientID_0171,1,2,45.0,79.0,34.0,50248,68616,False,True,True
PatientID_0171,2,3,79.0,153.0,74.0,68616,88280,True,True,True
PatientID_0173,1,2,21.0,46.0,25.0,2954,4256,False,True,True
PatientID_0186,1,2,1.0,37.0,36.0,44,8310,False,True,True
PatientID_0186,2,3,37.0,138.0,101.0,8310,695,True,True,True
PatientID_0186,3,4,138.0,222.0,84.0,695,224,True,True,True
PatientID_0186,4,5,222.0,354.0,132.0,224,511,True,True,True
PatientID_0186,5,6,354.0,508.0,154.0,511,10,True,True,True
PatientID_0187,1,2,69.0,146.0,77.0,424,7057,False,True,True
PatientID_0188,1,2,19.0,45.0,26.0,7254,20779,False,True,True
PatientID_0189,1,2,323.0,505.0,182.0,47,134,False,True,True
PatientID_0189,2,3,505.0,529.0,24.0,134,1566,True,True,True
PatientID_0189,3,4,529.0,673.0,144.0,1566,1420,True,True,True
PatientID_0189,4,5,673.0,753.0,80.0,1420,570,True,True,True
PatientID_0189,5,6,753.0,855.0,102.0,570,1301,True,True,True
PatientID_0191,2,3,172.0,255.0,83.0,0,1968,False,False,False
PatientID_0191,3,4,255.0,388.0,133.0,1968,5585,True,True,True
PatientID_0192,1,2,451.0,659.0,208.0,0,0,False,False,False
PatientID_0192,2,3,659.0,981.0,322.0,0,0,True,False,False
PatientID_0195,1,2,88.0,227.0,139.0,0,0,False,False,False
PatientID_0195,2,3,227.0,303.0,76.0,0,0,True,False,False
PatientID_0196,1,2,79.0,182.0,103.0,534,0,False,True,True
PatientID_0196,2,3,182.0,436.0,254.0,0,0,True,False,False
PatientID_0197,1,2,6.0,62.0,56.0,307,0,False,True,True
PatientID_0197,2,3,62.0,147.0,85.0,0,0,True,False,False
PatientID_0198,1,2,88.0,110.0,22.0,5596,6821,False,True,True
PatientID_0198,2,3,110.0,186.0,76.0,6821,10435,True,True,True
PatientID_0198,3,4,186.0,237.0,51.0,10435,6537,True,True,True
PatientID_0199,1,2,82.0,111.0,29.0,719,627,False,True,True
PatientID_0199,2,3,111.0,146.0,35.0,627,902,True,True,True
PatientID_0201,1,2,96.0,138.0,42.0,1317,604,False,True,True
PatientID_0201,2,3,138.0,169.0,31.0,604,705,True,True,True
PatientID_0201,3,4,169.0,299.0,130.0,705,302,True,True,True
PatientID_0201,4,5,299.0,348.0,49.0,302,342,True,True,True
PatientID_0201,5,6,348.0,443.0,95.0,342,82,True,True,True
PatientID_0202,1,2,81.0,103.0,22.0,0,0,False,False,False
PatientID_0202,2,3,103.0,130.0,27.0,0,41380,True,False,False
PatientID_0204,1,2,3.0,80.0,77.0,6090,28238,False,True,True
PatientID_0204,2,3,80.0,136.0,56.0,28238,1373,True,True,True
PatientID_0204,3,4,136.0,227.0,91.0,1373,11862,True,True,True
PatientID_0204,4,5,227.0,288.0,61.0,11862,13127,True,True,True
PatientID_0204,5,6,288.0,340.0,52.0,13127,5523,True,True,True
PatientID_0205,1,2,21.0,44.0,23.0,14273,11130,False,True,True
PatientID_0205,2,3,44.0,127.0,83.0,11130,14735,True,True,True
PatientID_0205,3,4,127.0,232.0,105.0,14735,1220,True,True,True
PatientID_0205,4,5,232.0,288.0,56.0,1220,11978,True,True,True
PatientID_0207,1,2,-6.0,136.0,142.0,8961,32348,False,True,True
PatientID_0207,2,3,136.0,200.0,64.0,32348,369,True,True,True
PatientID_0207,3,4,200.0,298.0,98.0,369,1708,True,True,True
PatientID_0207,4,5,298.0,389.0,91.0,1708,271,True,True,True
PatientID_0207,5,6,389.0,500.0,111.0,271,411,True,True,True
PatientID_0208,1,2,111.0,482.0,371.0,3007,949,False,True,False
PatientID_0209,1,2,11.0,108.0,97.0,12075,18932,False,True,True
PatientID_0209,2,3,108.0,192.0,84.0,18932,15443,True,True,True
PatientID_0209,3,4,192.0,241.0,49.0,15443,13254,True,True,True
PatientID_0209,4,5,241.0,255.0,14.0,13254,9598,True,True,True
PatientID_0209,5,6,255.0,318.0,63.0,9598,11490,True,True,True
PatientID_0210,1,2,90.0,114.0,24.0,7945,9914,False,True,True
PatientID_0210,2,3,114.0,136.0,22.0,9914,7171,True,True,True
PatientID_0210,3,4,136.0,219.0,83.0,7171,5639,True,True,True
PatientID_0210,4,6,219.0,461.0,242.0,5639,10842,True,True,True
PatientID_0211,1,2,-2.0,11.0,13.0,0,2172,False,False,False
PatientID_0211,2,3,11.0,31.0,20.0,2172,476,True,True,True
PatientID_0212,1,2,-2.0,52.0,54.0,99721,169949,False,True,True
PatientID_0212,2,3,52.0,103.0,51.0,169949,169312,True,True,True
PatientID_0213,1,2,0.0,3.0,3.0,0,16335,False,False,False
PatientID_0213,2,3,3.0,48.0,45.0,16335,3893,True,True,True
PatientID_0213,3,4,48.0,99.0,51.0,3893,2075,True,True,True
PatientID_0213,4,5,99.0,218.0,119.0,2075,2028,True,True,True
PatientID_0214,1,2,24.0,120.0,96.0,21,1347,False,True,True
PatientID_0214,2,3,120.0,135.0,15.0,1347,15319,True,True,True
PatientID_0214,3,4,135.0,233.0,98.0,15319,781,True,True,True
PatientID_0214,4,5,233.0,324.0,91.0,781,52,True,True,True
PatientID_0214,5,6,324.0,423.0,99.0,52,138,True,True,True
PatientID_0215,1,2,54.0,110.0,56.0,10506,6121,False,True,True
PatientID_0215,2,3,110.0,166.0,56.0,6121,3376,True,True,True
PatientID_0215,3,4,166.0,188.0,22.0,3376,2992,True,True,True
PatientID_0215,4,5,188.0,236.0,48.0,2992,3993,True,True,True
PatientID_0215,5,6,236.0,292.0,56.0,3993,2907,True,True,True
PatientID_0235,1,3,107.0,290.0,183.0,297,1374,False,True,True
PatientID_0235,3,6,290.0,694.0,404.0,1374,83,True,True,False
PatientID_0236,1,3,105.0,231.0,126.0,6477,0,False,True,True
PatientID_0236,3,6,231.0,498.0,267.0,0,0,True,False,False
PatientID_0237,1,3,-2.0,9.0,11.0,1395,9040,False,True,False
PatientID_0238,1,3,85.0,177.0,92.0,11459,74567,False,True,True
PatientID_0238,3,6,177.0,379.0,202.0,74567,57637,True,True,True
PatientID_0239,1,3,63.0,246.0,183.0,0,174,False,False,False
PatientID_0239,3,6,246.0,533.0,287.0,174,3241,True,True,True
PatientID_0240,1,3,62.0,244.0,182.0,0,0,False,False,False
PatientID_0240,3,6,244.0,326.0,82.0,0,10380,True,False,False
PatientID_0242,1,3,105.0,350.0,245.0,9,0,False,True,True
PatientID_0242,3,6,350.0,1210.0,860.0,0,0,True,False,False
PatientID_0249,1,3,52.0,234.0,182.0,1,9306,False,True,True
PatientID_0250,1,2,104.0,174.0,70.0,2026,11844,False,True,True
PatientID_0250,2,3,174.0,188.0,14.0,11844,1574,True,True,True
PatientID_0251,1,2,13.0,90.0,77.0,1008,2408,False,True,True
PatientID_0251,2,3,90.0,111.0,21.0,2408,9706,True,True,True
PatientID_0252,1,2,92.0,135.0,43.0,14598,10333,False,True,True
PatientID_0252,2,3,135.0,190.0,55.0,10333,37363,True,True,True
PatientID_0254,1,2,70.0,138.0,68.0,314,4769,False,True,True
PatientID_0254,2,3,138.0,182.0,44.0,4769,7259,True,True,True
PatientID_0254,3,4,182.0,190.0,8.0,7259,8151,True,True,False
PatientID_0255,1,2,-58.0,-2.0,56.0,0,0,False,False,False
PatientID_0256,1,2,88.0,110.0,22.0,1966,7044,False,True,True
PatientID_0256,2,3,110.0,186.0,76.0,7044,9544,True,True,True
PatientID_0256,3,4,186.0,237.0,51.0,9544,5731,True,True,True
PatientID_0256,4,5,237.0,260.0,23.0,5731,12755,True,True,True
PatientID_0259,1,2,43.0,176.0,133.0,3421,31840,False,True,True
PatientID_0260,1,2,92.0,176.0,84.0,0,0,False,False,False
PatientID_0264,1,2,26.0,141.0,115.0,5945,0,False,True,True
PatientID_0265,1,2,155.0,526.0,371.0,6204,652,False,True,False
PatientID_0267,1,2,90.0,152.0,62.0,36115,14107,False,True,True
PatientID_0268,1,3,-20.0,20.0,40.0,0,0,False,False,False
PatientID_0268,3,6,20.0,139.0,119.0,0,0,True,False,False
PatientID_0270,1,3,97.0,293.0,196.0,319,2220,False,True,True
PatientID_0270,3,6,293.0,426.0,133.0,2220,1783,True,True,True
PatientID_0271,1,3,42.0,192.0,150.0,3831,0,False,True,True
PatientID_0271,3,6,192.0,381.0,189.0,0,0,True,False,False
PatientID_0272,1,3,89.0,208.0,119.0,7732,3224,False,True,True
PatientID_0272,3,6,208.0,376.0,168.0,3224,2175,True,True,True
PatientID_0274,1,3,87.0,232.0,145.0,2680,5278,False,True,True
PatientID_0275,1,3,104.0,236.0,132.0,11862,0,False,True,True
PatientID_0275,3,6,236.0,319.0,83.0,0,0,True,False,False
