patient_id,dataset,scan_number,day,mask_exists,core_voxels_native,volume_mm3_all_labels,rating
PatientID_0003,MU,1,90.0,True,40289,84540.0,
PatientID_0003,MU,2,146.0,True,40061,85818.0,
PatientID_0003,MU,5,286.0,True,46462,193095.0,
PatientID_0004,MU,1,67.0,True,16213,59704.0,
PatientID_0005,MU,3,133.0,True,45726,139453.0,
PatientID_0005,MU,4,176.0,True,38122,140311.0,
PatientID_0006,MU,2,175.0,True,2594,165771.0,
PatientID_0006,MU,4,217.0,True,962,83049.0,
PatientID_0006,MU,5,259.0,True,7634,97693.0,
PatientID_0006,MU,6,450.0,True,19075,119250.0,
PatientID_0007,MU,2,0.0,True,7787,48582.0,
PatientID_0007,MU,3,,True,5996,48109.0,
PatientID_0007,MU,4,178.0,True,3263,63926.0,
PatientID_0007,MU,5,264.0,True,4074,66995.0,
PatientID_0007,MU,6,366.0,True,641,68044.0,
PatientID_0008,MU,4,181.0,True,7116,87128.0,
PatientID_0008,MU,6,294.0,True,8690,31276.0,
PatientID_0009,MU,2,97.0,True,70560,165241.0,
PatientID_0010,MU,1,84.0,True,4340,166963.0,
PatientID_0010,MU,4,217.0,True,7636,97234.0,
PatientID_0010,MU,5,259.0,True,20607,120602.0,
PatientID_0011,MU,1,92.0,True,14910,231467.0,
PatientID_0011,MU,2,162.0,True,36057,248423.0,
PatientID_0012,MU,2,99.0,True,99514,257791.0,
PatientID_0012,MU,3,176.0,True,102446,241356.0,
PatientID_0013,MU,1,70.0,True,19018,43633.0,
PatientID_0013,MU,2,168.0,True,14668,56472.0,
PatientID_0013,MU,4,253.0,True,18226,81940.0,
PatientID_0013,MU,5,308.0,True,2833,75255.0,
PatientID_0013,MU,6,311.0,True,32279,117716.0,
PatientID_0014,MU,1,84.0,True,116,86804.0,
PatientID_0014,MU,2,126.0,True,3519,11941.0,
PatientID_0014,MU,3,246.0,True,5795,22862.0,
PatientID_0014,MU,4,316.0,True,4103,47010.0,
PatientID_0014,MU,5,351.0,True,3486,47366.0,
PatientID_0014,MU,6,442.0,True,2961,47779.0,
PatientID_0015,MU,1,42.0,True,2274,117574.0,
PatientID_0018,MU,1,102.0,True,601,37035.0,
PatientID_0018,MU,2,194.0,True,3155,12647.0,
PatientID_0018,MU,4,320.0,True,2642,109536.0,
PatientID_0018,MU,5,324.0,True,37665,74423.0,
PatientID_0018,MU,6,382.0,True,137801,190798.0,
PatientID_0019,MU,4,268.0,True,9749,39143.0,
PatientID_0019,MU,5,317.0,True,8144,42683.0,
PatientID_0019,MU,6,379.0,True,7220,46218.0,
PatientID_0020,MU,1,97.0,True,26458,61040.0,
PatientID_0020,MU,2,173.0,True,5081,47071.0,
PatientID_0020,MU,3,304.0,True,7901,41923.0,
PatientID_0020,MU,4,401.0,True,16935,59499.0,
PatientID_0021,MU,2,83.0,True,13242,68417.0,
PatientID_0021,MU,3,175.0,True,18200,52723.0,
PatientID_0021,MU,4,267.0,True,126,44692.0,
PatientID_0021,MU,5,330.0,True,5862,41906.0,
PatientID_0021,MU,6,456.0,True,18182,59896.0,
PatientID_0022,MU,1,95.0,True,21542,154238.0,
PatientID_0022,MU,2,147.0,True,58460,222866.0,
PatientID_0022,MU,3,156.0,True,1954,97418.0,
PatientID_0023,MU,2,100.0,True,39242,216968.0,
PatientID_0024,MU,2,92.0,True,23444,59953.0,
PatientID_0024,MU,3,215.0,True,65647,102443.0,
PatientID_0025,MU,1,99.0,True,46446,101519.0,
PatientID_0025,MU,2,213.0,True,57564,115546.0,
PatientID_0025,MU,3,291.0,True,476,35081.0,
PatientID_0026,MU,1,71.0,True,20902,137089.0,
PatientID_0026,MU,2,182.0,True,10411,92854.0,
PatientID_0027,MU,1,13.0,True,13000,71070.0,
PatientID_0029,MU,1,88.0,True,2772,16391.0,
PatientID_0029,MU,3,271.0,True,5,47704.0,
PatientID_0029,MU,4,728.0,True,0,46764.0,
PatientID_0030,MU,1,191.0,True,0,58011.0,
PatientID_0030,MU,3,509.0,True,8504,123452.0,
PatientID_0030,MU,4,512.0,True,14332,60542.0,
PatientID_0031,MU,2,510.0,True,12927,143820.0,
PatientID_0031,MU,3,588.0,True,16117,101654.0,
PatientID_0031,MU,4,673.0,True,51776,165490.0,
PatientID_0031,MU,5,816.0,True,37588,173807.0,
PatientID_0032,MU,1,91.0,True,605,37084.0,
PatientID_0032,MU,2,154.0,True,2547,12051.0,
PatientID_0032,MU,3,158.0,True,8999,121524.0,
PatientID_0032,MU,4,290.0,True,1101,107642.0,
PatientID_0032,MU,5,366.0,True,37665,74423.0,
PatientID_0032,MU,6,480.0,True,142039,190944.0,
PatientID_0033,MU,1,89.0,True,1612,55937.0,
PatientID_0033,MU,2,160.0,True,7382,35180.0,
PatientID_0033,MU,3,341.0,True,3996,37308.0,
PatientID_0033,MU,4,451.0,True,4841,23671.0,
PatientID_0033,MU,5,611.0,True,6768,31535.0,
PatientID_0034,MU,1,113.0,True,1153,31646.0,
PatientID_0034,MU,2,175.0,True,930,19646.0,
PatientID_0034,MU,3,217.0,True,43,24090.0,
PatientID_0034,MU,4,295.0,True,4,25123.0,
PatientID_0034,MU,5,377.0,True,14,31632.0,
PatientID_0034,MU,6,640.0,True,95,38098.0,
PatientID_0035,MU,1,64.0,True,24890,174956.0,
PatientID_0035,MU,2,155.0,True,9139,70058.0,
PatientID_0035,MU,3,260.0,True,21965,158804.0,
PatientID_0036,MU,1,78.0,True,28985,136331.0,
PatientID_0036,MU,2,156.0,True,52985,167752.0,
PatientID_0036,MU,3,219.0,True,64356,288690.0,
PatientID_0036,MU,4,317.0,True,1223,126578.0,
PatientID_0036,MU,5,408.0,True,24744,136905.0,
PatientID_0036,MU,6,484.0,True,33517,157783.0,
PatientID_0037,MU,1,77.0,True,6072,60937.0,
PatientID_0037,MU,2,182.0,True,4046,90226.0,
PatientID_0037,MU,3,280.0,True,4213,86800.0,
PatientID_0037,MU,4,371.0,True,12431,116012.0,
PatientID_0038,MU,1,102.0,True,19795,101395.0,
PatientID_0038,MU,2,194.0,True,20064,86675.0,
PatientID_0038,MU,3,255.0,True,43166,152305.0,
PatientID_0038,MU,4,320.0,True,125675,243051.0,
PatientID_0038,MU,5,324.0,True,48225,199616.0,
PatientID_0038,MU,6,382.0,True,133064,244924.0,
PatientID_0039,MU,1,99.0,True,276,44906.0,
PatientID_0039,MU,2,197.0,True,1141,16794.0,
PatientID_0039,MU,3,259.0,True,2413,19541.0,
PatientID_0039,MU,4,351.0,True,446,18676.0,
PatientID_0039,MU,6,414.0,True,650,26672.0,
PatientID_0040,MU,1,16.0,True,3000,201319.0,
PatientID_0041,MU,1,91.0,True,994,3985.0,
PatientID_0041,MU,2,182.0,True,1703,9666.0,
PatientID_0042,MU,1,388.0,True,35498,211636.0,
PatientID_0043,MU,1,55.0,True,43912,168567.0,
PatientID_0044,MU,1,21.0,True,0,64268.0,
PatientID_0044,MU,2,86.0,True,1713,39661.0,
PatientID_0044,MU,3,184.0,True,177,39433.0,
PatientID_0044,MU,4,269.0,True,2879,39294.0,
PatientID_0044,MU,5,357.0,True,19397,155601.0,
PatientID_0044,MU,6,477.0,True,2527,52796.0,
PatientID_0045,MU,1,98.0,True,3813,47734.0,
PatientID_0045,MU,2,168.0,True,17256,94403.0,
PatientID_0045,MU,3,198.0,True,6221,45043.0,
PatientID_0045,MU,4,249.0,True,5767,39993.0,
PatientID_0046,MU,1,25.0,True,26,152196.0,
PatientID_0047,MU,1,58.0,True,150042,376074.0,
PatientID_0049,MU,1,76.0,True,20714,66423.0,
PatientID_0051,MU,1,99.0,True,28007,92637.0,
PatientID_0051,MU,3,189.0,True,22426,52828.0,
PatientID_0051,MU,4,276.0,True,15437,146162.0,
PatientID_0052,MU,1,104.0,True,4107,124440.0,
PatientID_0052,MU,2,174.0,True,13026,73548.0,
PatientID_0053,MU,1,179.0,True,1,56865.0,
PatientID_0053,MU,3,330.0,True,0,168138.0,
PatientID_0053,MU,4,491.0,True,82,197421.0,
PatientID_0053,MU,5,560.0,True,1166,123219.0,
PatientID_0053,MU,6,651.0,True,13598,156201.0,
PatientID_0054,MU,1,98.0,True,37174,135057.0,
PatientID_0054,MU,2,175.0,True,55539,81243.0,
PatientID_0055,MU,1,93.0,True,33881,148668.0,
PatientID_0055,MU,4,275.0,True,13430,54846.0,
PatientID_0055,MU,5,339.0,True,18166,67198.0,
PatientID_0055,MU,6,381.0,True,26975,73384.0,
PatientID_0056,MU,2,188.0,True,5041,31541.0,
PatientID_0057,MU,1,9.0,True,44774,202899.0,
PatientID_0058,MU,1,41.0,True,6346,42105.0,
PatientID_0059,MU,1,46.0,True,7308,66124.0,
PatientID_0059,MU,2,1155.0,True,2048,25570.0,
PatientID_0059,MU,3,1332.0,True,7074,32736.0,
PatientID_0060,MU,1,8.0,True,34325,128652.0,
PatientID_0060,MU,2,11.0,True,107588,178728.0,
PatientID_0061,MU,2,62.0,True,9428,118597.0,
PatientID_0062,MU,1,8.0,True,34808,129746.0,
PatientID_0062,MU,2,11.0,True,107588,178728.0,
PatientID_0063,MU,1,53.0,True,63751,216062.0,
PatientID_0064,MU,1,56.0,True,42767,97840.0,
PatientID_0064,MU,2,140.0,True,27728,39431.0,
PatientID_0065,MU,1,62.0,True,2615,99363.0,
PatientID_0065,MU,2,76.0,True,28898,157111.0,
PatientID_0065,MU,3,139.0,True,22853,99906.0,
PatientID_0065,MU,4,219.0,True,50157,202553.0,
PatientID_0065,MU,5,346.0,True,41085,225886.0,
PatientID_0066,MU,1,44.0,True,334,62346.0,
PatientID_0066,MU,2,107.0,True,119,65596.0,
PatientID_0066,MU,3,215.0,True,166,12560.0,
PatientID_0066,MU,5,385.0,True,0,44929.0,
PatientID_0066,MU,6,579.0,True,0,70470.0,
PatientID_0067,MU,1,100.0,True,3916,75838.0,
PatientID_0067,MU,2,203.0,True,7190,37513.0,
PatientID_0068,MU,1,13.0,True,2443,11458.0,
PatientID_0068,MU,2,90.0,True,1684,32682.0,
PatientID_0068,MU,3,111.0,True,5082,39154.0,
PatientID_0068,MU,4,159.0,True,4126,52515.0,
PatientID_0068,MU,5,348.0,True,9929,118031.0,
PatientID_0069,MU,2,125.0,True,2681,15548.0,
PatientID_0069,MU,3,176.0,True,1527,16321.0,
PatientID_0069,MU,4,226.0,True,1364,22179.0,
PatientID_0069,MU,5,328.0,True,320,18793.0,
PatientID_0069,MU,6,470.0,True,230,20750.0,
PatientID_0070,MU,1,169.0,True,984,62437.0,
PatientID_0070,MU,2,172.0,True,27540,160655.0,
PatientID_0070,MU,3,274.0,True,14782,142701.0,
PatientID_0070,MU,4,420.0,True,24440,97532.0,
PatientID_0071,MU,1,0.0,True,56282,135428.0,
PatientID_0072,MU,1,44.0,True,14014,39463.0,
PatientID_0072,MU,2,147.0,True,463,34472.0,
PatientID_0072,MU,3,233.0,True,2420,49758.0,
PatientID_0073,MU,1,92.0,True,9957,104121.0,
PatientID_0073,MU,2,135.0,True,8353,119057.0,
PatientID_0073,MU,3,190.0,True,7631,122462.0,
PatientID_0073,MU,4,232.0,True,36163,176847.0,
PatientID_0074,MU,1,34.0,True,2673,28222.0,
PatientID_0074,MU,2,115.0,True,1186,40739.0,
PatientID_0074,MU,3,198.0,True,91,36135.0,
PatientID_0074,MU,4,344.0,True,4211,51664.0,
PatientID_0074,MU,5,584.0,True,82,44224.0,
PatientID_0074,MU,6,687.0,True,0,44209.0,
PatientID_0076,MU,1,36.0,True,6858,81731.0,
PatientID_0076,MU,2,77.0,True,94664,254885.0,
PatientID_0077,MU,1,0.0,True,5551,223922.0,
PatientID_0078,MU,1,-1.0,True,3266,86677.0,
PatientID_0078,MU,2,102.0,True,15685,141730.0,
PatientID_0078,MU,3,268.0,True,5015,186672.0,
PatientID_0079,MU,1,68.0,True,36156,209264.0,
PatientID_0079,MU,2,93.0,True,10160,181140.0,
PatientID_0079,MU,3,105.0,True,18329,162437.0,
PatientID_0079,MU,4,156.0,True,6196,83951.0,
PatientID_0079,MU,5,210.0,True,26178,222560.0,
PatientID_0079,MU,6,429.0,True,78221,217015.0,
PatientID_0080,MU,1,71.0,True,9205,38801.0,
PatientID_0080,MU,2,102.0,True,39140,145528.0,
PatientID_0081,MU,1,24.0,True,8688,56795.0,
PatientID_0081,MU,2,-965.0,True,59627,110361.0,
PatientID_0082,MU,1,79.0,True,10185,114400.0,
PatientID_0082,MU,2,207.0,True,6523,53118.0,
PatientID_0083,MU,1,36.0,True,9492,170907.0,
PatientID_0083,MU,2,75.0,True,28690,127668.0,
PatientID_0083,MU,3,113.0,True,27590,140819.0,
PatientID_0083,MU,4,193.0,True,38315,205423.0,
PatientID_0083,MU,5,207.0,True,15169,165888.0,
PatientID_0083,MU,6,225.0,True,11161,156766.0,
PatientID_0084,MU,1,-4.0,True,29463,92285.0,
PatientID_0084,MU,2,97.0,True,47805,137701.0,
PatientID_0084,MU,3,188.0,True,8657,126142.0,
PatientID_0084,MU,4,277.0,True,28296,133965.0,
PatientID_0084,MU,5,372.0,True,5062,49788.0,
PatientID_0084,MU,6,463.0,True,1818,62247.0,
PatientID_0085,MU,1,68.0,True,1418,28741.0,
PatientID_0085,MU,2,141.0,True,2539,15489.0,
PatientID_0085,MU,3,202.0,True,993,3430.0,
PatientID_0085,MU,4,335.0,True,1734,5640.0,
PatientID_0086,MU,1,0.0,True,7742,69913.0,
PatientID_0087,MU,1,129.0,True,8055,37571.0,
PatientID_0087,MU,2,258.0,True,9106,55384.0,
PatientID_0087,MU,3,309.0,True,1795,67574.0,
PatientID_0088,MU,1,0.0,True,6965,19699.0,
PatientID_0088,MU,2,11.0,True,8354,35572.0,
PatientID_0089,MU,1,114.0,True,3627,126494.0,
PatientID_0089,MU,2,203.0,True,11781,184080.0,
PatientID_0089,MU,3,294.0,True,3067,193664.0,
PatientID_0089,MU,4,371.0,True,0,222467.0,
PatientID_0089,MU,5,469.0,True,4953,232805.0,
PatientID_0089,MU,6,568.0,True,1216,240987.0,
PatientID_0090,MU,1,70.0,True,8703,82491.0,
PatientID_0090,MU,2,161.0,True,7147,182952.0,
PatientID_0091,MU,1,24.0,True,8195,227243.0,
PatientID_0091,MU,2,57.0,True,98301,157138.0,
PatientID_0092,MU,1,53.0,True,603,9114.0,
PatientID_0092,MU,2,88.0,True,4395,34153.0,
PatientID_0093,MU,1,109.0,True,12941,27198.0,
PatientID_0093,MU,2,172.0,True,15385,76424.0,
PatientID_0093,MU,3,229.0,True,17105,135415.0,
PatientID_0093,MU,4,265.0,True,73120,194035.0,
PatientID_0094,MU,1,179.0,True,4252,10036.0,
PatientID_0094,MU,2,270.0,True,4275,18008.0,
PatientID_0094,MU,3,313.0,True,3082,23460.0,
PatientID_0094,MU,4,350.0,True,2101,34046.0,
PatientID_0094,MU,5,397.0,True,7407,83279.0,
PatientID_0094,MU,6,651.0,True,56727,221304.0,
PatientID_0095,MU,1,70.0,True,13719,100889.0,
PatientID_0095,MU,2,150.0,True,85031,300963.0,
PatientID_0095,MU,3,157.0,True,30645,184454.0,
PatientID_0095,MU,4,267.0,True,3560,127166.0,
PatientID_0095,MU,6,388.0,True,11011,139242.0,
PatientID_0097,MU,1,85.0,True,5999,175573.0,
PatientID_0097,MU,2,154.0,True,10063,79211.0,
PatientID_0097,MU,3,196.0,True,10727,77310.0,
PatientID_0097,MU,4,254.0,True,21544,95513.0,
PatientID_0097,MU,5,275.0,True,50262,246317.0,
PatientID_0097,MU,6,311.0,True,15917,255644.0,
PatientID_0099,MU,1,0.0,True,9045,36416.0,
PatientID_0099,MU,2,49.0,True,13603,92842.0,
PatientID_0101,MU,1,0.0,True,10871,85933.0,
PatientID_0103,MU,1,70.0,True,1207,38404.0,
PatientID_0103,MU,2,138.0,True,6401,20829.0,
PatientID_0103,MU,3,182.0,True,15467,37291.0,
PatientID_0103,MU,4,190.0,True,730,158242.0,
PatientID_0103,MU,5,305.0,True,3563,76307.0,
PatientID_0103,MU,6,378.0,True,8224,96766.0,
PatientID_0105,MU,1,82.0,True,497,18272.0,
PatientID_0105,MU,2,173.0,True,232,10113.0,
PatientID_0105,MU,3,274.0,True,194,11756.0,
PatientID_0105,MU,4,372.0,True,6304,20237.0,
PatientID_0105,MU,5,467.0,True,12272,36460.0,
PatientID_0105,MU,6,499.0,True,52928,125028.0,
PatientID_0106,MU,2,43.0,True,5935,36903.0,
PatientID_0108,MU,1,0.0,True,20364,100990.0,
PatientID_0109,MU,1,99.0,True,14527,72434.0,
PatientID_0109,MU,2,130.0,True,59342,167200.0,
PatientID_0109,MU,3,176.0,True,66529,184247.0,
PatientID_0109,MU,4,199.0,True,95159,253875.0,
PatientID_0110,MU,1,70.0,True,7546,177705.0,
PatientID_0110,MU,2,150.0,True,13482,100090.0,
PatientID_0110,MU,3,157.0,True,74470,263280.0,
PatientID_0111,MU,1,0.0,True,28971,159648.0,
PatientID_0112,MU,1,0.0,True,8524,97099.0,
PatientID_0113,MU,1,79.0,True,724,15907.0,
PatientID_0113,MU,2,121.0,True,7384,29201.0,
PatientID_0113,MU,3,186.0,True,6103,22878.0,
PatientID_0114,MU,1,29.0,True,9337,158875.0,
PatientID_0114,MU,2,37.0,True,13790,97302.0,
PatientID_0115,MU,1,3.0,True,4325,111221.0,
PatientID_0116,MU,1,84.0,True,5193,138675.0,
PatientID_0116,MU,2,133.0,True,27403,141650.0,
PatientID_0117,MU,1,85.0,True,6007,158338.0,
PatientID_0117,MU,2,154.0,True,8594,69436.0,
PatientID_0117,MU,3,196.0,True,10201,76737.0,
PatientID_0118,MU,1,91.0,True,5981,99417.0,
PatientID_0118,MU,2,181.0,True,13677,34653.0,
PatientID_0118,MU,3,280.0,True,2557,47899.0,
PatientID_0120,MU,1,5.0,True,9464,82589.0,
PatientID_0121,MU,1,179.0,True,17,15172.0,
PatientID_0121,MU,2,270.0,True,1674,16808.0,
PatientID_0121,MU,3,313.0,True,1735,34192.0,
PatientID_0123,MU,1,91.0,True,14938,76962.0,
PatientID_0123,MU,2,103.0,True,47774,288753.0,
PatientID_0124,MU,1,100.0,True,31663,139540.0,
PatientID_0125,MU,1,84.0,True,6569,60777.0,
PatientID_0125,MU,2,102.0,True,52091,246970.0,
PatientID_0126,MU,1,3.0,True,13106,60190.0,
PatientID_0130,MU,1,4.0,True,42564,44987.0,
PatientID_0132,MU,1,79.0,True,724,15907.0,
PatientID_0132,MU,2,121.0,True,9304,29201.0,
PatientID_0132,MU,3,186.0,True,10523,43739.0,
PatientID_0133,MU,1,-11.0,True,4990,194715.0,
PatientID_0135,MU,1,64.0,True,746,9550.0,
PatientID_0135,MU,2,117.0,True,2505,14806.0,
PatientID_0135,MU,3,182.0,True,12244,93057.0,
PatientID_0136,MU,1,15.0,True,1118,38081.0,
PatientID_0136,MU,2,69.0,True,23677,65537.0,
PatientID_0136,MU,3,90.0,True,41009,148956.0,
PatientID_0138,MU,1,-29.0,True,6676,172296.0,
PatientID_0138,MU,2,39.0,True,2531,18133.0,
PatientID_0138,MU,3,97.0,True,4461,40197.0,
PatientID_0139,MU,1,5.0,True,9747,135530.0,
PatientID_0140,MU,1,464.0,True,1165,81760.0,
PatientID_0140,MU,2,573.0,True,610,25226.0,
PatientID_0140,MU,3,674.0,True,18,22556.0,
PatientID_0141,MU,1,6.0,True,42971,99307.0,
PatientID_0142,MU,1,19.0,True,26460,161130.0,
PatientID_0142,MU,2,128.0,True,32556,112146.0,
PatientID_0143,MU,1,3.0,True,10242,96001.0,
PatientID_0144,MU,1,6.0,True,9180,120739.0,
PatientID_0145,MU,1,90.0,True,2048,125079.0,
PatientID_0145,MU,2,230.0,True,21424,110183.0,
PatientID_0147,MU,1,15.0,True,2614,93328.0,
PatientID_0147,MU,2,65.0,True,27087,130259.0,
PatientID_0147,MU,3,189.0,True,19342,157661.0,
PatientID_0148,MU,1,10.0,True,10837,91375.0,
PatientID_0148,MU,2,20.0,True,4158,55059.0,
PatientID_0149,MU,1,52.0,True,51386,247376.0,
PatientID_0149,MU,2,97.0,True,27693,87010.0,
PatientID_0149,MU,3,169.0,True,21134,51818.0,
PatientID_0149,MU,4,232.0,True,58219,97619.0,
PatientID_0150,MU,1,102.0,True,3190,22867.0,
PatientID_0150,MU,2,193.0,True,797,23659.0,
PatientID_0150,MU,3,235.0,True,736,49570.0,
PatientID_0150,MU,4,328.0,True,710,54657.0,
PatientID_0150,MU,6,543.0,True,375,68368.0,
PatientID_0151,MU,1,4.0,True,1209,57452.0,
PatientID_0151,MU,2,63.0,True,546,60540.0,
PatientID_0152,MU,1,104.0,True,977,8620.0,
PatientID_0152,MU,2,150.0,True,219,9440.0,
PatientID_0152,MU,3,248.0,True,7558,47720.0,
PatientID_0155,MU,1,8.0,True,9929,50175.0,
PatientID_0156,MU,1,80.0,True,0,26953.0,
PatientID_0156,MU,2,136.0,True,0,2316.0,
PatientID_0156,MU,3,220.0,True,0,4744.0,
PatientID_0157,MU,1,11.0,True,16126,72081.0,
PatientID_0157,MU,2,64.0,True,26287,29006.0,
PatientID_0157,MU,3,90.0,True,16449,38725.0,
PatientID_0157,MU,4,152.0,True,11800,40435.0,
PatientID_0157,MU,5,250.0,True,3403,39850.0,
PatientID_0157,MU,6,334.0,True,1792,52732.0,
PatientID_0158,MU,1,69.0,True,5745,49264.0,
PatientID_0159,MU,1,88.0,True,8898,135151.0,
PatientID_0159,MU,2,193.0,True,5446,33181.0,
PatientID_0159,MU,3,291.0,True,395,8684.0,
PatientID_0159,MU,4,382.0,True,398,64208.0,
PatientID_0160,MU,1,40.0,True,915,18205.0,
PatientID_0160,MU,2,90.0,True,150,17492.0,
PatientID_0161,MU,1,142.0,True,3452,68629.0,
PatientID_0162,MU,1,90.0,True,3278,60347.0,
PatientID_0162,MU,2,152.0,True,14081,51206.0,
PatientID_0162,MU,3,208.0,True,5863,21993.0,
PatientID_0162,MU,4,264.0,True,6644,31895.0,
PatientID_0162,MU,5,348.0,True,10810,68300.0,
PatientID_0162,MU,6,404.0,True,14249,96786.0,
PatientID_0164,MU,1,8.0,True,6094,17077.0,
PatientID_0164,MU,2,29.0,True,14417,23877.0,
PatientID_0164,MU,3,84.0,True,31682,52728.0,
PatientID_0164,MU,4,147.0,True,32332,40926.0,
PatientID_0164,MU,5,164.0,True,42390,66012.0,
PatientID_0165,MU,1,5.0,True,239,30393.0,
PatientID_0168,MU,1,7.0,True,1447,50361.0,
PatientID_0169,MU,1,78.0,True,3842,29208.0,
PatientID_0169,MU,2,106.0,True,25297,137300.0,
PatientID_0169,MU,3,147.0,True,21153,87450.0,
PatientID_0169,MU,4,172.0,True,25737,141242.0,
PatientID_0170,MU,1,87.0,True,2590,20329.0,
PatientID_0170,MU,2,178.0,True,4453,23783.0,
PatientID_0171,MU,1,45.0,True,50248,207342.0,
PatientID_0171,MU,2,79.0,True,68616,256254.0,
PatientID_0171,MU,3,153.0,True,88280,271135.0,
PatientID_0173,MU,1,21.0,True,2954,69062.0,
PatientID_0173,MU,2,46.0,True,4256,10486.0,
PatientID_0174,MU,1,2.0,True,4992,71593.0,
PatientID_0186,MU,1,1.0,True,44,38457.0,
PatientID_0186,MU,2,37.0,True,8310,61323.0,
PatientID_0186,MU,3,138.0,True,695,23707.0,
PatientID_0186,MU,4,222.0,True,224,26303.0,
PatientID_0186,MU,5,354.0,True,511,60901.0,
PatientID_0186,MU,6,508.0,True,10,68455.0,
PatientID_0187,MU,1,69.0,True,424,75324.0,
PatientID_0187,MU,2,146.0,True,7057,30614.0,
PatientID_0188,MU,1,19.0,True,7254,51084.0,
PatientID_0188,MU,2,45.0,True,20779,133146.0,
PatientID_0189,MU,1,323.0,True,47,4632.0,
PatientID_0189,MU,2,505.0,True,134,6442.0,
PatientID_0189,MU,3,529.0,True,1566,6746.0,
PatientID_0189,MU,4,673.0,True,1420,7113.0,
PatientID_0189,MU,5,753.0,True,570,4216.0,
PatientID_0189,MU,6,855.0,True,1301,15015.0,
PatientID_0191,MU,2,172.0,True,0,51409.0,
PatientID_0191,MU,3,255.0,True,1968,44170.0,
PatientID_0191,MU,4,388.0,True,5585,72962.0,
PatientID_0192,MU,1,451.0,True,0,22920.0,
PatientID_0192,MU,2,659.0,True,0,20584.0,
PatientID_0192,MU,3,981.0,True,0,20569.0,
PatientID_0195,MU,1,88.0,True,0,32474.0,
PatientID_0195,MU,2,227.0,True,0,29608.0,
PatientID_0195,MU,3,303.0,True,0,18888.0,
PatientID_0196,MU,1,79.0,True,534,2444.0,
PatientID_0196,MU,2,182.0,True,0,6474.0,
PatientID_0196,MU,3,436.0,True,0,6729.0,
PatientID_0197,MU,1,6.0,True,307,870.0,
PatientID_0197,MU,2,62.0,True,0,601.0,
PatientID_0197,MU,3,147.0,True,0,305.0,
PatientID_0198,MU,1,88.0,True,5596,16578.0,
PatientID_0198,MU,2,110.0,True,6821,16519.0,
PatientID_0198,MU,3,186.0,True,10435,57488.0,
PatientID_0198,MU,4,237.0,True,6537,67327.0,
PatientID_0199,MU,1,82.0,True,719,56688.0,
PatientID_0199,MU,2,111.0,True,627,53312.0,
PatientID_0199,MU,3,146.0,True,902,39054.0,
PatientID_0200,MU,1,7.0,True,32654,95227.0,
PatientID_0201,MU,1,96.0,True,1317,42671.0,
PatientID_0201,MU,2,138.0,True,604,43680.0,
PatientID_0201,MU,3,169.0,True,705,45925.0,
PatientID_0201,MU,4,299.0,True,302,50903.0,
PatientID_0201,MU,5,348.0,True,342,60793.0,
PatientID_0201,MU,6,443.0,True,82,68797.0,
PatientID_0202,MU,1,81.0,True,0,15905.0,
PatientID_0202,MU,2,103.0,True,0,26835.0,
PatientID_0202,MU,3,130.0,True,41380,306341.0,
PatientID_0203,MU,1,4.0,True,5685,43266.0,
PatientID_0204,MU,1,3.0,True,6090,125071.0,
PatientID_0204,MU,2,80.0,True,28238,82991.0,
PatientID_0204,MU,3,136.0,True,1373,50741.0,
PatientID_0204,MU,4,227.0,True,11862,95156.0,
PatientID_0204,MU,5,288.0,True,13127,120555.0,
PatientID_0204,MU,6,340.0,True,5523,200801.0,
PatientID_0205,MU,1,21.0,True,14273,73099.0,
PatientID_0205,MU,2,44.0,True,11130,65643.0,
PatientID_0205,MU,3,127.0,True,14735,76005.0,
PatientID_0205,MU,4,232.0,True,1220,58713.0,
PatientID_0205,MU,5,288.0,True,11978,91560.0,
PatientID_0206,MU,1,4.0,True,5658,54444.0,
PatientID_0207,MU,1,-6.0,True,8961,55091.0,
PatientID_0207,MU,2,136.0,True,32348,53521.0,
PatientID_0207,MU,3,200.0,True,369,25340.0,
PatientID_0207,MU,4,298.0,True,1708,29758.0,
PatientID_0207,MU,5,389.0,True,271,27671.0,
PatientID_0207,MU,6,500.0,True,411,29946.0,
PatientID_0208,MU,1,111.0,True,3007,35007.0,
PatientID_0208,MU,2,482.0,True,949,4171.0,
PatientID_0209,MU,1,11.0,True,12075,165337.0,
PatientID_0209,MU,2,108.0,True,18932,131287.0,
PatientID_0209,MU,3,192.0,True,15443,103792.0,
PatientID_0209,MU,4,241.0,True,13254,90902.0,
PatientID_0209,MU,5,255.0,True,9598,86119.0,
PatientID_0209,MU,6,318.0,True,11490,57939.0,
PatientID_0210,MU,1,90.0,True,7945,18692.0,
PatientID_0210,MU,2,114.0,True,9914,28117.0,
PatientID_0210,MU,3,136.0,True,7171,25734.0,
PatientID_0210,MU,4,219.0,True,5639,25665.0,
PatientID_0210,MU,6,461.0,True,10842,38815.0,
PatientID_0211,MU,1,-2.0,True,0,92006.0,
PatientID_0211,MU,2,11.0,True,2172,75726.0,
PatientID_0211,MU,3,31.0,True,476,91554.0,
PatientID_0212,MU,1,-2.0,True,99721,179131.0,
PatientID_0212,MU,2,52.0,True,169949,205736.0,
PatientID_0212,MU,3,103.0,True,169312,265859.0,
PatientID_0213,MU,1,0.0,True,0,53123.0,
PatientID_0213,MU,2,3.0,True,16335,50653.0,
PatientID_0213,MU,3,48.0,True,3893,33245.0,
PatientID_0213,MU,4,99.0,True,2075,43605.0,
PatientID_0213,MU,5,218.0,True,2028,46056.0,
PatientID_0214,MU,1,24.0,True,21,78399.0,
PatientID_0214,MU,2,120.0,True,1347,43159.0,
PatientID_0214,MU,3,135.0,True,15319,60959.0,
PatientID_0214,MU,4,233.0,True,781,68997.0,
PatientID_0214,MU,5,324.0,True,52,32113.0,
PatientID_0214,MU,6,423.0,True,138,35473.0,
PatientID_0215,MU,1,54.0,True,10506,52395.0,
PatientID_0215,MU,2,110.0,True,6121,45983.0,
PatientID_0215,MU,3,166.0,True,3376,48222.0,
PatientID_0215,MU,4,188.0,True,2992,43052.0,
PatientID_0215,MU,5,236.0,True,3993,51504.0,
PatientID_0215,MU,6,292.0,True,2907,53051.0,
PatientID_0216,MU,1,149.0,True,9947,78899.0,
PatientID_0220,MU,1,192.0,True,1038,41260.0,
PatientID_0220,MU,6,,True,0,11149.0,
PatientID_0235,MU,1,107.0,True,297,197145.0,
PatientID_0235,MU,3,290.0,True,1374,194552.0,
PatientID_0235,MU,6,694.0,True,83,207726.0,
PatientID_0236,MU,1,105.0,True,6477,13749.0,
PatientID_0236,MU,3,231.0,True,0,2103.0,
PatientID_0236,MU,6,498.0,True,0,936.0,
PatientID_0237,MU,1,-2.0,True,1395,92138.0,
PatientID_0237,MU,3,9.0,True,9040,88539.0,
PatientID_0238,MU,1,85.0,True,11459,35203.0,
PatientID_0238,MU,3,177.0,True,74567,243616.0,
PatientID_0238,MU,6,379.0,True,57637,212024.0,
PatientID_0239,MU,1,63.0,True,0,13076.0,
PatientID_0239,MU,3,246.0,True,174,7241.0,
PatientID_0239,MU,6,533.0,True,3241,71980.0,
PatientID_0240,MU,1,62.0,True,0,25818.0,
PatientID_0240,MU,3,244.0,True,0,53395.0,
PatientID_0240,MU,6,326.0,True,10380,51362.0,
PatientID_0242,MU,1,105.0,True,9,12601.0,
PatientID_0242,MU,3,350.0,True,0,951.0,
PatientID_0242,MU,6,1210.0,True,0,1550.0,
PatientID_0244,MU,1,-17.0,True,0,467.0,
PatientID_0249,MU,1,52.0,True,1,87431.0,
PatientID_0249,MU,3,234.0,True,9306,38514.0,
PatientID_0250,MU,1,104.0,True,2026,112063.0,
PatientID_0250,MU,2,174.0,True,11844,48281.0,
PatientID_0250,MU,3,188.0,True,1574,29394.0,
PatientID_0251,MU,1,13.0,True,1008,29237.0,
PatientID_0251,MU,2,90.0,True,2408,49197.0,
PatientID_0251,MU,3,111.0,True,9706,115804.0,
PatientID_0252,MU,1,92.0,True,14598,108168.0,
PatientID_0252,MU,2,135.0,True,10333,109736.0,
PatientID_0252,MU,3,190.0,True,37363,159502.0,
PatientID_0254,MU,1,70.0,True,314,36681.0,
PatientID_0254,MU,2,138.0,True,4769,17370.0,
PatientID_0254,MU,3,182.0,True,7259,33012.0,
PatientID_0254,MU,4,190.0,True,8151,92632.0,
PatientID_0255,MU,1,-58.0,True,0,10089.0,
PatientID_0255,MU,2,-2.0,True,0,5256.0,
PatientID_0256,MU,1,88.0,True,1966,35122.0,
PatientID_0256,MU,2,110.0,True,7044,18682.0,
PatientID_0256,MU,3,186.0,True,9544,47643.0,
PatientID_0256,MU,4,237.0,True,5731,71282.0,
PatientID_0256,MU,5,260.0,True,12755,264819.0,
PatientID_0258,MU,1,,True,5212,42918.0,
PatientID_0259,MU,1,43.0,True,3421,29323.0,
PatientID_0259,MU,2,176.0,True,31840,118230.0,
PatientID_0260,MU,1,92.0,True,0,9087.0,
PatientID_0260,MU,2,176.0,True,0,31233.0,
PatientID_0261,MU,1,78.0,True,0,9057.0,
PatientID_0264,MU,1,26.0,True,5945,25798.0,
PatientID_0264,MU,2,141.0,True,0,48437.0,
PatientID_0265,MU,1,155.0,True,6204,105387.0,
PatientID_0265,MU,2,526.0,True,652,84688.0,
PatientID_0267,MU,1,90.0,True,36115,87760.0,
PatientID_0267,MU,2,152.0,True,14107,98037.0,
PatientID_0268,MU,1,-20.0,True,0,19512.0,
PatientID_0268,MU,3,20.0,True,0,221.0,
PatientID_0268,MU,6,139.0,True,0,231.0,
PatientID_0270,MU,1,97.0,True,319,70082.0,
PatientID_0270,MU,3,293.0,True,2220,11244.0,
PatientID_0270,MU,6,426.0,True,1783,20049.0,
PatientID_0271,MU,1,42.0,True,3831,17013.0,
PatientID_0271,MU,3,192.0,True,0,1715.0,
PatientID_0271,MU,6,381.0,True,0,713.0,
PatientID_0272,MU,1,89.0,True,7732,42646.0,
PatientID_0272,MU,3,208.0,True,3224,13279.0,
PatientID_0272,MU,6,376.0,True,2175,14015.0,
PatientID_0273,MU,1,87.0,True,17628,94154.0,
PatientID_0274,MU,1,87.0,True,2680,22547.0,
PatientID_0274,MU,3,232.0,True,5278,26522.0,
PatientID_0275,MU,1,104.0,True,11862,27039.0,
PatientID_0275,MU,3,236.0,True,0,9836.0,
PatientID_0275,MU,6,319.0,True,0,20120.0,
Patient-001,LUMIERE,0,0.0,False,,,Pre-Op
Patient-001,LUMIERE,1,0.0,False,,,Post-Op
Patient-001,LUMIERE,2,308.0,False,,,SD
Patient-001,LUMIERE,3,392.0,False,,,PD
Patient-002,LUMIERE,0,0.0,False,,,Pre-Op
Patient-002,LUMIERE,1,21.0,False,,,Post-Op
Patient-002,LUMIERE,2,147.0,False,,,SD
Patient-002,LUMIERE,3,259.0,False,,,PD
Patient-002,LUMIERE,4,280.0,False,,,Post-Op
Patient-002,LUMIERE,5,329.0,False,,,PD
Patient-003,LUMIERE,0,0.0,False,,,Pre-Op
Patient-003,LUMIERE,1,0.0,False,,,Post-Op
Patient-003,LUMIERE,2,98.0,False,,,SD
Patient-003,LUMIERE,3,189.0,False,,,PD
Patient-003,LUMIERE,4,266.0,False,,,PD
Patient-004,LUMIERE,0,0.0,False,,,Pre-Op
Patient-004,LUMIERE,1,0.0,False,,,Post-Op
Patient-004,LUMIERE,2,140.0,False,,,PD
Patient-004,LUMIERE,3,266.0,False,,,PD
Patient-004,LUMIERE,4,287.0,False,,,Post-Op
Patient-004,LUMIERE,5,399.0,False,,,PD
Patient-004,LUMIERE,6,497.0,False,,,PR
Patient-004,LUMIERE,7,602.0,False,,,PD
Patient-005,LUMIERE,0,0.0,False,,,Pre-Op
Patient-005,LUMIERE,1,0.0,False,,,Post-Op
Patient-005,LUMIERE,2,105.0,False,,,SD
Patient-006,LUMIERE,0,0.0,False,,,Pre-Op
Patient-006,LUMIERE,1,7.0,False,,,Post-Op
Patient-006,LUMIERE,2,105.0,False,,,SD
Patient-006,LUMIERE,3,189.0,False,,,SD
Patient-006,LUMIERE,4,273.0,False,,,SD
Patient-006,LUMIERE,5,371.0,False,,,SD
Patient-006,LUMIERE,6,469.0,False,,,SD
Patient-006,LUMIERE,7,581.0,False,,,SD
Patient-006,LUMIERE,8,679.0,False,,,PD
Patient-006,LUMIERE,9,784.0,False,,,PD
Patient-006,LUMIERE,10,798.0,False,,,Post-Op
Patient-006,LUMIERE,11,847.0,False,,,SD
Patient-006,LUMIERE,12,917.0,False,,,PD
Patient-006,LUMIERE,13,945.0,False,,,PD
Patient-007,LUMIERE,0,0.0,False,,,Pre-Op
Patient-007,LUMIERE,1,7.0,False,,,Post-Op
Patient-007,LUMIERE,2,105.0,False,,,PD
Patient-007,LUMIERE,3,196.0,False,,,PD
Patient-007,LUMIERE,4,287.0,False,,,PD
Patient-007,LUMIERE,5,385.0,False,,,PD
Patient-007,LUMIERE,6,448.0,False,,,PD
Patient-007,LUMIERE,7,525.0,False,,,PD
Patient-007,LUMIERE,8,623.0,False,,,PD
Patient-007,LUMIERE,9,735.0,False,,,PD
Patient-008,LUMIERE,0,0.0,False,,,Pre-Op
Patient-008,LUMIERE,1,14.0,False,,,Post-Op
Patient-008,LUMIERE,2,119.0,False,,,PD
Patient-008,LUMIERE,3,462.0,False,,,PD
Patient-008,LUMIERE,4,595.0,False,,,PD
Patient-009,LUMIERE,0,0.0,False,,,Pre-Op
Patient-009,LUMIERE,1,0.0,False,,,Post-Op
Patient-009,LUMIERE,2,98.0,False,,,SD
Patient-009,LUMIERE,3,105.0,False,,,Post-Op
Patient-009,LUMIERE,4,168.0,False,,,CR
Patient-009,LUMIERE,5,182.0,False,,,PD
Patient-009,LUMIERE,6,462.0,False,,,PD
Patient-010,LUMIERE,0,0.0,False,,,Pre-Op
Patient-010,LUMIERE,1,7.0,False,,,Post-Op
Patient-010,LUMIERE,2,7.0,False,,,Post-Op
Patient-010,LUMIERE,3,14.0,False,,,Post-Op
Patient-010,LUMIERE,4,105.0,False,,,SD
Patient-011,LUMIERE,0,0.0,False,,,Pre-Op
Patient-011,LUMIERE,1,21.0,False,,,Post-Op
Patient-011,LUMIERE,2,147.0,False,,,SD
Patient-011,LUMIERE,3,168.0,False,,,Post-Op
Patient-011,LUMIERE,4,196.0,False,,,PD
Patient-012,LUMIERE,0,0.0,False,,,Pre-Op
Patient-012,LUMIERE,1,0.0,False,,,Post-Op
Patient-012,LUMIERE,2,112.0,False,,,SD
Patient-012,LUMIERE,3,154.0,False,,,Post-Op
Patient-012,LUMIERE,4,336.0,False,,,PD
Patient-012,LUMIERE,5,511.0,False,,,PD
Patient-012,LUMIERE,6,588.0,False,,,PD
Patient-013,LUMIERE,0,0.0,False,,,Pre-Op
Patient-013,LUMIERE,1,14.0,False,,,Post-Op
Patient-013,LUMIERE,2,119.0,False,,,SD
Patient-013,LUMIERE,3,210.0,False,,,PD
Patient-014,LUMIERE,0,0.0,False,,,Pre-Op
Patient-014,LUMIERE,1,7.0,False,,,Post-Op
Patient-014,LUMIERE,2,84.0,False,,,SD
Patient-015,LUMIERE,0,0.0,False,,,Pre-Op
Patient-015,LUMIERE,1,0.0,False,,,Post-Op
Patient-015,LUMIERE,2,147.0,False,,,CR
Patient-015,LUMIERE,3,259.0,False,,,CR
Patient-015,LUMIERE,4,392.0,False,,,PD
Patient-015,LUMIERE,5,546.0,False,,,PD
Patient-015,LUMIERE,6,581.0,False,,,PD
Patient-015,LUMIERE,7,588.0,False,,,Post-Op
Patient-015,LUMIERE,8,693.0,False,,,PD
Patient-015,LUMIERE,9,777.0,False,,,PD
Patient-015,LUMIERE,10,882.0,False,,,PD
Patient-015,LUMIERE,11,980.0,False,,,PD
Patient-015,LUMIERE,12,1015.0,False,,,PD
Patient-015,LUMIERE,13,1022.0,False,,,Post-Op
Patient-016,LUMIERE,0,0.0,False,,,Pre-Op
Patient-016,LUMIERE,1,0.0,False,,,Post-Op
Patient-017,LUMIERE,0,0.0,False,,,Pre-Op
Patient-017,LUMIERE,1,7.0,False,,,Post-Op
Patient-017,LUMIERE,2,112.0,False,,,SD
Patient-017,LUMIERE,3,245.0,False,,,PD
Patient-018,LUMIERE,0,0.0,False,,,Pre-Op
Patient-018,LUMIERE,1,21.0,False,,,Post-Op
Patient-018,LUMIERE,2,119.0,False,,,SD
Patient-018,LUMIERE,3,238.0,False,,,PD
Patient-018,LUMIERE,4,441.0,False,,,CR
Patient-018,LUMIERE,5,574.0,False,,,CR
Patient-019,LUMIERE,0,0.0,False,,,Pre-Op
Patient-019,LUMIERE,1,35.0,False,,,Post-Op
Patient-019,LUMIERE,2,105.0,False,,,SD
Patient-019,LUMIERE,3,154.0,False,,,SD
Patient-019,LUMIERE,4,217.0,False,,,PD
Patient-019,LUMIERE,5,385.0,False,,,PD
Patient-019,LUMIERE,6,427.0,False,,,PD
Patient-019,LUMIERE,7,525.0,False,,,PR
Patient-019,LUMIERE,8,630.0,False,,,PR
Patient-019,LUMIERE,9,819.0,False,,,PR
Patient-019,LUMIERE,10,959.0,False,,,PR
Patient-019,LUMIERE,11,966.0,False,,,PD
Patient-020,LUMIERE,0,0.0,False,,,Post-Op
Patient-020,LUMIERE,1,0.0,False,,,Pre-Op
Patient-021,LUMIERE,0,0.0,False,,,Pre-Op
Patient-021,LUMIERE,1,0.0,False,,,Post-Op
Patient-021,LUMIERE,2,154.0,False,,,PD
Patient-021,LUMIERE,3,245.0,False,,,PR
Patient-022,LUMIERE,0,0.0,False,,,Pre-Op
Patient-022,LUMIERE,1,7.0,False,,,Post-Op
Patient-022,LUMIERE,2,259.0,False,,,PD
Patient-022,LUMIERE,3,273.0,False,,,Post-Op
Patient-022,LUMIERE,4,315.0,False,,,PD
Patient-022,LUMIERE,5,371.0,False,,,PD
Patient-023,LUMIERE,0,0.0,False,,,Pre-Op
Patient-023,LUMIERE,1,7.0,False,,,Post-Op
Patient-023,LUMIERE,2,168.0,False,,,SD
Patient-023,LUMIERE,3,273.0,False,,,SD
Patient-023,LUMIERE,4,322.0,False,,,PD
Patient-023,LUMIERE,5,413.0,False,,,PD
Patient-023,LUMIERE,6,490.0,False,,,CR
Patient-023,LUMIERE,7,588.0,False,,,CR
Patient-023,LUMIERE,8,679.0,False,,,PD
Patient-023,LUMIERE,9,693.0,False,,,Post-Op
Patient-023,LUMIERE,10,777.0,False,,,PD
Patient-023,LUMIERE,11,805.0,False,,,PD
Patient-023,LUMIERE,12,812.0,False,,,Post-Op
Patient-023,LUMIERE,13,889.0,False,,,PD
Patient-024,LUMIERE,0,0.0,False,,,Pre-Op
Patient-024,LUMIERE,1,7.0,False,,,Post-Op
Patient-024,LUMIERE,2,105.0,False,,,PD
Patient-024,LUMIERE,3,217.0,False,,,PD
Patient-024,LUMIERE,4,301.0,False,,,PD
Patient-024,LUMIERE,5,420.0,False,,,PD
Patient-025,LUMIERE,0,0.0,False,,,Pre-Op
Patient-025,LUMIERE,1,14.0,False,,,Post-Op
Patient-025,LUMIERE,2,133.0,False,,,SD
Patient-025,LUMIERE,3,210.0,False,,,SD
Patient-025,LUMIERE,4,301.0,False,,,PD
Patient-025,LUMIERE,5,385.0,False,,,PD
Patient-025,LUMIERE,6,490.0,False,,,PD
Patient-026,LUMIERE,0,0.0,False,,,Pre-Op
Patient-026,LUMIERE,1,14.0,False,,,Post-Op
Patient-026,LUMIERE,2,483.0,False,,,
Patient-027,LUMIERE,0,0.0,False,,,Pre-Op
Patient-027,LUMIERE,1,0.0,False,,,Post-Op
Patient-027,LUMIERE,2,98.0,False,,,PD
Patient-028,LUMIERE,0,0.0,False,,,Pre-Op
Patient-028,LUMIERE,1,0.0,False,,,Post-Op 
Patient-028,LUMIERE,2,105.0,False,,,PD
Patient-028,LUMIERE,3,210.0,False,,,PD
Patient-028,LUMIERE,4,266.0,False,,,PD
Patient-028,LUMIERE,5,322.0,False,,,PD
Patient-029,LUMIERE,0,0.0,False,,,Pre-Op
Patient-029,LUMIERE,1,0.0,False,,,Post-Op
Patient-029,LUMIERE,2,70.0,False,,,PR
Patient-029,LUMIERE,3,154.0,False,,,PR
Patient-029,LUMIERE,4,231.0,False,,,CR
Patient-029,LUMIERE,5,315.0,False,,,CR
Patient-029,LUMIERE,6,413.0,False,,,CR
Patient-029,LUMIERE,7,700.0,False,,,CR
Patient-029,LUMIERE,8,784.0,False,,,CR
Patient-029,LUMIERE,9,1064.0,False,,,CR
Patient-029,LUMIERE,10,1155.0,False,,,CR
Patient-029,LUMIERE,11,1449.0,False,,,CR
Patient-029,LUMIERE,12,1561.0,False,,,PD
Patient-029,LUMIERE,13,1680.0,False,,,PD
Patient-030,LUMIERE,0,0.0,False,,,Pre-Op
Patient-030,LUMIERE,1,7.0,False,,,Post-Op
Patient-030,LUMIERE,2,119.0,False,,,SD
Patient-030,LUMIERE,3,175.0,False,,,SD
Patient-030,LUMIERE,4,287.0,False,,,PD
Patient-030,LUMIERE,5,364.0,False,,,PD
Patient-030,LUMIERE,6,469.0,False,,,PR
Patient-030,LUMIERE,7,595.0,False,,,PD
Patient-031,LUMIERE,0,0.0,False,,,Pre-Op
Patient-031,LUMIERE,1,14.0,False,,,Post-Op
Patient-031,LUMIERE,2,105.0,False,,,SD
Patient-031,LUMIERE,3,126.0,False,,,Post-Op
Patient-031,LUMIERE,4,224.0,False,,,CR
Patient-031,LUMIERE,5,322.0,False,,,CR
Patient-031,LUMIERE,6,413.0,False,,,CR
Patient-031,LUMIERE,7,518.0,False,,,CR
Patient-031,LUMIERE,8,609.0,False,,,CR
Patient-031,LUMIERE,9,735.0,False,,,CR
Patient-031,LUMIERE,10,861.0,False,,,CR
Patient-031,LUMIERE,11,994.0,False,,,PD
Patient-031,LUMIERE,12,1036.0,False,,,Post-Op
Patient-031,LUMIERE,13,1057.0,False,,,PD
Patient-031,LUMIERE,14,1155.0,False,,,PD
Patient-031,LUMIERE,15,1190.0,False,,,Post-Op
Patient-031,LUMIERE,16,1288.0,False,,,PD
Patient-031,LUMIERE,17,1330.0,False,,,PD
Patient-032,LUMIERE,0,0.0,False,,,Pre-Op
Patient-032,LUMIERE,1,0.0,False,,,Post-Op
Patient-032,LUMIERE,2,91.0,False,,,CR
Patient-032,LUMIERE,3,189.0,False,,,CR
Patient-032,LUMIERE,4,280.0,False,,,CR
Patient-032,LUMIERE,5,308.0,False,,,PD
Patient-032,LUMIERE,6,322.0,False,,,Post-Op
Patient-032,LUMIERE,7,385.0,False,,,PD
Patient-032,LUMIERE,8,469.0,False,,,PD
Patient-032,LUMIERE,9,483.0,False,,,Post-Op
Patient-032,LUMIERE,10,525.0,False,,,PD
Patient-032,LUMIERE,11,595.0,False,,,CR
Patient-032,LUMIERE,12,672.0,False,,,PD
Patient-033,LUMIERE,0,0.0,False,,,Pre-Op
Patient-033,LUMIERE,1,14.0,False,,,Post-Op
Patient-033,LUMIERE,2,42.0,False,,,SD
Patient-033,LUMIERE,3,77.0,False,,,PD
Patient-033,LUMIERE,4,217.0,False,,,PD
Patient-033,LUMIERE,5,343.0,False,,,PD
Patient-033,LUMIERE,6,441.0,False,,,PD
Patient-033,LUMIERE,7,532.0,False,,,PD
Patient-033,LUMIERE,8,588.0,False,,,PD
Patient-033,LUMIERE,9,616.0,False,,,PD
Patient-034,LUMIERE,0,0.0,False,,,Pre-Op
Patient-034,LUMIERE,1,0.0,False,,,Post-Op
Patient-034,LUMIERE,2,98.0,False,,,SD
Patient-034,LUMIERE,3,196.0,False,,,PD
Patient-034,LUMIERE,4,280.0,False,,,PD
Patient-034,LUMIERE,5,308.0,False,,,Post-Op
Patient-034,LUMIERE,6,406.0,False,,,PD
Patient-035,LUMIERE,0,0.0,False,,,Pre-Op
Patient-035,LUMIERE,1,0.0,False,,,Post-Op
Patient-035,LUMIERE,2,56.0,False,,,SD
Patient-035,LUMIERE,3,133.0,False,,,SD
Patient-035,LUMIERE,4,168.0,False,,,PD
Patient-035,LUMIERE,5,252.0,False,,,PD
Patient-035,LUMIERE,6,350.0,False,,,PD
Patient-036,LUMIERE,0,0.0,False,,,Pre-Op
Patient-036,LUMIERE,1,14.0,False,,,Post-Op
Patient-036,LUMIERE,2,35.0,False,,,SD
Patient-037,LUMIERE,0,0.0,False,,,Pre-Op
Patient-037,LUMIERE,1,0.0,False,,,Post-Op
Patient-037,LUMIERE,2,14.0,False,,,SD
Patient-037,LUMIERE,3,105.0,False,,,SD
Patient-037,LUMIERE,4,175.0,False,,,SD
Patient-037,LUMIERE,5,203.0,False,,,PD
Patient-037,LUMIERE,6,259.0,False,,,PD
Patient-037,LUMIERE,7,343.0,False,,,PD
Patient-038,LUMIERE,0,0.0,False,,,Pre-Op
Patient-038,LUMIERE,1,14.0,False,,,Post-Op
Patient-038,LUMIERE,2,161.0,False,,,PD
Patient-039,LUMIERE,0,0.0,False,,,Pre-Op
Patient-039,LUMIERE,1,0.0,False,,,Post-Op
Patient-039,LUMIERE,2,119.0,False,,,SD
Patient-039,LUMIERE,3,308.0,False,,,PD
Patient-040,LUMIERE,0,0.0,False,,,Pre-Op
Patient-040,LUMIERE,1,7.0,False,,,Post-Op
Patient-040,LUMIERE,2,105.0,False,,,SD
Patient-040,LUMIERE,3,196.0,False,,,PD
Patient-041,LUMIERE,0,0.0,False,,,Pre-Op
Patient-041,LUMIERE,1,14.0,False,,,Post-Op
Patient-041,LUMIERE,2,140.0,False,,,SD
Patient-041,LUMIERE,3,266.0,False,,,PD
Patient-041,LUMIERE,4,357.0,False,,,PD
Patient-042,LUMIERE,0,0.0,False,,,Pre-Op
Patient-042,LUMIERE,1,0.0,False,,,Post-Op
Patient-042,LUMIERE,2,28.0,False,,,SD
Patient-042,LUMIERE,3,70.0,False,,,SD
Patient-042,LUMIERE,4,70.0,False,,,PD
Patient-042,LUMIERE,5,154.0,False,,,SD
Patient-042,LUMIERE,6,245.0,False,,,SD
Patient-042,LUMIERE,7,385.0,False,,,PD
Patient-042,LUMIERE,8,420.0,False,,,PD
Patient-042,LUMIERE,9,427.0,False,,,PD
Patient-042,LUMIERE,10,427.0,False,,,Post-Op
Patient-042,LUMIERE,11,546.0,False,,,PD
Patient-042,LUMIERE,12,567.0,False,,,PD
Patient-042,LUMIERE,13,574.0,False,,,Post-Op
Patient-043,LUMIERE,0,0.0,False,,,Pre-Op
Patient-043,LUMIERE,1,126.0,False,,,SD
Patient-043,LUMIERE,2,210.0,False,,,SD
Patient-043,LUMIERE,3,287.0,False,,,SD
Patient-043,LUMIERE,4,371.0,False,,,SD
Patient-043,LUMIERE,5,469.0,False,,,PD
Patient-043,LUMIERE,6,490.0,False,,,Post-Op
Patient-043,LUMIERE,7,588.0,False,,,PD
Patient-043,LUMIERE,8,686.0,False,,,PD
Patient-043,LUMIERE,9,742.0,False,,,Post-Op
Patient-043,LUMIERE,10,742.0,False,,,PD
Patient-043,LUMIERE,11,812.0,False,,,PD
Patient-044,LUMIERE,0,0.0,False,,,Pre-Op
Patient-044,LUMIERE,1,0.0,False,,,Post-Op
Patient-045,LUMIERE,0,0.0,False,,,Pre-Op
Patient-045,LUMIERE,1,0.0,False,,,Post-Op
Patient-045,LUMIERE,2,119.0,False,,,SD
Patient-045,LUMIERE,3,196.0,False,,,PD
Patient-046,LUMIERE,0,0.0,False,,,Pre-Op
Patient-046,LUMIERE,1,7.0,False,,,Post-Op
Patient-046,LUMIERE,2,112.0,False,,,SD
Patient-046,LUMIERE,3,448.0,False,,,PD
Patient-047,LUMIERE,0,0.0,False,,,Pre-Op
Patient-047,LUMIERE,1,0.0,False,,,Post-Op
Patient-048,LUMIERE,0,0.0,False,,,Pre-Op
Patient-048,LUMIERE,1,0.0,False,,,Post-Op
Patient-048,LUMIERE,2,91.0,False,,,SD
Patient-048,LUMIERE,3,161.0,False,,,CR
Patient-048,LUMIERE,4,315.0,False,,,PD
Patient-048,LUMIERE,5,343.0,False,,,PD
Patient-049,LUMIERE,0,0.0,False,,,Pre-Op
Patient-049,LUMIERE,1,21.0,False,,,Post-Op
Patient-049,LUMIERE,2,133.0,False,,,SD
Patient-049,LUMIERE,3,203.0,False,,,PD
Patient-049,LUMIERE,4,322.0,False,,,PD
Patient-050,LUMIERE,0,0.0,False,,,Pre-Op
Patient-050,LUMIERE,1,7.0,False,,,Post-Op
Patient-050,LUMIERE,2,336.0,False,,,PD
Patient-050,LUMIERE,3,357.0,False,,,Post-Op
Patient-050,LUMIERE,4,427.0,False,,,PD
Patient-051,LUMIERE,0,0.0,False,,,Pre-Op
Patient-051,LUMIERE,1,0.0,False,,,Post-Op
Patient-051,LUMIERE,2,84.0,False,,,SD
Patient-051,LUMIERE,3,161.0,False,,,PD
Patient-051,LUMIERE,4,252.0,False,,,PD
Patient-051,LUMIERE,5,350.0,False,,,PD
Patient-051,LUMIERE,6,448.0,False,,,PD
Patient-051,LUMIERE,7,539.0,False,,,PD
Patient-051,LUMIERE,8,623.0,False,,,PD
Patient-051,LUMIERE,9,721.0,False,,,PD
Patient-052,LUMIERE,0,0.0,False,,,Pre-Op
Patient-052,LUMIERE,1,14.0,False,,,Post-Op
Patient-052,LUMIERE,2,623.0,False,,,PD
Patient-052,LUMIERE,3,805.0,False,,,PD
Patient-052,LUMIERE,4,833.0,False,,,Post-Op
Patient-052,LUMIERE,5,931.0,False,,,PD
Patient-052,LUMIERE,6,1036.0,False,,,PD
Patient-052,LUMIERE,7,1176.0,False,,,PD
Patient-053,LUMIERE,0,0.0,False,,,Pre-Op
Patient-053,LUMIERE,1,0.0,False,,,Post-Op
Patient-054,LUMIERE,0,0.0,False,,,Pre-Op
Patient-054,LUMIERE,1,14.0,False,,,Post-Op
Patient-054,LUMIERE,2,98.0,False,,,SD
Patient-054,LUMIERE,3,182.0,False,,,PD
Patient-054,LUMIERE,4,196.0,False,,,Post-Op
Patient-054,LUMIERE,5,252.0,False,,,SD
Patient-054,LUMIERE,6,301.0,False,,,PD
Patient-054,LUMIERE,7,371.0,False,,,PD
Patient-054,LUMIERE,8,462.0,False,,,PR
Patient-054,LUMIERE,9,539.0,False,,,PD
Patient-055,LUMIERE,0,0.0,False,,,Pre-Op
Patient-055,LUMIERE,1,0.0,False,,,Post-Op
Patient-055,LUMIERE,2,119.0,False,,,SD
Patient-055,LUMIERE,3,273.0,False,,,PD
Patient-055,LUMIERE,4,378.0,False,,,PD
Patient-055,LUMIERE,5,469.0,False,,,PD
Patient-055,LUMIERE,6,588.0,False,,,PD
Patient-055,LUMIERE,7,693.0,False,,,PD
Patient-055,LUMIERE,8,826.0,False,,,PD
Patient-056,LUMIERE,0,0.0,False,,,Pre-Op
Patient-056,LUMIERE,1,0.0,False,,,Post-Op
Patient-057,LUMIERE,0,0.0,False,,,Pre-Op
Patient-057,LUMIERE,1,0.0,False,,,Post-Op
Patient-058,LUMIERE,0,0.0,False,,,Pre-Op
Patient-058,LUMIERE,1,14.0,False,,,Post-Op
Patient-058,LUMIERE,2,105.0,False,,,PD
Patient-058,LUMIERE,3,189.0,False,,,PR
Patient-058,LUMIERE,4,252.0,False,,,PR
Patient-059,LUMIERE,0,0.0,False,,,Pre-Op
Patient-059,LUMIERE,1,7.0,False,,,Post-Op
Patient-059,LUMIERE,2,98.0,False,,,PD
Patient-059,LUMIERE,3,168.0,False,,,PD
Patient-059,LUMIERE,4,280.0,False,,,PD
Patient-059,LUMIERE,5,385.0,False,,,PR
Patient-059,LUMIERE,6,476.0,False,,,PD
Patient-059,LUMIERE,7,588.0,False,,,PD
Patient-059,LUMIERE,8,700.0,False,,,PR
Patient-059,LUMIERE,9,812.0,False,,,PR
Patient-059,LUMIERE,10,952.0,False,,,PD
Patient-059,LUMIERE,11,1036.0,False,,,PD
Patient-060,LUMIERE,0,0.0,False,,,Pre-Op
Patient-060,LUMIERE,1,7.0,False,,,Post-Op
Patient-060,LUMIERE,2,217.0,False,,,SD
Patient-060,LUMIERE,3,364.0,False,,,SD
Patient-060,LUMIERE,4,455.0,False,,,PD
Patient-060,LUMIERE,5,483.0,False,,,Pre-Op
Patient-060,LUMIERE,6,490.0,False,,,Post-Op
Patient-060,LUMIERE,7,616.0,False,,,PD
Patient-061,LUMIERE,0,0.0,False,,,Pre-Op
Patient-061,LUMIERE,1,0.0,False,,,Post-Op
Patient-061,LUMIERE,2,154.0,False,,,PD
Patient-061,LUMIERE,3,189.0,False,,,PD
Patient-061,LUMIERE,4,238.0,False,,,PD
Patient-061,LUMIERE,5,378.0,False,,,PD
Patient-062,LUMIERE,0,0.0,False,,,Pre-Op
Patient-062,LUMIERE,1,0.0,False,,,Post-Op
Patient-062,LUMIERE,2,105.0,False,,,SD
Patient-062,LUMIERE,3,210.0,False,,,SD
Patient-062,LUMIERE,4,294.0,False,,,SD
Patient-062,LUMIERE,5,350.0,False,,,PD
Patient-062,LUMIERE,6,399.0,False,,,PD
Patient-062,LUMIERE,7,448.0,False,,,PD
Patient-063,LUMIERE,0,0.0,False,,,Pre-Op
Patient-063,LUMIERE,1,14.0,False,,,Post-Op
Patient-063,LUMIERE,2,105.0,False,,,SD
Patient-063,LUMIERE,3,238.0,False,,,SD
Patient-063,LUMIERE,4,329.0,False,,,SD
Patient-063,LUMIERE,5,539.0,False,,,SD
Patient-063,LUMIERE,6,637.0,False,,,SD
Patient-063,LUMIERE,7,735.0,False,,,SD
Patient-063,LUMIERE,8,826.0,False,,,PD
Patient-063,LUMIERE,9,910.0,False,,,PD
Patient-063,LUMIERE,10,1176.0,False,,,PD
Patient-063,LUMIERE,11,1246.0,False,,,PD
Patient-064,LUMIERE,0,0.0,False,,,Pre-Op
Patient-064,LUMIERE,1,14.0,False,,,Post-Op
Patient-064,LUMIERE,2,140.0,False,,,SD
Patient-064,LUMIERE,3,231.0,False,,,PD
Patient-064,LUMIERE,4,343.0,False,,,SD
Patient-064,LUMIERE,5,434.0,False,,,PD
Patient-065,LUMIERE,0,0.0,False,,,Pre-Op
Patient-065,LUMIERE,1,0.0,False,,,Post-Op
Patient-065,LUMIERE,2,98.0,False,,,SD
Patient-065,LUMIERE,3,147.0,False,,,PD
Patient-065,LUMIERE,4,175.0,False,,,Post-Op
Patient-065,LUMIERE,5,203.0,False,,,PD
Patient-065,LUMIERE,6,553.0,False,,,PD
Patient-065,LUMIERE,7,714.0,False,,,PD
Patient-066,LUMIERE,0,0.0,False,,,Pre-Op
Patient-066,LUMIERE,1,7.0,False,,,Post-Op
Patient-066,LUMIERE,2,112.0,False,,,SD
Patient-066,LUMIERE,3,217.0,False,,,PD
Patient-066,LUMIERE,4,322.0,False,,,PD
Patient-066,LUMIERE,5,350.0,False,,,Post-Op
Patient-066,LUMIERE,6,476.0,False,,,PD
Patient-066,LUMIERE,7,588.0,False,,,PD
Patient-066,LUMIERE,8,707.0,False,,,PD
Patient-066,LUMIERE,9,896.0,False,,,PD
Patient-067,LUMIERE,0,0.0,False,,,Pre-Op
Patient-067,LUMIERE,1,0.0,False,,,Post-Op
Patient-067,LUMIERE,2,91.0,False,,,PD
Patient-067,LUMIERE,3,133.0,False,,,PD
Patient-067,LUMIERE,4,133.0,False,,,Post-Op
Patient-067,LUMIERE,5,231.0,False,,,PD
Patient-067,LUMIERE,6,294.0,False,,,PD
Patient-067,LUMIERE,7,371.0,False,,,PD
Patient-067,LUMIERE,8,413.0,False,,,Post-Op
Patient-067,LUMIERE,9,476.0,False,,,SD
Patient-067,LUMIERE,10,511.0,False,,,SD
Patient-067,LUMIERE,11,539.0,False,,,SD
Patient-067,LUMIERE,12,553.0,False,,,SD
Patient-067,LUMIERE,13,644.0,False,,,SD
Patient-067,LUMIERE,14,763.0,False,,,PD
Patient-067,LUMIERE,15,868.0,False,,,PD
Patient-067,LUMIERE,16,952.0,False,,,PD
Patient-067,LUMIERE,17,1064.0,False,,,PD
Patient-067,LUMIERE,18,1092.0,False,,,PD
Patient-067,LUMIERE,19,1099.0,False,,,Post-Op
Patient-067,LUMIERE,20,1169.0,False,,,PD
Patient-068,LUMIERE,0,0.0,False,,,Post-Op
Patient-068,LUMIERE,1,0.0,False,,,Pre-Op
Patient-068,LUMIERE,2,28.0,False,,,PD
Patient-068,LUMIERE,3,70.0,False,,,PR
Patient-068,LUMIERE,4,154.0,False,,,PR
Patient-068,LUMIERE,5,245.0,False,,,PD
Patient-068,LUMIERE,6,329.0,False,,,PD
Patient-069,LUMIERE,0,0.0,False,,,Pre-Op
Patient-069,LUMIERE,1,7.0,False,,,Post-Op
Patient-070,LUMIERE,0,0.0,False,,,Pre-Op
Patient-070,LUMIERE,1,28.0,False,,,Post-Op
Patient-070,LUMIERE,2,35.0,False,,,SD
Patient-070,LUMIERE,3,133.0,False,,,SD
Patient-070,LUMIERE,4,308.0,False,,,PD
Patient-070,LUMIERE,5,427.0,False,,,PD
Patient-071,LUMIERE,0,0.0,False,,,Pre-Op
Patient-071,LUMIERE,1,0.0,False,,,Post-Op
Patient-071,LUMIERE,2,168.0,False,,,PD
Patient-071,LUMIERE,3,189.0,False,,,PD
Patient-071,LUMIERE,4,259.0,False,,,PD
Patient-071,LUMIERE,5,364.0,False,,,PD
Patient-071,LUMIERE,6,406.0,False,,,PD
Patient-071,LUMIERE,7,434.0,False,,,PD
Patient-072,LUMIERE,0,0.0,False,,,Pre-Op
Patient-072,LUMIERE,1,0.0,False,,,Post-Op
Patient-072,LUMIERE,2,91.0,False,,,SD
Patient-072,LUMIERE,3,147.0,False,,,PD
Patient-072,LUMIERE,4,203.0,False,,,PD
Patient-072,LUMIERE,5,259.0,False,,,PR
Patient-072,LUMIERE,6,322.0,False,,,PD
Patient-072,LUMIERE,7,385.0,False,,,PD
Patient-072,LUMIERE,8,448.0,False,,,PD
Patient-072,LUMIERE,9,511.0,False,,,PD
Patient-072,LUMIERE,10,546.0,False,,,PD
Patient-072,LUMIERE,11,630.0,False,,,PD
Patient-072,LUMIERE,12,735.0,False,,,PD
Patient-073,LUMIERE,0,0.0,False,,,Pre-Op
Patient-073,LUMIERE,1,7.0,False,,,Post-Op
Patient-073,LUMIERE,2,105.0,False,,,SD
Patient-073,LUMIERE,3,224.0,False,,,SD
Patient-073,LUMIERE,4,322.0,False,,,SD
Patient-073,LUMIERE,5,420.0,False,,,SD
Patient-073,LUMIERE,6,609.0,False,,,PD
Patient-073,LUMIERE,7,700.0,False,,,PD
Patient-073,LUMIERE,8,833.0,False,,,PD
Patient-073,LUMIERE,9,945.0,False,,,SD
Patient-073,LUMIERE,10,1085.0,False,,,SD
Patient-073,LUMIERE,11,1183.0,False,,,SD
Patient-073,LUMIERE,12,1302.0,False,,,SD
Patient-073,LUMIERE,13,1414.0,False,,,SD
Patient-073,LUMIERE,14,1512.0,False,,,PD
Patient-073,LUMIERE,15,1596.0,False,,,PD
Patient-073,LUMIERE,16,1694.0,False,,,PD
Patient-074,LUMIERE,0,0.0,False,,,Pre-Op
Patient-074,LUMIERE,1,0.0,False,,,Post-Op
Patient-074,LUMIERE,2,77.0,False,,,SD
Patient-074,LUMIERE,3,182.0,False,,,PD
Patient-074,LUMIERE,4,273.0,False,,,PD
Patient-075,LUMIERE,0,0.0,False,,,Pre-Op
Patient-075,LUMIERE,1,14.0,False,,,Post-Op
Patient-075,LUMIERE,2,140.0,False,,,SD
Patient-075,LUMIERE,3,224.0,False,,,PD
Patient-075,LUMIERE,4,308.0,False,,,PR
Patient-076,LUMIERE,0,0.0,False,,,Pre-Op
Patient-076,LUMIERE,1,7.0,False,,,Post-Op
Patient-077,LUMIERE,0,0.0,False,,,Pre-Op
Patient-077,LUMIERE,1,7.0,False,,,Post-Op
Patient-077,LUMIERE,2,98.0,False,,,SD
Patient-077,LUMIERE,3,182.0,False,,,PD
Patient-077,LUMIERE,4,336.0,False,,,PD
Patient-077,LUMIERE,5,434.0,False,,,PD
Patient-077,LUMIERE,6,490.0,False,,,PD
Patient-077,LUMIERE,7,581.0,False,,,PD
Patient-078,LUMIERE,0,0.0,False,,,Pre-Op
Patient-078,LUMIERE,1,7.0,False,,,Post-Op
Patient-078,LUMIERE,2,35.0,False,,,SD
Patient-078,LUMIERE,3,133.0,False,,,SD
Patient-078,LUMIERE,4,203.0,False,,,PD
Patient-078,LUMIERE,5,259.0,False,,,PD
Patient-078,LUMIERE,6,273.0,False,,,PD
Patient-078,LUMIERE,7,287.0,False,,,PD
Patient-078,LUMIERE,8,315.0,False,,,PD
Patient-078,LUMIERE,9,392.0,False,,,PD
Patient-078,LUMIERE,10,434.0,False,,,PD
Patient-078,LUMIERE,11,532.0,False,,,PD
Patient-078,LUMIERE,12,616.0,False,,,PD
Patient-078,LUMIERE,13,742.0,False,,,PR
Patient-078,LUMIERE,14,791.0,False,,,PD
Patient-078,LUMIERE,15,812.0,False,,,PD
Patient-078,LUMIERE,16,833.0,False,,,PD
Patient-079,LUMIERE,0,0.0,False,,,Pre-Op
Patient-079,LUMIERE,1,98.0,False,,,PD
Patient-079,LUMIERE,2,371.0,False,,,Post-Op
Patient-080,LUMIERE,0,0.0,False,,,Pre-Op
Patient-080,LUMIERE,1,7.0,False,,,Post-Op
Patient-080,LUMIERE,2,126.0,False,,,SD
Patient-081,LUMIERE,0,0.0,False,,,Pre-Op
Patient-081,LUMIERE,1,0.0,False,,,Post-Op
Patient-081,LUMIERE,2,42.0,False,,,PD
Patient-082,LUMIERE,0,0.0,False,,,Pre-Op
Patient-082,LUMIERE,1,0.0,False,,,Post-Op
Patient-082,LUMIERE,2,21.0,False,,,SD
Patient-082,LUMIERE,3,294.0,False,,,PD
Patient-083,LUMIERE,0,0.0,False,,,Pre-Op
Patient-083,LUMIERE,1,14.0,False,,,Post-Op 
Patient-083,LUMIERE,2,154.0,False,,,
Patient-084,LUMIERE,0,0.0,False,,,Pre-Op
Patient-084,LUMIERE,1,0.0,False,,,Post-Op
Patient-084,LUMIERE,2,84.0,False,,,SD
Patient-085,LUMIERE,0,0.0,False,,,Pre-Op
Patient-085,LUMIERE,1,0.0,False,,,Post-Op
Patient-085,LUMIERE,2,7.0,False,,,Post-Op
Patient-085,LUMIERE,3,126.0,False,,,PD
Patient-085,LUMIERE,4,294.0,False,,,PD
Patient-085,LUMIERE,5,350.0,False,,,PD
Patient-086,LUMIERE,0,0.0,False,,,Pre-Op
Patient-086,LUMIERE,1,7.0,False,,,Post-Op
Patient-086,LUMIERE,2,1211.0,False,,,PD
Patient-086,LUMIERE,3,1211.0,False,,,Post-Op
Patient-086,LUMIERE,4,1267.0,False,,,PD
Patient-087,LUMIERE,0,0.0,False,,,Pre-Op
Patient-087,LUMIERE,1,0.0,False,,,Post-Op
Patient-087,LUMIERE,2,168.0,False,,,PD
Patient-087,LUMIERE,3,273.0,False,,,PD
Patient-088,LUMIERE,0,0.0,False,,,Pre-Op
Patient-088,LUMIERE,1,0.0,False,,,Post-Op
Patient-089,LUMIERE,0,0.0,False,,,Pre-Op
Patient-089,LUMIERE,1,0.0,False,,,Post-Op
Patient-089,LUMIERE,2,91.0,False,,,SD
Patient-089,LUMIERE,3,182.0,False,,,SD
Patient-089,LUMIERE,4,273.0,False,,,PD
Patient-089,LUMIERE,5,315.0,False,,,PD
Patient-089,LUMIERE,6,322.0,False,,,Post-Op/PD
Patient-089,LUMIERE,7,392.0,False,,,PD
Patient-089,LUMIERE,8,448.0,False,,,PD
Patient-090,LUMIERE,0,0.0,False,,,Pre-Op
Patient-090,LUMIERE,1,0.0,False,,,Post-Op
Patient-090,LUMIERE,2,203.0,False,,,PD
Patient-091,LUMIERE,0,0.0,False,,,Pre-Op
Patient-091,LUMIERE,1,7.0,False,,,Post-Op 
Patient-091,LUMIERE,2,98.0,False,,,PD
Patient-091,LUMIERE,3,182.0,False,,,PD
Patient-091,LUMIERE,4,252.0,False,,,PD
Patient-091,LUMIERE,5,301.0,False,,,PD
