patient_id,fold
PatientID_0003,0
PatientID_0004,2
PatientID_0005,2
PatientID_0006,1
PatientID_0007,3
PatientID_0008,1
PatientID_0009,3
PatientID_0010,2
PatientID_0011,4
PatientID_0012,3
PatientID_0013,1
PatientID_0014,1
PatientID_0015,0
PatientID_0018,0
PatientID_0019,0
PatientID_0020,0
PatientID_0021,4
PatientID_0022,3
PatientID_0023,2
PatientID_0024,4
PatientID_0025,0
PatientID_0026,1
PatientID_0027,0
PatientID_0029,1
PatientID_0030,2
PatientID_0031,1
PatientID_0032,4
PatientID_0033,4
PatientID_0034,3
PatientID_0035,3
PatientID_0036,3
PatientID_0037,1
PatientID_0038,4
PatientID_0039,4
PatientID_0040,0
PatientID_0041,0
PatientID_0042,1
PatientID_0043,0
PatientID_0044,1
PatientID_0045,4
PatientID_0046,1
PatientID_0047,2
PatientID_0049,1
PatientID_0051,2
PatientID_0052,4
PatientID_0053,3
PatientID_0054,3
PatientID_0055,4
PatientID_0056,4
PatientID_0057,1
PatientID_0058,1
PatientID_0059,4
PatientID_0060,2
PatientID_0061,2
PatientID_0062,3
PatientID_0063,0
PatientID_0064,2
PatientID_0065,3
PatientID_0066,1
PatientID_0067,0
PatientID_0068,1
PatientID_0069,3
PatientID_0070,0
PatientID_0071,0
PatientID_0072,3
PatientID_0073,0
PatientID_0074,4
PatientID_0076,2
PatientID_0077,1
PatientID_0078,1
PatientID_0079,0
PatientID_0080,2
PatientID_0081,2
PatientID_0082,2
PatientID_0083,2
PatientID_0084,2
PatientID_0085,2
PatientID_0086,1
PatientID_0087,1
PatientID_0088,3
PatientID_0089,3
PatientID_0090,0
PatientID_0091,3
PatientID_0092,4
PatientID_0093,3
PatientID_0094,4
PatientID_0095,1
PatientID_0097,3
PatientID_0099,1
PatientID_0101,0
PatientID_0103,2
PatientID_0105,4
PatientID_0106,4
PatientID_0108,3
PatientID_0109,4
PatientID_0110,4
PatientID_0111,0
PatientID_0112,2
PatientID_0113,2
PatientID_0114,0
PatientID_0115,4
PatientID_0116,0
PatientID_0117,1
PatientID_0118,2
PatientID_0120,3
PatientID_0121,1
PatientID_0123,4
PatientID_0124,2
PatientID_0125,1
PatientID_0126,0
PatientID_0130,3
PatientID_0132,2
PatientID_0133,1
PatientID_0135,3
PatientID_0136,2
PatientID_0138,3
PatientID_0139,0
PatientID_0140,1
PatientID_0141,3
PatientID_0142,0
PatientID_0143,3
PatientID_0144,0
PatientID_0145,4
PatientID_0147,0
PatientID_0148,0
PatientID_0149,2
PatientID_0150,1
PatientID_0151,3
PatientID_0152,2
PatientID_0155,4
PatientID_0156,0
PatientID_0157,2
PatientID_0158,2
PatientID_0159,1
PatientID_0160,3
PatientID_0161,4
PatientID_0162,2
PatientID_0164,1
PatientID_0165,4
PatientID_0168,0
PatientID_0169,2
PatientID_0170,0
PatientID_0171,0
PatientID_0173,2
PatientID_0174,2
PatientID_0186,0
PatientID_0187,3
PatientID_0188,1
PatientID_0189,1
PatientID_0191,0
PatientID_0192,4
PatientID_0195,0
PatientID_0196,1
PatientID_0197,3
PatientID_0198,3
PatientID_0199,1
PatientID_0200,1
PatientID_0201,4
PatientID_0202,1
PatientID_0203,4
PatientID_0204,2
PatientID_0205,4
PatientID_0206,0
PatientID_0207,3
PatientID_0208,3
PatientID_0209,3
PatientID_0210,4
PatientID_0211,3
PatientID_0212,0
PatientID_0213,3
PatientID_0214,1
PatientID_0215,2
PatientID_0216,1
PatientID_0220,4
PatientID_0235,4
PatientID_0236,0
PatientID_0237,3
PatientID_0238,3
PatientID_0239,4
PatientID_0240,0
PatientID_0242,2
PatientID_0244,4
PatientID_0249,2
PatientID_0250,3
PatientID_0251,0
PatientID_0252,1
PatientID_0254,0
PatientID_0255,0
PatientID_0256,4
PatientID_0258,3
PatientID_0259,2
PatientID_0260,4
PatientID_0261,4
PatientID_0264,4
PatientID_0265,1
PatientID_0267,4
PatientID_0268,2
PatientID_0270,3
PatientID_0271,1
PatientID_0272,1
PatientID_0273,1
PatientID_0274,4
PatientID_0275,1
